"Dataset_ID","Latitude","Longitude","Biome_3.75degree","Simulation","Agreement"
7,47,-80.1167,3,3,"yes"
8,33.95639,-119.977,6,6,"yes"
9,43.30556,41.33333,3,3,"yes"
12,55.93448,13.42774,3,3,"yes"
15,-23.8333,-65.75,6,7,"no"
16,53.694,8.729075,3,3,"yes"
20,69.12326,27.67406,4,4,"yes"
32,-15.2333,-68.9833,1,3,"no"
200,43.26806,41.30833,3,3,"yes"
203,36.03,-85.5,3,6,"no"
206,64.64,-128.08,4,4,"yes"
208,67.13,-153.9,4,8,"no"
209,47.48,-70.68,3,3,"yes"
210,43.5,-105.45,6,3,"no"
219,45.54,-73.31,3,3,"yes"
221,45.39,-79.5,3,3,"yes"
224,78.49167,-76.78,8,8,"yes"
232,30.63,-83.25,3,2,"no"
234,37.6,-119.01,6,6,"yes"
236,47.23,-79.78,3,3,"yes"
238,46.4,-78.9167,3,3,"yes"
239,45.8,-122.49,3,3,"yes"
250,37.47311,-108.16,3,6,"no"
252,-36.5167,149.5,3,6,"no"
253,65.01667,-127.483,4,4,"yes"
254,65.02,-127.47,4,4,"yes"
258,54.04722,-76.1203,4,4,"yes"
260,42.51,-73.32,3,3,"yes"
261,67.66667,135.5833,4,8,"no"
267,71.76,-124.24,8,8,"yes"
269,73.53444,-120.209,8,8,"yes"
272,47.55918,-94.9708,3,3,"yes"
275,46.27058,-94.5516,3,3,"yes"
278,35.62,-84.19,3,6,"no"
279,44.95611,-110.601,6,3,"no"
281,33.56333,-88.4744,3,2,"no"
285,-36.4,148.31,3,6,"no"
287,43.08333,-89.8667,3,3,"yes"
294,-27.7,-49.15,5,2,"no"
298,47.1775,-95.1627,3,3,"yes"
302,55.575,-119.433,4,6,"no"
303,55.33333,-63.2,4,4,"yes"
304,30.36,-97.1261,3,6,"no"
307,55.25,-67.4,4,4,"yes"
308,45.56,-70.68,3,3,"yes"
309,43.91667,-74.6833,3,3,"yes"
311,54.36,-70.35,4,4,"yes"
312,43.22,-81.73,3,3,"yes"
314,44.95769,-93.5451,3,3,"yes"
316,38.15472,-79.6164,3,3,"yes"
318,44.29861,-110.261,6,6,"yes"
324,42.60379,-73.5618,3,3,"yes"
328,33.5,-86.5333,3,6,"no"
329,45.96111,-73.8681,3,3,"yes"
331,30.28,-84.99,3,6,"no"
332,46.67,-88.02,3,3,"yes"
335,59.55,151.8333,8,8,"yes"
336,45.95833,-73.8689,3,3,"yes"
339,48.19778,-64.94,4,3,"no"
340,44.93672,-68.7734,3,3,"yes"
341,55.66667,-63.25,4,4,"yes"
343,45.91806,-120.881,6,4,"no"
346,46.61389,-72.9986,3,3,"yes"
352,45.41,-93.2,3,3,"yes"
354,61.97684,129.3779,4,8,"no"
355,-16.3667,-68.15,1,3,"no"
356,-16.3667,-68.15,1,3,"no"
357,19.5,-99,3,5,"no"
365,60,66.5,4,4,"yes"
381,59.51667,-122.167,4,4,"yes"
489,43.12507,-93.4297,3,3,"yes"
490,41.63854,-86.5446,3,3,"yes"
492,33.7989,-78.9534,3,6,"no"
493,50.87361,-107.933,6,4,"no"
496,53.91,-66.78,4,4,"yes"
497,42.02,-93.27,3,3,"yes"
501,50.03417,-56.1964,4,4,"yes"
506,38.87213,-107.083,3,6,"no"
507,67.83333,-115.317,8,4,"no"
509,-15.2167,-69.1,1,3,"no"
513,44.83544,-99.9081,6,3,"no"
514,38.82873,-106.411,6,6,"yes"
516,44.1,-78.1,3,3,"yes"
517,36.52986,-112.149,6,6,"yes"
518,38.2,-80.2833,3,3,"yes"
519,49.19,-81.26,4,3,"no"
523,39.96667,-77.55,3,3,"yes"
525,51.65,-116.42,4,4,"yes"
527,68.33,-146.46,4,8,"no"
532,44.72,-84.95,3,3,"yes"
534,44.125,-111.183,6,3,"no"
535,-38.5833,-70.6667,6,3,"no"
537,-16.35,-68.0417,1,3,"no"
539,36.79913,-91.09,3,2,"no"
543,44.65,-110.6,6,3,"no"
547,0.266667,-66.6833,1,1,"yes"
550,46.59167,-122.25,3,3,"yes"
672,43.24126,-80.3674,3,3,"yes"
673,44.03333,-71.8333,3,3,"yes"
678,62.05,-118.7,4,4,"yes"
679,43.48,-85,3,3,"yes"
684,43.4178,-89.7321,3,3,"yes"
688,60.99,-69.95,8,6,"no"
691,48.91083,-66.125,4,4,"yes"
693,37,-119.083,6,6,"yes"
699,36.58333,-76.45,3,3,"yes"
701,43.95,-110.23,6,6,"yes"
715,67.75673,-178.842,6,8,"no"
719,40.02417,-107.051,3,6,"no"
720,70.32584,31.02587,4,6,"no"
723,48.75,28.25,3,3,"yes"
772,41.9327,-70.0005,3,3,"yes"
773,45.85,-70.35,3,3,"yes"
776,44.16667,-71.6667,3,3,"yes"
777,53.23333,-58.55,4,4,"yes"
778,57.75,-112.09,4,3,"no"
782,46.40833,-62.15,3,3,"yes"
784,40.81806,21.9525,3,7,"no"
785,44.36,-80.25,3,3,"yes"
788,51.79,60.73,6,6,"yes"
790,39.93667,-105.58,6,6,"yes"
792,62.08333,149,8,8,"yes"
802,61.24444,-100.951,4,4,"yes"
803,61.16667,-100.917,4,4,"yes"
805,41.92,-82.76,3,3,"yes"
808,48.35194,-123.682,4,4,"yes"
811,68.12,-156.07,4,8,"no"
813,41.19616,-81.3348,3,3,"yes"
816,37,-119.833,6,6,"yes"
820,58.86694,-71.7169,4,4,"yes"
821,45.28278,-72.9828,3,3,"yes"
823,45.41,-79.39,3,3,"yes"
829,56.25,-121.42,3,4,"no"
834,54.74222,-101.682,4,3,"no"
835,44.55,-107.467,6,3,"no"
841,43.47121,-109.939,6,6,"yes"
843,43.43889,-109.95,6,6,"yes"
847,42.33,-83.61,3,3,"yes"
849,49.58596,-93.7445,3,3,"yes"
850,44.94577,-94.4207,3,3,"yes"
852,41.16,-71.58,3,3,"yes"
853,38.61,-111.67,6,3,"no"
856,48.22,-84.93,3,3,"yes"
857,46.27583,-73.4758,3,3,"yes"
860,44.05,-87.73,3,3,"yes"
866,63.38333,147.65,4,8,"no"
871,45.94583,-74.3708,3,3,"yes"
872,-24.6667,-50.2167,1,2,"no"
873,41.37709,-75.0932,3,3,"yes"
876,55,83.33333,3,4,"no"
878,49.448,-99.2897,3,3,"yes"
966,43.65,-122.042,3,3,"yes"
969,31.72111,-86.1342,3,6,"no"
971,44.99,-69.32,3,3,"yes"
973,45.19,-77.36,3,3,"yes"
976,52.25,-67.0667,4,4,"yes"
977,63.70291,8.689085,4,3,"no"
978,55.03333,-62.6333,4,4,"yes"
986,43.64,-79.47,3,3,"yes"
987,50.76671,-55.5315,4,4,"yes"
997,50.06667,137.0833,3,4,"no"
999,37.98472,-78.9972,3,3,"yes"
1001,60.03333,-129.017,4,8,"no"
1002,43.24,-80.41,3,3,"yes"
1003,68.38333,-138.383,4,6,"no"
1006,64.44444,-146.908,4,8,"no"
1008,52.93333,-66.95,4,4,"yes"
1013,34,-109.43,6,6,"yes"
1024,67.93333,-155.05,4,8,"no"
1028,58.2,-63.0333,4,4,"yes"
1030,43.75,-110.6,6,6,"yes"
1033,45.98889,-73.3,3,3,"yes"
1104,63.94,-144.658,4,8,"no"
1105,44.51667,-76.6,3,3,"yes"
1107,64.63333,-138.4,4,8,"no"
1111,46.55,-94.1333,3,3,"yes"
1114,41.65,-87.0722,3,3,"yes"
1133,41.72,-86.55,3,3,"yes"
1135,43.64,-79.48,3,3,"yes"
1136,43.64,-79.49,3,3,"yes"
1137,43.65,-79.5,3,3,"yes"
1139,48.61861,-58.965,4,3,"no"
1142,66.135,-66.0833,8,4,"no"
1149,44.48333,-77.05,3,3,"yes"
1152,38.865,-107.033,3,6,"no"
1153,47.13556,-93.6436,3,3,"yes"
1154,-22.7833,-45.5333,1,1,"yes"
1155,56.81667,38.76667,3,4,"no"
1157,47.31667,-81.7667,3,3,"yes"
1158,62.07229,149.5398,8,8,"yes"
1160,37.43255,-85.7246,3,3,"yes"
1162,34.33333,-110.833,6,6,"yes"
1171,50.22,-80.2,4,3,"no"
1254,46.93278,-70.9328,3,3,"yes"
1390,66.76667,-157.217,4,6,"no"
1391,48.24,-58.24,4,3,"no"
1393,47.25778,-71.1628,3,3,"yes"
1397,45.99194,-73.3028,3,3,"yes"
1432,68.14,-161.44,4,8,"no"
1434,58.19142,27.41146,3,3,"yes"
1435,49.72651,15.97089,3,3,"yes"
1437,54.02778,-76.6439,4,4,"yes"
1438,57.64055,14.53458,3,3,"yes"
1439,53.03,70.22,6,6,"yes"
1440,46.51667,32.61667,6,6,"yes"
1442,55,83,3,4,"no"
1443,-14.8,-69.1833,1,5,"no"
1445,64.16,-127.6,4,4,"yes"
1447,45.3,-90.35,3,3,"yes"
1448,44.24,-87.85,3,3,"yes"
1451,48.32,-71.39,4,4,"yes"
1520,44.77085,-93.1226,3,3,"yes"
1523,48.24,-121.62,6,4,"no"
1524,45.66667,-87.455,3,3,"yes"
1543,57.5,69,3,4,"no"
1549,52.96222,70.38044,6,6,"yes"
1568,41.38215,-75.2913,3,3,"yes"
1569,46.72,-70.29,3,3,"yes"
1571,47.28,-79.11,3,3,"yes"
1574,41.42,-84.76,3,3,"yes"
1577,43.04169,-6.13878,3,6,"no"
1579,-16.4,-71.15,6,6,"yes"
1581,45.05,-84.79,3,3,"yes"
1587,55.00917,-73.5167,4,4,"yes"
1590,49.68333,-74.5833,4,3,"no"
1591,56.28333,-75.1,4,4,"yes"
1592,56.02464,-74.9465,4,4,"yes"
1594,55.11083,-75.2489,4,4,"yes"
1595,56.1,-75.2833,4,4,"yes"
1598,57.91667,-75.6167,4,4,"yes"
1599,58.58333,-75.25,4,4,"yes"
1601,58.57833,-75.245,4,4,"yes"
1603,58.14167,-75.15,4,4,"yes"
1604,73.59139,-98.5389,8,8,"yes"
1606,46.82833,-80.6983,3,3,"yes"
1607,48.4,-81.3167,4,3,"no"
1610,-53.5,-67.8333,6,4,"no"
1611,51.57333,-55.55,4,4,"yes"
1615,46,-73.2169,3,3,"yes"
1617,65.94222,-135.514,4,8,"no"
1621,-17.9479,-42.2115,1,3,"no"
1622,49.47133,-55.473,4,4,"yes"
1628,59.58333,151.8667,8,8,"yes"
1630,-35.0897,149.4293,3,6,"no"
1631,-10.7836,-76.5946,1,2,"no"
1632,59.2,-135.39,4,6,"no"
1633,45.04816,-92.8239,3,3,"yes"
1635,43.77,-110.33,6,6,"yes"
1639,47.286,-93.6005,3,3,"yes"
1642,44.16658,-123.584,3,3,"yes"
1646,-11.7833,-75.2167,6,3,"no"
1648,27.20731,-81.3509,3,2,"no"
1650,52.44715,-56.431,4,4,"yes"
1656,54.72528,-112.481,3,4,"no"
1657,56.71667,-119.717,3,4,"no"
1659,62.6,-101.24,4,4,"yes"
1661,40.49095,-75.6697,3,6,"no"
1663,45.04,-68.2,3,3,"yes"
1666,47.63516,-110.484,6,3,"no"
1667,44.25,-71.25,3,3,"yes"
1670,52.94643,-131.764,4,4,"yes"
1671,26.48111,-80.4156,3,2,"no"
1674,-11.75,-75.25,6,3,"no"
1679,-11.6667,-75,6,3,"no"
1684,56.84167,-101.042,4,4,"yes"
1687,64.83333,120.9667,4,4,"yes"
1698,45.04,-68.73,3,3,"yes"
1701,43.225,-80.6597,3,3,"yes"
1703,47.05,-71.4,3,3,"yes"
1704,68.26667,-133.467,4,4,"yes"
1705,49.30833,-122.547,4,4,"yes"
1707,44.15,-110.24,6,6,"yes"
1709,56.78,-64.83,4,4,"yes"
1711,-41.25,-71.4667,6,3,"no"
1716,46.78778,-72.8378,3,3,"yes"
1719,45.05,-80.09,3,3,"yes"
1724,64.13333,-110.583,8,4,"no"
1725,46.42694,-84.952,3,3,"yes"
1733,65.21,-126.13,4,4,"yes"
1735,43.1,-89.4167,3,3,"yes"
1762,37.73778,-107.698,3,6,"no"
1763,43.76667,-69.3,3,3,"yes"
1766,34.6492,-111.752,6,6,"yes"
1768,46.85592,-98.1598,3,3,"yes"
1769,52.26667,-58.05,4,4,"yes"
1770,51.38333,-94.25,3,3,"yes"
1771,-50.4667,-73,6,4,"no"
1773,44.6275,-68.6392,3,3,"yes"
1776,29.29993,-81.866,3,2,"no"
1778,46.85894,-94.7554,3,3,"yes"
1780,60.03333,-141.967,4,8,"no"
1783,71.78333,-122.667,8,8,"yes"
1786,47.98261,-93.3853,3,3,"yes"
1788,63.01667,-128.8,4,8,"no"
1789,34.66333,-95.3861,3,2,"no"
1791,57.65,-71.65,4,4,"yes"
1807,46.6,-81.5,3,3,"yes"
1810,61.25,77,4,4,"yes"
1814,41.28333,-70.2083,3,3,"yes"
1817,42.65171,-73.0534,3,3,"yes"
1820,45.21,-79.45,3,3,"yes"
1824,43.38,-95.16,3,3,"yes"
1829,48.42222,-89.3239,3,3,"yes"
1831,46.34159,-94.408,3,3,"yes"
1841,47.53278,-68.9439,3,3,"yes"
1843,43.25,134.5667,3,4,"no"
1845,50.41667,80.46667,6,3,"no"
1849,53.05,-57.75,4,4,"yes"
1852,43.46806,-109.959,6,6,"yes"
1854,43.45,-109.941,6,6,"yes"
1857,43.18,-81.75,3,3,"yes"
1859,41.51,-71.45,3,3,"yes"
1860,49.36771,75.39858,6,3,"no"
1862,48.56,-88.74,3,3,"yes"
1864,56.67,-64.68,4,4,"yes"
1866,19.58333,-101.583,3,6,"no"
1868,44.1,-78.34,3,3,"yes"
1880,-49.1333,-74.4167,6,4,"no"
1882,67.2,-142.067,4,8,"no"
1883,49.48,-92,3,3,"yes"
1886,59.85,150.6167,8,8,"yes"
1888,51.65139,-100.899,3,3,"yes"
1890,50.56,-66.29,4,4,"yes"
1891,46.96667,-95.3167,3,3,"yes"
1892,-26.4167,-48.8667,5,2,"no"
1894,9.166667,-70.8333,5,1,"no"
1904,45.47,-75.81,3,3,"yes"
1906,48.6,-124.2,4,4,"yes"
1961,44.03333,-70.35,3,3,"yes"
1965,44.93,-79.78,3,3,"yes"
1966,47.081,-94.113,3,3,"yes"
1968,46.67361,-64.075,3,3,"yes"
1970,37.93746,-111.696,6,3,"no"
1974,36.6,-90.5833,3,2,"no"
1979,61.03333,151.7167,8,8,"yes"
1980,42.62222,-78.4667,3,3,"yes"
1981,47.075,-64.8,3,3,"yes"
1982,38.02694,-76.22,3,6,"no"
1984,38.33333,-76.3097,3,6,"no"
1987,63.5,-162.21,4,6,"no"
2004,64.11667,-110.567,8,4,"no"
2006,34.33,-84.87,3,6,"no"
2011,43.4,-88.1,3,3,"yes"
2016,58.23278,-72.0669,4,4,"yes"
2022,65.23603,-126.414,4,4,"yes"
2023,45.6,-76.1,3,3,"yes"
2025,67.13883,-153.637,4,8,"no"
2026,42.72889,-109.194,6,6,"yes"
2028,49.35,-92.7,3,3,"yes"
2030,32.46667,-93.1667,3,2,"no"
2045,67.41667,-149.8,8,8,"yes"
2047,67.68333,-155.033,4,8,"no"
2048,45.67,-71.33,3,3,"yes"
2049,40.08,-105.54,6,6,"yes"
2050,67.25,-152.6,4,8,"no"
2053,46.21194,-95.2842,3,3,"yes"
2054,69.11667,-132.167,4,4,"yes"
2061,38.88639,-76.3947,3,6,"no"
2065,48.00942,-101.54,6,3,"no"
2068,54.30556,-84.5583,4,3,"no"
2069,-16.4333,-68.1333,1,3,"no"
2262,51.6,-55.53,4,4,"yes"
2266,48.26,-58.81,4,3,"no"
2267,56.76667,-64.8167,4,4,"yes"
2268,62.16667,149.5,8,8,"yes"
2270,41.3525,-72.2992,3,3,"yes"
2286,45.97,-73.33,3,3,"yes"
2287,44.18,-79.44,3,3,"yes"
2289,41.9,-77.92,3,3,"yes"
2292,43.92,-69.49,3,3,"yes"
2297,73.13333,-95.2833,8,8,"yes"
2314,44.87083,-93.859,3,3,"yes"
2318,46.13194,-85.1792,3,3,"yes"
2323,-18.1667,-68.8833,1,3,"no"
2324,67.43333,-147.85,4,8,"no"
2326,-35.3333,-69.75,6,3,"no"
2328,-32.25,-69.3333,3,6,"no"
2335,42.1,-6.73333,3,6,"no"
2338,33.65833,-117.858,6,6,"yes"
2341,42.98,-82.32,3,3,"yes"
2342,46.06,-74.37,3,3,"yes"
2343,46.17,-74.38,3,3,"yes"
2348,54.41667,-131.907,4,4,"yes"
2351,67.58333,-151.417,8,8,"yes"
2352,68.25,-145.18,4,8,"no"
2362,53.21667,135.05,4,4,"yes"
2367,50.14,-67.13,4,4,"yes"
2369,49.23333,142.0833,3,4,"no"
2373,48.29389,-72.1469,4,4,"yes"
2377,45.01667,-64.1833,3,3,"yes"
2378,45.35889,-72.5847,3,3,"yes"
2381,44.2697,-107.012,6,6,"yes"
2382,45.15,-81.42,3,3,"yes"
2384,44.56,-63.64,3,3,"yes"
2385,40.35434,-83.8125,3,3,"yes"
2391,43.96,-70.34,3,3,"yes"
2395,20.86667,-90.1333,1,1,"yes"
2396,20.86667,-90.1333,1,1,"yes"
2476,69.28333,-133.583,4,4,"yes"
2576,44.93333,-110.35,6,3,"no"
2579,64.76651,141.1036,4,8,"no"
2580,57.16,-119.97,3,4,"no"
2583,62.16667,149.5,8,8,"yes"
2586,46.47,-86.9583,3,3,"yes"
2588,38.83164,-107.078,3,6,"no"
2590,55.51139,-119.583,4,6,"no"
2591,41.68,-76.35,3,3,"yes"
2593,41.23687,-74.1833,3,3,"yes"
2598,39.67,-82.94,3,3,"yes"
2603,53.92276,-58.9169,4,4,"yes"
2611,60.95,-137.958,4,8,"no"
2612,55,80.25,3,3,"yes"
2615,49.31969,-122.562,4,4,"yes"
2617,41.39139,-74.0378,3,3,"yes"
2619,37.95,-119.83,6,6,"yes"
2620,41.72106,-102.499,6,3,"no"
2622,67.65,-132.017,4,4,"yes"
2623,40.4,-74.4833,3,6,"no"
2624,44.15,-91.45,3,3,"yes"
2625,63.02944,-146.063,4,8,"no"
2626,41.03888,-75.2638,3,3,"yes"
2629,41.275,-70.0583,3,3,"yes"
2631,46.10056,-123.907,3,3,"yes"
2637,63.12,-145.55,4,8,"no"
2642,66.56,-143.15,4,8,"no"
2643,42.83333,132.7833,3,3,"yes"
2644,37.90833,-119.258,6,6,"yes"
2645,41.95,-71.0333,3,3,"yes"
2647,50.81531,-114.599,4,4,"yes"
2650,56.16667,84,3,4,"no"
2651,44.85,-77.18,3,3,"yes"
2654,45.55,-73.32,3,3,"yes"
2661,69.04938,-133.451,4,4,"yes"
2663,27.58613,-81.5034,3,2,"no"
2665,-23.3167,-67.7833,6,7,"no"
2669,55.01667,-67.5,4,4,"yes"
2673,35.58472,-84.2106,3,6,"no"
2880,37.46906,-108.103,3,6,"no"
2882,66.05,-135.656,4,8,"no"
2888,46.19,-95.31,3,3,"yes"
2890,47.30833,-84.2583,3,3,"yes"
2892,46.09012,-68.8933,3,3,"yes"
2899,-36.8581,-71.0485,6,3,"no"
2901,8.808333,-70.7917,5,1,"no"
2902,44.30861,-74.3708,3,3,"yes"
2903,44,-79.38,3,3,"yes"
2904,63.28333,147.75,4,8,"no"
2905,47.11667,138.5833,3,4,"no"
2919,42.35154,-88.1848,3,3,"yes"
2922,48.52917,-124.002,4,4,"yes"
2925,52.78333,-117.083,3,4,"no"
2943,26.35972,-80.3706,3,2,"no"
2944,26.2875,-80.4114,3,2,"no"
2948,46.95,-94.95,3,3,"yes"
2951,51.51667,-57.3,4,4,"yes"
2953,48.67222,-124.844,4,4,"yes"
2954,64.35,-151.29,4,8,"no"
2955,52.24167,-117.217,3,4,"no"
2959,41.97,-71.13,3,3,"yes"
2961,42.4,-85.3833,3,3,"yes"
2962,59.25,-114.15,4,3,"no"
3031,45.00502,-93.5728,3,3,"yes"
3032,46.42917,-85.6611,3,3,"yes"
3033,63.47,-150.88,4,8,"no"
3035,45.34,-90.08,3,3,"yes"
3039,37.725,-119.625,6,6,"yes"
3041,43.9,-80.4,3,3,"yes"
3042,43.91,-80.4,3,3,"yes"
3043,-42.5436,147.3006,3,3,"yes"
3046,48.51,-79.64,4,3,"no"
3047,46.75493,-87.9425,3,3,"yes"
3048,56.76667,-119.483,3,4,"no"
3051,45.55,-78.64,3,3,"yes"
3054,37.71109,-105.741,6,6,"yes"
3056,37.56953,-105.514,6,6,"yes"
3058,45.25397,-67.3317,3,3,"yes"
3074,-0.76667,-47.85,1,1,"yes"
3078,62.66667,147.9833,4,8,"no"
3125,50.69095,-99.6584,3,3,"yes"
3126,34.40556,-95.8083,3,6,"no"
3130,44.18236,-73.9696,3,3,"yes"
3138,46.41694,-92.7169,3,3,"yes"
3149,60.35667,-123.647,4,4,"yes"
3452,45.3,-90.35,3,3,"yes"
3454,44.19583,-79.5128,3,3,"yes"
3471,57.11667,-76.3783,4,4,"yes"
3473,46.25,-89.9,3,3,"yes"
3482,48.14256,-91.1125,3,3,"yes"
3483,48.14256,-91.1125,3,3,"yes"
3484,30.725,-83.2583,3,2,"no"
3487,44.98419,-97.3501,3,3,"yes"
3492,47.24476,-95.0077,3,3,"yes"
3493,41.81115,-73.2927,3,3,"yes"
3500,30.36667,-97.1167,3,6,"no"
3501,38.90363,-89.1898,3,2,"no"
3558,45.04,-93.63,3,3,"yes"
3559,41.57611,-87.2225,3,3,"yes"
3561,34.46222,-111.345,6,6,"yes"
3563,41.57,-85.25,3,3,"yes"
3565,46.89194,-71.8078,3,3,"yes"
3568,46.92222,-95.575,3,3,"yes"
3610,-19,-46.7667,1,5,"no"
3611,33.86667,-108.25,6,6,"yes"
3771,56.63333,-63.8833,4,4,"yes"
3774,47.0747,-98.5866,3,3,"yes"
3781,45.3,-91.45,3,3,"yes"
3830,44.1483,-74.0557,3,3,"yes"
3839,45.03333,-77.4333,3,3,"yes"
3840,34.16759,-80.7762,3,6,"no"
3859,42.18417,28.91667,3,3,"yes"
3861,49.48079,90.49975,6,4,"no"
3866,61.8947,25.21692,3,4,"no"
3870,43.11778,-4.01667,3,3,"yes"
3876,43.28333,41.29167,3,3,"yes"
3879,57.31333,-3.90841,3,3,"yes"
3883,42.32984,27.72455,3,6,"no"
3884,42.32984,27.72455,3,6,"no"
3889,43.19554,27.82777,3,6,"no"
3892,48.01333,6.994444,3,3,"yes"
3893,43.25028,-1.55111,3,3,"yes"
3902,54.08528,24.12111,3,3,"yes"
3926,41.73302,23.52418,3,6,"no"
3927,37.54167,31.5,3,6,"no"
3928,62.03333,32.76667,4,4,"yes"
3931,55.45396,13.78026,3,3,"yes"
3935,49.04174,15.19097,3,3,"yes"
3938,52.54316,20.67577,3,3,"yes"
3946,46.25917,7.843056,3,3,"yes"
3972,47.25444,-1.80028,3,3,"yes"
3975,61.97684,129.3779,4,8,"no"
3977,45.44444,2.875278,3,3,"yes"
4005,43.11667,-4.36417,3,3,"yes"
4010,48.18924,98.76251,6,8,"no"
4011,58.32288,14.70652,3,3,"yes"
4017,62.31667,33.85,4,4,"yes"
4024,47.16667,13.86667,3,3,"yes"
4040,62.61594,12.13394,4,4,"yes"
4042,58.55679,13.67319,3,3,"yes"
4045,53.66667,8.763889,3,3,"yes"
4047,48.51667,-1,3,3,"yes"
4050,47.36667,-2.25,3,6,"no"
4053,48.51667,-0.83333,3,3,"yes"
4055,48.51667,-0.83333,3,3,"yes"
4056,48.44444,-0.19167,3,3,"yes"
4058,47.11667,13.9,3,3,"yes"
4059,52.32201,17.3655,3,3,"yes"
4078,62.2,33.8,4,4,"yes"
4081,50.2618,106.6188,3,6,"no"
4092,60.62404,24.25122,4,4,"yes"
4102,50.6286,100.2267,6,4,"no"
4107,59.10972,27.50783,3,3,"yes"
4115,60.2149,22.79906,4,4,"yes"
4120,49.3705,21.8875,3,3,"yes"
4133,61.41513,25.86881,3,4,"no"
4134,60.73814,24.21983,4,4,"yes"
4136,66.12667,28.99524,4,4,"yes"
4137,38.425,30.8,3,6,"no"
4138,56.76667,60.75,3,4,"no"
4143,40.28333,36.15,3,6,"no"
4145,65.08333,32.16667,4,4,"yes"
4147,40.6279,21.59921,3,7,"no"
4148,40.6125,21.58611,3,7,"no"
4151,60.85774,24.49056,3,4,"no"
4154,54.70694,17.28472,3,3,"yes"
4156,60.29171,20.14137,4,3,"no"
4161,36.875,28.64167,3,7,"no"
4162,55.50078,13.74492,3,3,"yes"
4168,60.78455,23.85616,4,4,"yes"
4169,67.83333,33.66667,4,6,"no"
4170,41.98333,24.33333,3,6,"no"
4171,41.98333,24.33333,3,6,"no"
4181,60.14759,21.86014,4,4,"yes"
4183,64.56667,30.53333,4,4,"yes"
4184,42.13552,-6.79364,3,6,"no"
4186,44.76722,6.536944,3,3,"yes"
4197,45.47333,5.416667,3,3,"yes"
4200,59.80167,14.62333,4,4,"yes"
4203,59.30546,27.57509,3,3,"yes"
4209,56.14813,-4.6259,3,3,"yes"
4216,47.32833,-1.50111,3,3,"yes"
4223,43.72186,40.70077,3,3,"yes"
4225,46.44444,-0.86222,3,3,"yes"
4245,58.69524,86.78552,3,4,"no"
4247,41.7,23.03333,3,6,"no"
4251,57.68456,-5.454,3,3,"yes"
4256,42.11301,12.31706,3,6,"no"
4258,42.54718,23.2917,3,6,"no"
4259,62.34206,26.23393,3,4,"no"
4269,49.00223,14.77806,3,3,"yes"
4275,40.93124,15.60519,3,2,"no"
4279,56.9975,-3.4325,3,3,"yes"
4283,60.12146,21.58979,4,4,"yes"
4286,68.91667,21,4,4,"yes"
4304,57.18333,39.45139,3,4,"no"
4308,58.00009,24.68735,3,3,"yes"
4311,45.45194,2.622778,3,3,"yes"
4317,61.30058,129.5558,4,8,"no"
4320,51.69667,23.95667,3,3,"yes"
4323,44.15556,10.78,3,6,"no"
4330,44.3,10.22,3,6,"no"
4340,44.52222,6.183333,3,6,"no"
4347,58.38142,82.9271,3,4,"no"
4359,45.84972,1.645833,3,3,"yes"
4362,57.68477,27.25948,3,3,"yes"
4363,64.67355,27.8601,4,4,"yes"
4364,49.47269,19.81135,3,3,"yes"
4367,42.03333,-3.01667,3,3,"yes"
4369,58.59222,26.64967,3,3,"yes"
4374,45.34833,5.655278,3,3,"yes"
4375,45.425,5.608333,3,3,"yes"
4377,49.42377,21.27779,3,3,"yes"
4378,49.25165,14.08929,3,3,"yes"
4380,43.63846,41.14052,3,3,"yes"
4382,47.07556,8.325556,3,3,"yes"
4383,47.07556,8.325556,3,3,"yes"
4385,58.13333,-6.88333,3,3,"yes"
4392,66.16667,29.15,4,4,"yes"
4397,52.54984,17.35631,3,3,"yes"
4402,43.05,-2.71667,3,3,"yes"
4405,65.91702,29.18661,4,4,"yes"
4410,47.80944,-2.46806,3,6,"no"
4411,47.80944,-2.46806,3,6,"no"
4415,65.09296,32.96292,4,4,"yes"
4417,43.23333,41.43056,3,3,"yes"
4420,61.3,22.06667,4,4,"yes"
4421,58.0725,-5.194,3,3,"yes"
4423,45.42583,5.628611,3,3,"yes"
4424,45.42583,5.628611,3,3,"yes"
4435,50.78295,20.77591,3,3,"yes"
4436,54.77694,-6.25833,3,3,"yes"
4437,48.03194,7,3,3,"yes"
4441,45.3825,-1.115,3,3,"yes"
4442,36.9975,29.89833,3,7,"no"
4443,65.83333,34.33333,4,4,"yes"
4445,56.12846,8.61341,3,4,"no"
4461,47.26861,-1.75,3,3,"yes"
4462,52.25,39.83333,3,3,"yes"
4463,47.265,-2.01667,3,6,"no"
4466,54.03333,28.1,3,3,"yes"
4467,42.06517,23.56001,3,6,"no"
4468,69.603,28.83694,4,6,"no"
4469,48.94393,17.06935,3,3,"yes"
4472,61.21667,28.11667,3,4,"no"
4473,49.63333,21.1,3,3,"yes"
4481,57.33333,88.16667,3,4,"no"
4482,40.96361,24.26277,3,6,"no"
4483,41.40528,2.248333,3,3,"yes"
4484,54.71194,-1.2988,3,3,"yes"
4492,43.15,-3.43333,3,3,"yes"
4497,58.5,22.33333,3,4,"no"
4498,61.3398,21.95107,4,4,"yes"
4501,47.17222,13.9,3,3,"yes"
4505,56.31667,57.88333,3,4,"no"
4517,50.60464,16.21324,3,3,"yes"
4527,48.97805,17.20026,3,3,"yes"
4531,58.46667,22.38333,3,4,"no"
4532,52.69278,0.339444,3,3,"yes"
4533,52.34115,0.05522,3,3,"yes"
4539,62.13333,22.86667,4,4,"yes"
4541,49.75,25.45,3,3,"yes"
4545,49.07398,14.34743,3,3,"yes"
4549,46.85833,11.025,3,3,"yes"
4558,42.57444,-72.5086,3,3,"yes"
12023,21.5661,-88.0865,1,1,"yes"
13029,44.5924,-93.4132,3,3,"yes"
13032,44.21895,-93.8402,3,3,"yes"
13047,45.0265,-83.61,3,3,"yes"
13051,46.5986,-96.1868,3,3,"yes"
13053,20.3882,-101.256,3,6,"no"
13060,46.30235,-91.166,3,3,"yes"
13069,46.3815,-91.4935,3,3,"yes"
13071,45.19145,-90.608,3,3,"yes"
13073,45.9915,-89.6208,3,3,"yes"
13097,46.21517,-89.3208,3,3,"yes"
14110,52.95853,-6.42574,3,3,"yes"
14134,35.51763,135.8867,3,6,"no"
14177,53.32062,-7.63069,3,3,"yes"
14264,-13.2629,-63.7099,1,3,"no"
14266,-13.3448,-63.5242,1,3,"no"
14270,45.19932,-94.8787,3,3,"yes"
14274,53.76021,-9.56165,3,3,"yes"
14276,53.08225,-7.99204,3,3,"yes"
14278,52.01836,-9.53218,3,3,"yes"
14289,52.19509,-10.1656,3,3,"yes"
14291,52.00749,-9.53339,3,3,"yes"
14370,41.31712,-72.7843,3,3,"yes"
14446,45.78657,-92.219,3,3,"yes"
14491,38.04217,-121.868,6,6,"yes"
14494,38.0723,-122.033,3,3,"yes"
14498,50.78055,-115.93,4,4,"yes"
14510,51.96283,-9.58186,3,3,"yes"
14512,53.36567,-7.41256,3,3,"yes"
14523,53.95335,-9.72314,3,3,"yes"
14525,54.04048,-9.43477,3,3,"yes"
14527,54.05008,-9.639,3,3,"yes"
14535,44.19291,-93.6398,3,3,"yes"
14537,44.35444,-93.3659,3,3,"yes"
14539,45.14181,-93.7392,3,3,"yes"
14549,37.67214,-112.792,6,3,"no"
14554,53.75884,-9.55729,3,3,"yes"
14556,52.04027,-9.48088,3,3,"yes"
14558,53.39081,-7.66157,3,3,"yes"
14560,43.45155,-7.0625,3,6,"no"
14562,54.2439,-8.37187,3,3,"yes"
14564,51.80281,-9.68578,3,3,"yes"
14612,37.27446,96.90074,7,8,"no"
14614,42.34272,-81.8447,3,3,"yes"
14619,33.45,102.6333,6,4,"no"
14622,-45.0272,168.5737,3,3,"yes"
14624,46.35065,-69.0517,3,3,"yes"
14626,44.69339,-93.3212,3,3,"yes"
14629,-44.964,168.4928,3,3,"yes"
14631,43.60715,-94.4736,3,3,"yes"
14633,45.16204,-94.0929,3,3,"yes"
14635,44.33349,-93.2121,3,3,"yes"
14637,44.22954,-93.6654,3,3,"yes"
14639,44.65102,-93.4605,3,3,"yes"
14641,44.80876,-93.9344,3,3,"yes"
14643,44.3138,-93.9144,3,3,"yes"
14645,45.4217,-94.0755,3,3,"yes"
14648,35.26468,106.3088,6,3,"no"
14650,37.67773,-105.725,6,6,"yes"
14674,44.3132,-68.2236,3,3,"yes"
14676,46.33482,-69.0494,3,3,"yes"
14678,44.0651,-68.6354,3,3,"yes"
14680,44.03183,-68.6304,3,3,"yes"
14682,44.57308,-67.5307,3,3,"yes"
14684,44.37328,-68.0726,3,3,"yes"
14792,47.67692,-124.019,3,3,"yes"
14794,51.1066,-127.534,4,3,"no"
14797,44.71756,-67.2029,3,3,"yes"
14799,37.8505,-119.66,6,6,"yes"
14803,45.70695,-114.983,4,4,"yes"
14884,45.89173,-114.263,6,4,"no"
14911,46.32024,-114.652,4,4,"yes"
14921,-5.78747,145.0432,1,1,"yes"
14923,45.84056,-113.44,6,4,"no"
14925,62.91475,-69.8791,8,6,"no"
14928,30.19221,-93.2794,3,2,"no"
14930,62.84547,-67.3415,8,6,"no"
14933,46.2287,-85.3803,3,3,"yes"
14935,47.88369,-123.351,3,3,"yes"
14938,47.71292,-123.533,3,3,"yes"
14941,-4.02063,137.2169,1,1,"yes"
14944,36.6307,-112.239,6,6,"yes"
14951,36.37113,-112.147,6,6,"yes"
14955,30.05034,-92.7095,3,2,"no"
14959,-42.6799,146.5912,3,3,"yes"
14972,-41.1267,144.6746,3,3,"yes"
14997,41.97078,-70.0103,3,3,"yes"
14999,41.73913,-69.9921,3,3,"yes"
15003,41.798,-69.9606,3,3,"yes"
15005,-35.707,148.8864,3,6,"no"
15007,41.6982,-70.1361,3,3,"yes"
15009,41.82961,-69.9847,3,3,"yes"
15020,41.68999,-70.3641,3,3,"yes"
15022,41.59412,-70.5328,3,3,"yes"
15032,47.12942,-88.317,3,3,"yes"
15059,-41.5079,146.3847,3,3,"yes"
15061,-42.3502,-71.2888,6,3,"no"
15074,41.19098,-122.511,3,3,"yes"
15088,36.03015,-85.5013,3,6,"no"
15099,13.95191,-90.6597,1,1,"yes"
15101,-42.4887,-71.3971,6,3,"no"
15103,-41.5107,-71.5071,6,3,"no"
15106,37.90211,-107.615,3,6,"no"
15115,-41.3596,-71.5088,6,3,"no"
15130,-43.436,-71.5613,6,3,"no"
15132,-41.0703,-71.4935,6,3,"no"
15136,48.0859,-98.9294,3,3,"yes"
15138,49.45025,-99.2891,3,3,"yes"
15140,51.2878,-101.325,3,3,"yes"
15142,41.93619,-70.7574,3,3,"yes"
15146,41.93619,-70.7574,3,3,"yes"
15157,67.15792,-151.86,8,8,"yes"
15185,67.07084,-154.245,4,8,"no"
15189,67.11124,-152.491,4,8,"no"
15191,35.17355,-79.0898,3,6,"no"
15197,18.37615,-94.9556,1,1,"yes"
15201,39.2949,-105.538,6,6,"yes"
15207,38.53722,-76.4864,3,6,"no"
15209,38.88611,-76.3944,3,6,"no"
15211,38.02667,-76.2197,3,6,"no"
15214,51.66862,-121.454,4,4,"yes"
15221,32.04361,-95.5052,3,2,"no"
15223,32.04592,-95.5062,3,2,"no"
15242,41.6355,-87.0945,3,3,"yes"
15244,41.61499,-86.8467,3,3,"yes"
15247,-13.6123,-73.3183,6,3,"no"
15259,-54.8707,-67.2967,6,4,"no"
15276,50.16663,-127.752,4,3,"no"
15284,51.19438,-127.382,4,3,"no"
15286,49.76341,-95.1917,3,3,"yes"
15288,50.1832,-127.698,4,3,"no"
15290,-37.1079,149.1378,3,6,"no"
15292,43.09816,-78.0027,3,3,"yes"
15294,44.98885,-93.5564,3,3,"yes"
15296,43.09791,-78.0145,3,3,"yes"
15302,43.80016,-89.5943,3,3,"yes"
15306,-52.0371,-71.8761,6,4,"no"
15309,46.34668,-84.8576,3,3,"yes"
15323,56.24278,-130.055,4,6,"no"
15325,42.5375,-72.1829,3,3,"yes"
15331,-45.6886,-71.8379,6,4,"no"
15350,42.02879,-74.6042,3,3,"yes"
15356,35.832,-105.722,6,6,"yes"
15359,56.23998,-130.069,4,6,"no"
15363,30.145,-95.5745,3,2,"no"
15366,-7.6351,-77.4747,1,1,"yes"
15368,40.49996,-114.031,6,3,"no"
15371,26.102,-80.7375,3,2,"no"
15377,26.1025,-80.736,3,2,"no"
15385,41.015,-121.573,6,3,"no"
15392,67.18238,-63.2495,8,4,"no"
15396,33.291,-117.461,6,6,"yes"
15399,61.564,-137.229,4,8,"no"
15403,47.68381,-95.3984,3,3,"yes"
15406,63.56466,-143.918,4,8,"no"
15408,37.4235,-119.579,6,6,"yes"
15413,60.62288,-150.759,8,6,"no"
15415,43.2765,-79.9075,3,3,"yes"
15417,57.4844,-130.829,4,6,"no"
15420,58.89215,-129.834,4,6,"no"
15462,50.71505,-57.3744,4,4,"yes"
15487,43.35538,-85.3568,3,3,"yes"
15489,46.013,-92.125,3,3,"yes"
15492,44.02276,-85.2833,3,3,"yes"
15511,42.861,-85.2115,3,3,"yes"
15580,44.51785,-116.152,6,3,"no"
15586,44.9253,-116.048,4,4,"yes"
15612,34.55226,133.9505,3,6,"no"
15624,35.35,134.1333,3,6,"no"
15627,60.7165,-150.533,8,6,"no"
15630,51.6175,-82.293,4,3,"no"
15635,51.0289,-84.488,4,3,"no"
15641,32.55492,-95.1632,3,2,"no"
15649,35.65393,136.1308,3,6,"no"
15660,46.52,-86.35,3,3,"yes"
15665,34.73056,132.3875,3,3,"yes"
15667,49.11905,-119.683,4,4,"yes"
15678,35.40833,134.5667,3,6,"no"
15680,39.05359,-120.386,6,6,"yes"
15682,46.8335,-87.9213,3,3,"yes"
15696,31.50844,-92.1315,3,2,"no"
15700,54.0236,-101.259,4,3,"no"
15704,34.49028,131.5861,3,3,"yes"
15713,49.19225,-120.096,4,4,"yes"
15715,42.558,-120.775,6,3,"no"
15724,64.421,-149.898,4,8,"no"
15730,52.33199,-67.3571,4,4,"yes"
15732,44.35114,-75.8704,3,3,"yes"
15734,39.70086,-120.665,6,6,"yes"
15738,49.66656,-109.904,6,4,"no"
15740,46.3073,-91.1983,3,3,"yes"
15746,63.66675,-65.1513,8,4,"no"
15750,30.26007,-87.6649,3,6,"no"
15762,41.97693,-120.21,6,3,"no"
15764,42.41788,-72.3469,3,3,"yes"
15766,36.98229,-118.994,6,6,"yes"
15768,45.82409,-123.579,3,3,"yes"
15776,39.4604,-120.649,6,6,"yes"
15778,38.00795,-119.026,6,6,"yes"
15781,51.33,-124.9,4,4,"yes"
15783,71.86,-124.47,8,8,"yes"
15789,73.5139,-120.277,8,8,"yes"
15793,46.89451,-67.4,3,3,"yes"
15811,63.052,-147.392,4,8,"no"
15814,63.05455,-147.421,4,8,"no"
15819,52.50635,-101.63,4,3,"no"
15825,30.391,-88.5855,3,2,"no"
15829,63.39759,-64.2612,8,4,"no"
15831,32.572,-83.0795,3,2,"no"
15864,28.05,-97.17,3,5,"no"
15866,41.03888,-75.2638,3,3,"yes"
15872,54.47601,-130.945,4,4,"yes"
15876,36.052,-119.78,6,6,"yes"
15878,44.02195,-121.543,6,3,"no"
15882,46.11935,-92.0399,3,3,"yes"
15902,51.00437,-127.269,4,3,"no"
15904,43.04099,-78.3992,3,3,"yes"
15919,46.24525,-89.2941,3,3,"yes"
15922,46.23435,-89.2816,3,3,"yes"
15925,46.14044,-89.2553,3,3,"yes"
15929,43,-78,3,3,"yes"
15931,42.56705,-72.5108,3,3,"yes"
15933,42.68839,-72.3372,3,3,"yes"
15935,42.52444,-71.6085,3,3,"yes"
15942,42.65485,-72.5332,3,3,"yes"
15944,42.60078,-72.2285,3,3,"yes"
15947,57.71917,-75.8135,4,4,"yes"
15950,57.71917,-75.8135,4,4,"yes"
15952,57.85413,-72.7776,4,4,"yes"
15955,-2.77028,-79.16,1,1,"yes"
15967,34.77887,-111.518,6,6,"yes"
15970,62.55915,-153.649,4,6,"no"
15976,59.79623,-158.54,4,6,"no"
16009,34.66359,-85.4013,3,6,"no"
16016,40.572,-120.265,6,6,"yes"
16054,40.4115,-121.39,6,6,"yes"
16061,41.20728,-122.497,3,3,"yes"
16063,36.82535,-121.764,6,6,"yes"
16065,40.6617,-123.669,3,3,"yes"
16073,39.48963,-123.035,3,3,"yes"
16081,45.67022,-62.611,3,3,"yes"
16083,57.56083,-94.2679,4,4,"yes"
16086,47.83026,-66.1823,3,3,"yes"
16103,44.97593,-62.0906,3,3,"yes"
16105,57.20542,-94.185,4,4,"yes"
16107,57.08708,-94.1694,4,4,"yes"
16109,70.46194,-68.5028,8,4,"no"
16115,32.93112,-117.253,6,6,"yes"
16124,43.46828,-79.9487,3,3,"yes"
16129,42.78895,-88.8432,3,3,"yes"
16131,41.7847,-115.484,6,3,"no"
16133,41.13395,-115.505,6,3,"no"
16175,41.40935,-74.5513,3,3,"yes"
16179,41.47025,-74.5244,3,3,"yes"
16181,41.33395,-74.4307,3,3,"yes"
16184,38.07347,-122.193,3,3,"yes"
16186,38.0075,-122.493,3,3,"yes"
16189,44.19909,-78.1423,3,3,"yes"
16193,44.19909,-78.1423,3,3,"yes"
16197,37.78826,-122.471,3,3,"yes"
16199,54.19835,-9.45082,3,3,"yes"
16205,54.05003,-9.09887,3,3,"yes"
16207,52.00779,-9.56871,3,3,"yes"
16209,-41.2716,147.7041,3,3,"yes"
16212,41.9991,-2.84734,3,3,"yes"
16214,41.96505,-2.81179,3,3,"yes"
16217,53.82038,-6.7672,3,3,"yes"
16231,46.03,-77.37,3,3,"yes"
16236,68.65421,-149.681,8,8,"yes"
16238,68.4988,-157.03,4,8,"no"
16241,68.63144,-149.417,8,8,"yes"
16254,38.7018,-90.095,3,2,"no"
16264,46.3017,-79.3826,3,3,"yes"
16269,51.83986,-89.6154,3,3,"yes"
16271,43.9869,-79.3794,3,3,"yes"
16275,52.53166,-91.3724,4,3,"no"
16278,44.16707,-78.1025,3,3,"yes"
17285,27.075,-82.2333,3,2,"no"
17292,55.25,-105.27,4,3,"no"
17296,42.32129,-113.65,6,3,"no"
17304,45.51958,-89.5551,3,3,"yes"
17320,58.77229,-155.945,4,6,"no"
17324,68.66619,-149.359,8,8,"yes"
17328,66.02934,-147.553,4,8,"no"
17334,53.00735,-6.34804,3,3,"yes"
17336,52.37242,-8.15167,3,3,"yes"
17338,66.12399,-151.392,4,8,"no"
17344,52.36949,-8.1707,3,3,"yes"
17347,63.67389,-171.582,4,8,"no"
17352,63.6589,-148.805,4,8,"no"
17354,64.36008,-147.368,4,8,"no"
17359,63.88865,-149.252,4,8,"no"
17371,-54.7167,-67.8333,6,4,"no"
17375,59.6339,-151.512,8,6,"no"
17377,60.5009,-150.91,8,6,"no"
17381,63.98645,-145.54,4,8,"no"
17383,63.84225,-149.036,4,8,"no"
17385,62.84289,-148.247,8,6,"no"
17387,44.9196,-88.1569,3,3,"yes"
17391,63.44847,-162.108,4,6,"no"
17396,46.97316,-94.6814,3,3,"yes"
17398,41.02764,-73.9084,3,3,"yes"
17400,69.08077,-121.429,8,4,"no"
17402,60.21648,-159.766,4,6,"no"
17404,46.14469,-86.483,3,3,"yes"
17406,46.61506,-88.8604,3,3,"yes"
17597,45.91664,-60.6936,4,3,"no"
17672,43.95,-79.43,3,3,"yes"
17711,55.33119,-105.055,4,3,"no"
17713,55.43091,-104.939,4,3,"no"
17859,32.28908,-109.094,6,6,"yes"
17873,-41.7518,-71.4288,6,3,"no"
17880,42.82814,-72.4211,3,3,"yes"
17945,56.81157,-132.936,4,6,"no"
18100,10.18349,-67.7374,5,1,"no"
18104,-36.8581,-71.0485,6,3,"no"
18106,41.67946,-118.717,6,3,"no"
18108,49.49641,-116.905,4,4,"yes"
18110,43.87196,-64.9288,3,3,"yes"
18123,-48.9185,-71.2254,6,4,"no"
18127,49.46966,-115.77,4,4,"yes"
18159,34.78767,-120.586,6,6,"yes"
19264,63.64101,-171.454,4,8,"no"
19266,63.65601,-171.554,4,8,"no"
19323,66.34784,-104.946,8,4,"no"
19784,52.75204,23.92067,3,3,"yes"
19814,68.82911,-138.744,4,6,"no"
19817,-36.0536,-70.5014,6,3,"no"
19820,48.6051,-122.901,4,4,"yes"
19834,43.6774,-94.6981,3,3,"yes"
19842,45.71903,-75.4417,3,3,"yes"
19846,45.77702,-75.1359,3,3,"yes"
19901,52.14453,14.45286,3,3,"yes"
19906,62.32429,13.55787,4,4,"yes"
19909,61.82125,16.40472,4,4,"yes"
19913,63.88333,14.45,4,4,"yes"
19931,45.932,-92.365,3,3,"yes"
19933,45.901,-92.273,3,3,"yes"
19937,41.75738,-86.5221,3,3,"yes"
19967,44.73566,-81.0026,3,3,"yes"
19993,49.49136,-117.645,4,4,"yes"
19995,53.64545,-121.505,4,6,"no"
20001,47.93666,-122.881,3,3,"yes"
20012,68.13333,13.58333,4,4,"yes"
20018,62.33146,10.39825,4,4,"yes"
20020,70.43333,27.63333,4,4,"yes"
20022,45.71667,24.38333,3,3,"yes"
20024,45.71667,24.38333,3,3,"yes"
20029,70.83333,27.71667,4,6,"no"
20034,69.16667,20.71667,4,4,"yes"
20042,60.71667,7,4,3,"no"
20046,61.41667,8.666667,4,3,"no"
20050,59.81667,6,4,3,"no"
20131,52.77049,6.62753,3,3,"yes"
20171,49.69167,6.27,3,3,"yes"
20180,50.37944,14.11556,3,3,"yes"
20194,48.60712,-103.624,3,3,"yes"
20279,71.07449,25.36871,4,6,"no"
20281,60.81259,-135.341,4,8,"no"
20285,71.03806,28.16907,4,4,"yes"
20289,60.0735,-133.806,4,8,"no"
20293,70.69954,29.29516,4,4,"yes"
20295,60.44554,-133.562,4,8,"no"
20304,37.61104,-106.844,6,6,"yes"
20306,45.26248,-110.816,6,4,"no"
20311,45.8668,-95.8039,3,3,"yes"
20316,41.26396,-123.683,3,3,"yes"
20372,60.78728,-150.831,8,6,"no"
20397,46.5658,-86.0752,3,3,"yes"
20495,41.48611,-123.541,3,3,"yes"
20512,43.60373,-82.8639,3,3,"yes"
20515,41.09819,-74.6396,3,3,"yes"
21415,39.67283,-115.774,6,3,"no"
21418,39.25318,-117.166,6,3,"no"
21422,42.03209,-123.015,3,3,"yes"
21533,4.57852,-71.3304,5,1,"no"
21535,4.5865,-71.3271,5,1,"no"
21537,-14.4279,-67.9206,1,5,"no"
21541,4.44937,-70.5389,5,1,"no"
21543,4.659645,-71.4551,5,1,"no"
21545,4.97036,-69.5212,5,1,"no"
21549,3.956185,-73.0525,5,1,"no"
21551,4.59408,-71.4408,5,1,"no"
21553,3.302435,-73.362,1,1,"yes"
21577,44.97385,-77.2893,3,3,"yes"
21580,-14.4809,-67.8732,1,5,"no"
21600,44.81639,-77.1825,3,3,"yes"
21603,-13.0917,-71.7081,1,3,"no"
21606,-13.0948,-71.7052,1,3,"no"
21651,6.222105,-72.7666,5,1,"no"
21665,1.883925,-77.9298,1,1,"yes"
21675,3.0833,-76.5333,1,1,"yes"
21706,1.079226,-77.1516,1,1,"yes"
21708,5.46061,-73.7466,1,1,"yes"
21744,4.698055,-74.2758,1,1,"yes"
21762,6.17896,-72.7908,5,1,"no"
21770,53.53167,-132.973,4,4,"yes"
21772,50.60705,-127.263,4,3,"no"
21774,50.5725,-127.072,4,3,"no"
21788,48.7827,-123.303,4,4,"yes"
21790,60.65189,14.92652,4,4,"yes"
21792,38.7018,-90.095,3,2,"no"
21796,-0.706,-72.0596,1,1,"yes"
21798,-0.70373,-72.0557,1,1,"yes"
21807,16.99263,-89.8171,1,1,"yes"
21818,3.95325,-74.2997,1,1,"yes"
21828,2.44645,-77.6875,1,1,"yes"
21830,53.27892,-84.2054,4,4,"yes"
21836,6.375867,-72.3375,5,1,"no"
21844,41.7847,-115.484,6,3,"no"
21895,2.01125,-77.1151,1,1,"yes"
21903,2.01125,-77.1151,1,1,"yes"
21913,2.43268,-76.7806,1,1,"yes"
21915,3.10116,-76.5223,1,1,"yes"
21917,3.981795,-74.1579,1,1,"yes"
21921,2.10018,-77.0541,1,1,"yes"
21938,5.216585,-74.0028,1,1,"yes"
22049,4.99445,-74.1569,1,1,"yes"
22087,21.57944,-88.0721,1,1,"yes"
22101,6.47451,-76.0926,1,1,"yes"
22119,31.32215,-109.256,6,6,"yes"
22316,50.58861,16.1175,3,3,"yes"
22322,50.585,16.13167,3,3,"yes"
22330,41.68389,42.49694,3,3,"yes"
22342,48.91376,13.8145,3,3,"yes"
22344,49.15316,13.32655,3,3,"yes"
22346,48.89949,13.74209,3,3,"yes"
22348,48.86844,13.87913,3,3,"yes"
22352,48.90352,13.83836,3,3,"yes"
22367,49.15343,20.07971,3,3,"yes"
22397,39.67664,-105.604,6,6,"yes"
22400,39.65822,-105.603,6,6,"yes"
22628,39.79278,3.119167,3,3,"yes"
22638,41.24,-0.18,3,3,"yes"
22640,57.31917,-7.28472,3,3,"yes"
22644,41.043,-0.20341,3,3,"yes"
22648,50.89304,14.40634,3,3,"yes"
22650,49.51667,19.28333,3,3,"yes"
22652,50.68,13.59,3,3,"yes"
22656,49.44778,19.55941,3,3,"yes"
22658,53.615,8.736944,3,3,"yes"
22660,46.77611,10.27778,3,3,"yes"
22664,53.77171,21.60414,3,3,"yes"
22669,53.43727,8.86781,3,3,"yes"
22678,42.04363,-3.04588,3,3,"yes"
22681,43.21527,-4.43613,3,3,"yes"
22683,44.23333,7.133333,3,6,"no"
22687,52.31361,12.91361,3,3,"yes"
22689,52.52444,13.05639,3,3,"yes"
22691,46.79417,7.833056,3,3,"yes"
22693,58.30476,-3.2953,3,3,"yes"
22706,58.37246,-5.03672,3,3,"yes"
22709,57.6225,-6.27778,3,3,"yes"
22711,57.55889,-5.34361,3,3,"yes"
22714,40.34472,-4.57056,3,6,"no"
22718,50.04739,17.22029,3,3,"yes"
22720,46.74361,7.847778,3,3,"yes"
22723,57.24,-5.83,3,3,"yes"
22726,49.35054,7.819975,3,3,"yes"
22730,40.22331,-4.93679,3,6,"no"
22732,45.68554,7.69021,3,3,"yes"
22734,46.66286,10.20994,3,3,"yes"
22738,42.63045,26.78014,3,6,"no"
22745,57.08333,-3.8,3,3,"yes"
22747,46.54389,10.43472,3,3,"yes"
22753,42.63045,26.78014,3,6,"no"
22757,48.7756,13.86517,3,3,"yes"
22761,50.85178,14.33726,3,3,"yes"
22763,50.6612,15.75344,3,3,"yes"
22767,42.15,22.55,3,6,"no"
22773,47.17139,9.381111,3,3,"yes"
22786,46.445,8.518333,3,3,"yes"
22788,51.99639,14.19889,3,3,"yes"
22791,47.93333,8.066667,3,3,"yes"
22793,46.86278,10.47806,3,3,"yes"
22795,46.21167,8.113333,3,3,"yes"
22797,46.23111,8.011389,3,3,"yes"
22805,42.16222,2.438056,3,3,"yes"
22807,46.23083,7.590278,3,3,"yes"
22810,45.69,6.87,3,3,"yes"
22812,46.13212,25.90362,3,3,"yes"
22814,46.13212,25.90362,3,3,"yes"
22820,53.42,11.92,3,3,"yes"
22822,49.36417,21.58361,3,3,"yes"
22824,53.65556,14.22083,3,3,"yes"
22826,45.54337,22.8058,3,3,"yes"
22828,47.81014,23.52941,3,3,"yes"
22835,53.72,17.77,3,3,"yes"
22842,46.35972,7.198611,3,3,"yes"
22847,54.70555,18.16208,3,3,"yes"
22849,53.96802,14.60637,3,3,"yes"
22851,53.85885,14.61586,3,3,"yes"
22874,45.69528,6.860556,3,3,"yes"
22883,45.81694,7.286111,3,3,"yes"
22887,45.82512,7.645125,3,3,"yes"
22892,42.59028,23.25167,3,6,"no"
22894,47.8079,23.54031,3,3,"yes"
22896,45.18,22.05944,3,3,"yes"
22923,43.19554,27.82777,3,6,"no"
22926,50.02372,11.85651,3,3,"yes"
22936,46.77444,17.17028,3,3,"yes"
22944,53.75265,20.20645,3,3,"yes"
22953,41.86226,41.80203,3,3,"yes"
22955,48.89417,17.88861,3,3,"yes"
22960,46.6798,7.97638,3,3,"yes"
22966,46.82194,7.735,3,3,"yes"
22969,41.5,-106.37,6,3,"no"
22971,50.27611,12.09944,3,3,"yes"
22973,50.12786,11.8868,3,3,"yes"
22988,46.6696,8.02132,3,3,"yes"
22992,46.71801,8.06769,3,3,"yes"
23004,51.19139,28.01373,3,3,"yes"
23006,51.21782,28.05581,3,3,"yes"
23008,50.35423,24.6789,3,3,"yes"
23015,48.91156,24.12074,3,3,"yes"
23019,41.35472,23.12528,3,6,"no"
24030,41.62131,24.67809,3,6,"no"
24032,41.98333,24.33333,3,6,"no"
24039,49.9075,12.04028,3,3,"yes"
24042,49.60793,12.54137,3,3,"yes"
24044,49.78722,12.4625,3,3,"yes"
24046,46.76194,7.863889,3,3,"yes"
24048,46.54722,8.255556,3,3,"yes"
24053,46.64471,11.49194,3,3,"yes"
24055,46.63801,11.45791,3,3,"yes"
24057,46.66586,11.432,3,3,"yes"
24059,50.07857,13.21404,3,3,"yes"
24061,46.66611,11.45833,3,3,"yes"
24078,50.8919,14.27638,3,3,"yes"
24080,46.4701,10.3364,3,3,"yes"
24089,50.54278,13.53705,3,3,"yes"
24091,46.76006,11.68051,3,3,"yes"
24100,49.13194,18.02778,3,3,"yes"
24102,49.52056,18.63083,3,3,"yes"
24108,50.08486,17.21766,3,3,"yes"
24112,50.19893,15.96136,3,3,"yes"
24116,50.60412,16.12716,3,3,"yes"
24118,48.95367,12.85801,3,3,"yes"
24143,50.73661,15.70843,3,3,"yes"
24145,50.73661,15.70843,3,3,"yes"
24149,50.73661,15.70843,3,3,"yes"
24155,68.68811,22.05346,4,4,"yes"
24161,40.6,31.28333,3,6,"no"
24164,50.73661,15.70843,3,3,"yes"
24183,47.24056,7.05,3,3,"yes"
24188,46.2525,8.023056,3,3,"yes"
24190,46.2525,8.023056,3,3,"yes"
24195,46.28306,7.844167,3,3,"yes"
24197,36.81825,8.77474,3,7,"no"
24207,36.5975,8.394722,3,7,"no"
24216,37.14924,9.099085,3,6,"no"
24218,37.15294,9.0984,3,6,"no"
24221,50.76549,15.5408,3,3,"yes"
24236,50.25933,14.57363,3,3,"yes"
24243,50.06644,14.23883,3,3,"yes"
24256,49.23475,14.62598,3,3,"yes"
24277,49.72972,12.3875,3,3,"yes"
24279,49.392,12.4515,3,3,"yes"
24300,46.37972,8.030278,3,3,"yes"
24302,46.38972,8.025556,3,3,"yes"
24317,46.19556,7.845,3,3,"yes"
24319,46.19556,7.845,3,3,"yes"
24321,46.33999,7.989136,3,3,"yes"
24323,37.13333,9.083333,3,6,"no"
24325,41.47972,24.32583,3,6,"no"
24327,41.27384,23.58353,3,6,"no"
24339,41.05167,22.27472,3,6,"no"
24341,41.01972,21.91222,3,6,"no"
24343,40.25944,22.17083,3,7,"no"
24354,53.61148,-106.495,4,3,"no"
24356,40.55194,21.32222,3,7,"no"
24358,40.13889,22.54611,3,7,"no"
24360,39.52417,21.4775,3,7,"no"
24363,43.43667,4.936667,3,3,"yes"
24373,39.0585,22.24997,3,7,"no"
24376,37.57781,22.72815,3,7,"no"
24386,35.24888,24.27821,7,7,"yes"
24388,35.24888,24.27821,7,7,"yes"
24390,38.86667,20.83333,3,7,"no"
24414,44.74444,3.081111,3,3,"yes"
24441,44.46667,3.65,3,3,"yes"
24454,43.60167,2.978889,3,3,"yes"
24456,43.55,2.8,3,3,"yes"
24461,44.43333,3.6,3,3,"yes"
24465,45.13944,2.859167,3,3,"yes"
24488,48.35361,-3.88722,3,3,"yes"
24507,47.85861,1.699722,3,3,"yes"
24509,46.50556,1.362222,3,3,"yes"
24513,48.44167,-1.18167,3,3,"yes"
24516,46.80944,1.163889,3,3,"yes"
24518,46.74611,1.4425,3,3,"yes"
24520,46.79222,1.1775,3,3,"yes"
24522,46.74056,1.228889,3,3,"yes"
24524,48.43889,-0.575,3,3,"yes"
24526,48.43333,-0.91667,3,3,"yes"
24528,48.35,-0.42778,3,3,"yes"
24530,48.35,-0.42778,3,3,"yes"
24532,48.35,-0.42778,3,3,"yes"
24547,47.87083,1.150833,3,3,"yes"
24551,47.33778,0.451111,3,3,"yes"
24553,47.32667,0.475278,3,3,"yes"
24555,47.34694,-2.86444,3,6,"no"
24570,47.4025,0.648333,3,3,"yes"
24572,47.48667,0.674167,3,3,"yes"
24576,47.48667,0.674167,3,3,"yes"
24578,47.41333,0.638056,3,3,"yes"
24593,47.96944,-0.41639,3,3,"yes"
24600,47.58667,-3.05167,3,6,"no"
24626,47.5125,-2.72722,3,6,"no"
24635,46.54972,-1.76472,3,3,"yes"
24639,46.66278,-1.89222,3,6,"no"
24645,47.3825,-1.165,3,3,"yes"
24669,46.55,-1.81667,3,3,"yes"
24673,47.38667,-1.07,3,3,"yes"
24753,47.5375,0.702222,3,3,"yes"
24759,42.46556,28.40639,3,3,"yes"
24840,47.27222,-1.59583,3,3,"yes"
24842,47.30917,-1.47694,3,3,"yes"
24844,47.30917,-1.47694,3,3,"yes"
24848,47.27611,0.131944,3,3,"yes"
24852,47.38056,-1.12333,3,3,"yes"
24859,47.35556,-1.29361,3,3,"yes"
24861,47.41361,-0.86056,3,3,"yes"
24863,47.22167,-0.09583,3,3,"yes"
24865,47.42972,-1.49444,3,3,"yes"
24867,47.40278,-1.50278,3,3,"yes"
24869,47.35806,-1.47861,3,3,"yes"
24900,46.96083,4.010556,3,3,"yes"
24906,47.95722,4.373056,3,3,"yes"
24929,46.91389,5.450556,3,3,"yes"
24937,46.565,5.749167,3,3,"yes"
24939,47.08028,6.6975,3,3,"yes"
24941,46.81389,6.055278,3,3,"yes"
24944,46.83389,6.293889,3,3,"yes"
24954,45.30528,1.836111,3,3,"yes"
24956,45.89306,6.768333,3,3,"yes"
24959,45.24056,2.750278,3,3,"yes"
24993,44.71611,6.449444,3,3,"yes"
24996,45.06,5.88,3,3,"yes"
25110,49.17333,-1.3,3,3,"yes"
25127,49.69611,-1.86722,3,3,"yes"
25163,44.91,3.79,3,3,"yes"
25217,45.54083,2.344444,3,3,"yes"
25221,45.69639,2.337222,3,3,"yes"
25230,45.64917,2.310556,3,3,"yes"
25232,45.07611,2.5175,3,3,"yes"
25234,45.60194,2.1025,3,3,"yes"
25283,48.04833,6.951389,3,3,"yes"
25287,49.06667,-0.71667,3,3,"yes"
25308,46.95639,4.01,3,3,"yes"
25318,47.2275,4.035278,3,3,"yes"
25320,47.01194,4.05,3,3,"yes"
25340,33.35003,-79.3447,3,2,"no"
25344,47.20333,4.048611,3,3,"yes"
25349,33.34001,-79.3417,3,2,"no"
25368,33.42282,-79.208,3,6,"no"
25370,47.31778,4.122778,3,3,"yes"
25372,47.26194,4.079167,3,3,"yes"
25382,46.8925,4.034167,3,3,"yes"
25384,47.21472,4.106944,3,3,"yes"
25386,47.27361,4.018611,3,3,"yes"
25400,45.85667,6.172222,3,3,"yes"
25408,49.18361,-0.16806,3,3,"yes"
25435,49.70389,-1.87861,3,3,"yes"
25455,44.45,3.6,3,3,"yes"
25466,44.43333,3.6,3,3,"yes"
25468,43.56667,2.966667,3,3,"yes"
25472,45.06889,5.806667,3,3,"yes"
25477,45.07,5.85,3,3,"yes"
25511,-42.2737,145.8804,3,3,"yes"
25551,37.47311,-108.16,3,6,"no"
25763,47.02399,11.80367,3,3,"yes"
25765,46.99602,11.14069,3,3,"yes"
25767,47.08333,11.16667,3,3,"yes"
25769,47.02333,11.80185,3,3,"yes"
25786,17.94154,-88.3619,1,1,"yes"
25837,47.24306,12.13889,3,3,"yes"
25845,46.84756,11.01477,3,3,"yes"
26315,48.4586,-123.513,4,4,"yes"
26319,47.21091,11.00155,3,3,"yes"
26431,47.8042,13.27474,3,3,"yes"
26433,46.96549,12.80864,3,3,"yes"
26439,47.29167,10.97639,3,3,"yes"
26448,46.87,10.47833,3,3,"yes"
26510,47.65848,12.30101,3,3,"yes"
26512,47.65848,12.30101,3,3,"yes"
26514,47.65848,12.30101,3,3,"yes"
26516,47.65848,12.30101,3,3,"yes"
26518,47.65848,12.30101,3,3,"yes"
26520,46.17667,7.093611,3,3,"yes"
26565,68.24656,65.79111,8,8,"yes"
26608,40.93124,15.60519,3,2,"no"
29236,46.56667,6.173611,3,3,"yes"
30184,48.802645,87.07225,4,6,"no"
32262,-4.06333,-73.195,1,3,"no"
32426,-41.4513,145.9616,3,3,"yes"
34553,-41.6606,145.9611,3,3,"yes"
40111,34.16759,-80.7762,3,6,"no"
40168,40.21667,-84.6894,3,3,"yes"
40321,46.23376,7.33926,3,3,"yes"
40439,46.49687,6.12357,3,3,"yes"
40450,47.01867,6.99669,3,3,"yes"
40484,47.24056,7.05,3,3,"yes"
40519,41.37585,-70.5686,3,3,"yes"
40566,47.61335,8.83094,3,3,"yes"
40579,46.445,8.518333,3,3,"yes"
40582,46.38972,8.025556,3,3,"yes"
40584,46.38393,7.97933,3,3,"yes"
40627,46.65,7.54,3,3,"yes"
40634,46.42833,7.403056,3,3,"yes"
40642,46.31167,7.479167,3,3,"yes"
40666,41.43051,-70.6957,3,3,"yes"
40791,42.37778,-73.0948,3,3,"yes"
40793,42.62006,-71.0868,3,3,"yes"
40795,41.32786,-70.7927,3,3,"yes"
40797,41.472,-70.7657,3,3,"yes"
40799,42.08019,-71.9611,3,3,"yes"
40803,41.56404,-70.6357,3,3,"yes"
40844,41.88215,-71.012,3,3,"yes"
40861,42.56705,-72.5108,3,3,"yes"
40875,42.10864,-73.4372,3,3,"yes"
40914,44.36035,-72.373,3,3,"yes"
40940,5.93487,10.24383,5,1,"no"
40949,47.74371,8.90281,3,3,"yes"
40951,47.80567,8.20015,3,3,"yes"
40958,47.775,8.9788,3,3,"yes"
40976,49.7887,-125.127,4,4,"yes"
40990,52.78333,108.1333,4,6,"no"
40992,43.2917,-71.1781,3,3,"yes"
40997,53.95472,108.9136,4,6,"no"
40999,47.76786,8.92963,3,3,"yes"
41018,41.43305,-70.6646,3,3,"yes"
41025,42.48245,-70.8823,3,3,"yes"
41027,41.8545,-73.2566,3,3,"yes"
41030,37.99026,-122.79,3,3,"yes"
41098,65.2891,126.7699,4,4,"yes"
41140,40.881,-106.734,6,3,"no"
41146,40.54546,-106.682,6,6,"yes"
41159,40.89614,-106.682,6,3,"no"
41161,40.78184,-106.679,6,6,"yes"
41163,40.50467,-106.608,6,6,"yes"
41171,40.77162,-106.828,6,6,"yes"
41183,60.25849,-149.908,8,6,"no"
41189,56.38444,-5.50139,3,3,"yes"
41191,16.23568,-15.8629,7,7,"yes"
41197,36.80333,8.253889,3,7,"no"
41199,35.08333,7.6,3,7,"no"
41222,50.82778,-1.72583,3,3,"yes"
41233,55.12028,-3.0725,3,3,"yes"
41235,56.61667,84.16667,3,4,"no"
41237,62,76.66667,4,4,"yes"
41247,25.87085,99.27974,1,3,"no"
41252,65.03944,125.0369,4,4,"yes"
41264,73.33333,124.2,4,8,"no"
41273,32.91,-5.34,7,7,"yes"
41298,1.52,30.575,5,2,"no"
41305,50.62278,-3.94271,3,3,"yes"
41308,50.97472,-3.63306,3,3,"yes"
41310,50.65556,-3.91,3,3,"yes"
41314,-23.665,15.33466,6,6,"yes"
41320,51.11722,-3.82611,3,3,"yes"
41323,51.13944,-3.83278,3,3,"yes"
41326,50.93389,-3.43333,3,3,"yes"
41329,51.06583,-3.6875,3,3,"yes"
41333,50.97056,-3.62361,3,3,"yes"
41335,50.97806,-3.64389,3,3,"yes"
41337,50.65472,-3.95694,3,3,"yes"
41366,51.90856,10.18141,3,3,"yes"
41399,51.67405,10.31514,3,3,"yes"
41401,46.15919,8.74872,3,3,"yes"
41411,56.66667,-5.86667,3,3,"yes"
41426,46.32603,7.07212,3,3,"yes"
41448,46.39684,7.33143,3,3,"yes"
41467,46.05152,8.94329,3,3,"yes"
41469,47.16969,7.66823,3,3,"yes"
41476,50.6125,-3.96222,3,3,"yes"
41485,54.77534,-8.46824,3,3,"yes"
41489,46.32917,7.27588,3,3,"yes"
41491,41.73441,24.13967,3,6,"no"
41502,55.02284,-8.3492,3,3,"yes"
41525,41.19194,-4.66806,3,3,"yes"
41527,43.52889,-5.76889,3,6,"no"
41543,37.6,12.65,3,2,"no"
41580,38.08806,-105.632,6,6,"yes"
41582,7.866667,39.36667,5,2,"no"
41587,37.01879,14.34455,3,7,"no"
41589,46.38679,7.40589,3,3,"yes"
41604,42.98787,10.89516,3,6,"no"
41606,58.497,-124.652,3,6,"no"
41612,58.5785,-124.55,3,6,"no"
41614,39.15163,-106.406,6,6,"yes"
41627,-28.531,28.47147,3,2,"no"
41631,44.1199,10.67378,3,6,"no"
41634,44.32009,10.83865,3,6,"no"
41646,43.38111,-6.32722,3,6,"no"
41653,51.76632,10.51354,3,3,"yes"
41657,39.59722,-4.67417,3,6,"no"
41669,39.44111,-4.09639,3,6,"no"
41746,40.33472,-5.79222,3,6,"no"
41753,40.30722,-4.93417,3,6,"no"
41755,42.53333,-8.51667,3,6,"no"
41758,42.29222,3.291111,3,3,"yes"
41760,43.23278,-4.48917,3,3,"yes"
41762,48.16475,-114.361,6,4,"no"
41764,70.0516,27.84761,4,4,"yes"
41766,60.34577,19.97168,4,3,"no"
41770,45.99663,8.92794,3,3,"yes"
41842,46.39429,7.97395,3,3,"yes"
41864,61.24441,-136.929,4,8,"no"
41909,40.34167,-7.57639,3,6,"no"
41911,40.36278,-7.63611,3,6,"no"
41928,38.30444,-8.7725,3,6,"no"
42001,46.14714,-85.494,3,3,"yes"
42161,59.41115,-97.49,4,4,"yes"
42421,37.66528,46.63194,6,6,"yes"
42542,51.77919,10.49389,3,3,"yes"
42547,40.02309,-107.119,3,6,"no"
42555,49.04274,8.75934,3,3,"yes"
42559,43.78837,-110.794,6,3,"no"
42563,55.01868,-8.38863,3,3,"yes"
42568,48.7312,8.644115,3,3,"yes"
42645,32.70177,-109.92,6,6,"yes"
42649,47.69465,9.006615,3,3,"yes"
42652,47.67799,8.97433,3,3,"yes"
42655,52.09154,-131.212,4,4,"yes"
42681,48.57466,8.348515,3,3,"yes"
42687,48.66846,8.29549,3,3,"yes"
42689,47.75398,9.024175,3,3,"yes"
42692,48.66846,8.29549,3,3,"yes"
42722,48.24774,-55.4936,4,4,"yes"
42745,61.07859,-138.373,4,8,"no"
43295,-44.9086,-71.5644,6,4,"no"
43513,46.46994,9.80624,3,3,"yes"
43525,57.35149,-7.26989,3,3,"yes"
43533,58.26503,-6.7703,3,3,"yes"
44723,47.09077,8.08088,3,3,"yes"
44896,53.19781,-4.10115,3,3,"yes"
44941,68.66045,16.3814,4,4,"yes"
44951,48.33724,20.42514,3,3,"yes"
45105,39.98778,20.77556,3,7,"no"
45111,37.18556,50.1475,6,7,"no"
45113,31.41889,35.38833,6,7,"no"
45117,45.33407,22.80349,3,3,"yes"
45137,47.10833,22.66111,3,3,"yes"
45168,40.16667,28,3,7,"no"
45173,40.71667,30.25,3,6,"no"
45181,41.80833,-3.5725,3,3,"yes"
45184,40.86104,-4.06103,3,3,"yes"
45186,40.85222,-4.03111,3,3,"yes"
45188,40.54667,-6.20972,3,6,"no"
45190,42.30417,-6.32139,3,6,"no"
45192,42.12611,-6.07028,3,6,"no"
45194,40.84194,-4.03139,3,3,"yes"
45210,51.91361,0.723333,3,3,"yes"
45219,54.09639,-2.16361,3,3,"yes"
45298,46.46611,23.13639,3,3,"yes"
45311,68.34556,19.1,4,4,"yes"
45314,67.96611,20.46028,4,4,"yes"
45316,31.49111,35.42972,6,7,"no"
45322,37.62,12.64,3,2,"no"
45324,37.60866,12.65464,3,2,"no"
45331,63.4575,8.454444,4,3,"no"
45343,63.35139,8.877778,4,3,"no"
45345,63.05972,9.416944,4,4,"yes"
45347,62.26667,9.833333,4,4,"yes"
45349,61.64917,9.876667,4,4,"yes"
45351,61.5625,10.26778,4,4,"yes"
45377,59.075,24.1,3,4,"no"
45379,59.175,24.43111,3,3,"yes"
45381,59.44,25,3,4,"no"
45383,59.48944,25.53861,3,4,"no"
45385,59.45139,26.01389,3,4,"no"
45387,59.45139,26.01389,3,4,"no"
45389,58.05917,26.51722,3,3,"yes"
45391,57.80833,27.05833,3,3,"yes"
45393,57.73722,27.06917,3,3,"yes"
45395,57.73722,27.06917,3,3,"yes"
45398,57.675,27.075,3,3,"yes"
45406,59.24806,27.54083,3,3,"yes"
45410,59.03333,24.28333,3,4,"no"
45629,-2.83465,-55.0418,1,1,"yes"
45636,68.52691,14.93089,4,4,"yes"
45639,68.48221,17.75935,4,4,"yes"
45642,68.44417,18.07167,4,4,"yes"
45648,-27.4986,153.4547,5,5,"yes"
45655,38.74321,-106.432,6,6,"yes"
45698,60.83513,10.8745,4,4,"yes"
45701,61.10857,10.35931,4,4,"yes"
45704,59.62613,7.98669,4,3,"no"
45707,59.34377,7.305195,4,4,"yes"
45710,59.67017,7.540515,4,3,"no"
45713,59.79602,7.252055,4,3,"no"
45716,59.84206,6.992657,4,3,"no"
45719,58.53741,7.734035,3,4,"no"
45722,58.32601,7.78555,3,4,"no"
45725,58.24415,8.004555,3,4,"no"
45728,58.14445,7.913611,3,4,"no"
45731,59.76488,7.434405,4,3,"no"
46131,36.79131,-92.2231,3,2,"no"
46280,47.02139,7.483806,3,3,"yes"
46290,44.95968,-118.231,6,4,"no"
46292,47.24152,-113.911,6,4,"no"
46447,68.82667,35.32822,4,6,"no"
46449,61.2684,46.75513,4,4,"yes"
46457,60.68702,29.14831,4,4,"yes"
46462,55.11806,41.03972,3,3,"yes"
46466,53.66192,38.5838,3,3,"yes"
46469,60.3575,30.31333,4,4,"yes"
46471,-23.058,43.59051,5,1,"no"
46473,53.21161,35.77489,3,3,"yes"
46475,54.95167,22.34111,3,3,"yes"
46477,58.10645,31.04442,3,3,"yes"
46479,53.83472,36.2525,3,3,"yes"
46481,56.28528,32.0275,3,3,"yes"
46483,55.16667,36.41667,3,3,"yes"
46485,56.06667,37.33333,3,4,"no"
46488,67.36667,62.75,4,8,"no"
46490,59.01111,29.97722,3,3,"yes"
46492,61.03333,60.05,4,4,"yes"
46514,60.50222,29.51694,4,4,"yes"
46516,59.61457,28.61129,4,4,"yes"
46523,53.76667,64.25,6,6,"yes"
46544,58.48888,25.77353,3,3,"yes"
46611,41.43326,-106.337,6,3,"no"
46630,48.58559,-123.683,4,4,"yes"
46645,44.39279,-107.382,6,6,"yes"
46648,46.29951,7.58686,3,3,"yes"
46650,45.82802,9.26482,3,3,"yes"
46655,46.66286,10.20994,3,3,"yes"
46659,44.93616,-109.5,6,3,"no"
46672,56.55185,-135.012,4,6,"no"
46680,53.51975,-120.676,4,6,"no"
46689,-32.4239,18.49444,6,7,"no"
46691,-7.1222,37.62053,5,2,"no"
46695,-0.14531,37.30171,5,6,"no"
46702,14.65787,0.47614,5,6,"no"
46704,-0.46234,37.53599,5,6,"no"
46709,-34.3542,21.53545,6,7,"no"
46711,-4.292,37.92283,5,2,"no"
46720,46.73338,-92.065,3,3,"yes"
46724,-0.92777,-46.7022,1,1,"yes"
46728,-19.7783,46.91939,5,1,"no"
46730,44.96856,-109.572,6,3,"no"
46798,-32.44,19.16,6,7,"no"
46803,60.68695,-148.143,8,6,"no"
46806,-32.4467,19.14861,6,7,"no"
46841,-22.8889,31.0405,5,2,"no"
46995,-0.87361,-46.65,1,1,"yes"
46998,-4.25547,-79.1121,1,1,"yes"
47011,-4.04586,-79.1596,1,1,"yes"
47027,46.61469,10.34647,3,3,"yes"
47110,-41.6606,145.9611,3,3,"yes"
47259,29.97344,-99.3752,6,6,"yes"
47494,-0.91278,-46.6831,1,1,"yes"
47497,-3.97467,-79.1176,1,1,"yes"
47502,-3.98978,-79.1452,1,1,"yes"
47506,33.73917,-118.084,6,6,"yes"
47520,49.07525,13.40005,3,3,"yes"
47527,26.79872,-77.4234,3,2,"no"
47535,59.72039,-161.845,4,6,"no"
47537,40.45547,9.78752,3,2,"no"
47555,36.79913,-91.09,3,2,"no"
47561,-18.0918,-57.5627,5,3,"no"
47564,-12.9974,-65.9861,1,5,"no"
47567,-19.1635,-39.9395,1,1,"yes"
47580,37.90101,13.40842,3,7,"no"
47584,37.90131,13.41265,3,7,"no"
47587,37.85262,14.12767,3,7,"no"
47590,37.90121,14.39575,3,7,"no"
47595,-3.45,29.53333,5,6,"no"
47599,30.291,-87.883,3,6,"no"
47602,31.68721,-81.1522,3,2,"no"
47604,46.15006,7.35751,3,3,"yes"
47610,40.33413,-105.841,6,6,"yes"
47618,46.2525,8.023056,3,3,"yes"
47621,37.3527,-122.257,3,3,"yes"
47663,42.83889,77.3925,6,7,"no"
47666,-0.42342,-78.0179,1,1,"yes"
47669,39.98767,73.55193,6,6,"yes"
47671,41.86734,71.96008,6,3,"no"
47673,41.30935,72.96399,6,3,"no"
47681,41.30912,72.95762,6,3,"no"
47683,41.2815,72.83431,6,3,"no"
47685,41.24565,73.26452,6,3,"no"
47687,42.2944,-111.992,6,3,"no"
47767,-32.4007,18.47406,6,7,"no"
47771,-32.4007,18.47406,6,7,"no"
47817,44.97373,81.03134,6,7,"no"
47864,-4.74201,11.84659,1,1,"yes"
47866,-4.74201,11.84659,1,1,"yes"
47973,-33.9934,22.64129,6,7,"no"
48072,49.63968,15.87371,3,3,"yes"
48358,49.15343,20.07971,3,3,"yes"
48361,60.59302,-150.886,8,6,"no"
48363,59.94518,-151.111,8,6,"no"
48549,37.52858,-119.645,6,6,"yes"
48614,-4.37461,-79.1115,1,1,"yes"
48616,53.60656,-120.652,4,6,"no"
48621,-47.6436,-72.9752,6,4,"no"
48624,-44.2797,-71.5233,6,3,"no"
48633,-4.37461,-79.1115,1,1,"yes"
48645,-4.25658,-79.1209,1,1,"yes"
48651,-2.93333,151.4167,1,1,"yes"
48656,-2.54085,140.5899,1,1,"yes"
48658,53.43892,8.307095,3,3,"yes"
48668,53.66697,8.80243,3,3,"yes"
48685,41.83421,-88.3817,3,3,"yes"
48700,-4.73042,-79.4241,1,1,"yes"
48703,-4.11608,-79.1721,1,1,"yes"
48705,-2.83663,-77.9621,1,1,"yes"
48708,34.29892,-110.655,6,6,"yes"
48712,34.12117,-110.11,6,6,"yes"
48721,64.05443,-114.106,8,4,"no"
48723,46.38043,-91.7011,3,3,"yes"
48728,34.12117,-110.11,6,6,"yes"
48730,46.38043,-91.7011,3,3,"yes"
48733,-4.04382,-79.1626,1,1,"yes"
48735,49.0161,13.41023,3,3,"yes"
48738,58.32503,22.09672,3,4,"no"
48740,34.41357,-119.882,6,6,"yes"
48750,34.27855,-110.459,6,6,"yes"
48752,-37.9118,-71.0408,6,3,"no"
48756,27.96268,-15.5534,7,7,"yes"
48761,53.65993,8.772888,3,3,"yes"
48765,-2.84278,-79.1461,1,1,"yes"
48769,53.65484,8.769558,3,3,"yes"
48771,34.30232,-110.817,6,6,"yes"
48777,53.65498,8.77929,3,3,"yes"
48782,53.67158,8.717136,3,3,"yes"
48794,53.67397,8.724022,3,3,"yes"
48796,53.66392,8.727432,3,3,"yes"
48798,53.67167,8.722844,3,3,"yes"
48814,46.18861,-89.7,3,3,"yes"
48818,46.18583,-89.7031,3,3,"yes"
48837,0.28602,-66.6767,1,1,"yes"
48840,-4.14972,-79.1569,1,1,"yes"
48843,35.82929,-106.614,6,6,"yes"
48846,35.8344,-106.619,6,6,"yes"
48854,35.85899,-106.728,6,6,"yes"
48857,35.79181,-106.634,6,6,"yes"
48861,46.33129,-86.7979,3,3,"yes"
48873,46.84313,-88.8633,3,3,"yes"
48875,-34.0132,22.90335,6,7,"no"
48877,-33.9944,22.64013,6,7,"no"
48879,46.85857,-87.8961,3,3,"yes"
48883,51.71756,5.185116,3,3,"yes"
48887,46.44318,-85.7162,3,3,"yes"
48893,47.41911,-88.0083,3,3,"yes"
48911,45.35584,-72.2262,3,3,"yes"
48923,58.52611,22.42306,3,4,"no"
48925,46.40759,-69.0423,3,3,"yes"
48928,58.33007,22.06158,3,4,"no"
48931,41.31848,-4.14498,3,3,"yes"
48935,41.95209,-3.93936,3,3,"yes"
48942,38.07905,-8.80983,3,6,"no"
48945,35.95367,-118.617,6,6,"yes"
48954,38.55186,-111.696,6,3,"no"
48957,48.11667,-0.78889,3,3,"yes"
48960,45.33944,2.64556,3,3,"yes"
48962,46.82361,6.42306,3,3,"yes"
48964,36.19685,-118.424,6,6,"yes"
48966,52.24591,5.76097,3,3,"yes"
48971,45.13944,2.85917,3,3,"yes"
48973,45.37722,2.90472,3,3,"yes"
48980,44.96389,6.59417,3,3,"yes"
48984,44.91889,6.59417,3,3,"yes"
49063,-13.6167,-61.55,1,1,"yes"
49080,39.603,-4.69673,3,6,"no"
49082,49.81292,-117.878,4,4,"yes"
49106,-23.8675,-46.7056,1,1,"yes"
49139,61.69611,55.57417,4,4,"yes"
49141,61.73139,55.49417,4,4,"yes"
49143,42.06583,9.13417,3,6,"no"
49147,52.2277,-119.349,4,6,"no"
49149,44.385,6.00333,3,6,"no"
49154,53.92133,-121.296,4,6,"no"
49175,38.79895,-2.36032,3,6,"no"
49177,38.38903,-2.5095,3,6,"no"
49179,38.0675,-2.6875,3,6,"no"
49196,65.6577,-17.2345,8,3,"no"
49216,-19.0417,46.78333,5,1,"no"
49218,39.58577,-4.8943,3,6,"no"
49222,43.055,-2.86139,3,3,"yes"
49225,47.82399,-123.219,3,3,"yes"
49229,47.82399,-123.219,3,3,"yes"
49235,47.82399,-123.219,3,3,"yes"
49238,7.323126,13.7399,5,1,"no"
49242,38.50472,-0.88889,3,3,"yes"
49255,44.16725,-81.3116,3,3,"yes"
49257,39.98778,-1.87333,3,3,"yes"
49259,38.91583,1.435,3,3,"yes"
49261,10.54461,12.13132,5,1,"no"
49263,39.94806,4.25861,3,3,"yes"
49265,42.63896,0.92444,3,3,"yes"
49269,7.25281,13.57651,5,1,"no"
49276,42.55037,-72.4319,3,3,"yes"
49347,48.99372,8.7611,3,3,"yes"
49351,50.7653,-82.7798,4,3,"no"
49353,50.40287,10.23705,3,3,"yes"
49356,54.64474,9.14598,3,3,"yes"
49404,44.11382,-110.95,6,3,"no"
49406,-2.71667,29.96667,5,6,"no"
49410,-4.19,29.31026,1,3,"no"
49412,44.95551,-110.602,6,3,"no"
49414,48.63738,-113.857,6,4,"no"
49419,47.8634,-114.324,6,4,"no"
49421,44.39252,-110.423,6,6,"yes"
49428,-16.0333,45.85,5,1,"no"
49430,54.17131,10.41846,3,3,"yes"
49432,54.21785,10.29035,3,3,"yes"
49434,54.14263,10.63284,3,3,"yes"
49444,48.00176,9.64465,3,3,"yes"
49447,13.30694,10.94944,5,7,"no"
49451,44.63154,-111.865,6,4,"no"
49457,54.15722,10.42333,3,3,"yes"
49466,53.24699,12.84694,3,3,"yes"
49468,53.7914,12.28974,3,3,"yes"
49474,53.72396,11.37597,3,3,"yes"
49489,46.64239,22.85947,3,3,"yes"
49495,-2.9,29.98333,5,6,"no"
49497,-1.11667,29.9,5,6,"no"
49499,34.35,36.2,6,6,"yes"
49513,48.9133,22.16329,3,3,"yes"
49519,33.06806,-4.99833,7,7,"yes"
49523,42.47556,12.84722,3,6,"no"
49526,37.44889,49.38028,6,7,"no"
49528,37.35694,50.195,6,7,"no"
49530,39.54889,16.02222,3,7,"no"
49609,42.67222,9.30444,3,6,"no"
49612,57.23111,24.50472,3,3,"yes"
49616,56.85306,26.88722,3,3,"yes"
49618,41.37361,9.21972,3,6,"no"
49636,57.24806,24.61667,3,3,"yes"
49640,57.95417,24.58722,3,3,"yes"
49642,57.03078,25.33517,3,3,"yes"
49658,56.76028,27.14944,3,3,"yes"
49660,56.51722,22.91472,3,4,"no"
49687,57.92139,24.54556,3,3,"yes"
49906,51.99694,16.70528,3,3,"yes"
49913,5.85,10.05,5,1,"no"
49923,-3.15833,30.58333,5,6,"no"
49951,44.50397,19.50429,3,6,"no"
49953,48.64559,17.97578,3,3,"yes"
50117,-40.3421,148.3645,3,3,"yes"
50120,-40.443,148.1438,3,3,"yes"
50125,-40.3589,148.2447,3,3,"yes"
50225,-3.74983,-81.1208,1,1,"yes"
50422,-6.41735,29.55472,1,3,"no"
50424,-6.41735,29.55472,1,3,"no"
50429,-27.18,-46.45,5,2,"no"
51926,45.92936,7.87514,3,3,"yes"
51928,-27.5164,153.4731,5,5,"yes"
51930,-15.9374,126.2799,6,1,"no"
51932,-15.6307,126.3835,6,1,"no"
51974,-16.4022,126.1344,6,1,"no"
52024,44.54135,-110.842,6,4,"no"
52028,-40.4771,148.3508,3,3,"yes"
52034,-38.3202,142.3562,3,3,"yes"
52053,-38.0174,147.6303,3,3,"yes"
52055,45.13062,-84.7813,3,3,"yes"
52057,-38.0643,141.8292,3,3,"yes"
52060,-29.1833,25.75,3,6,"no"
52070,36.86417,41.2375,6,6,"yes"
52072,45.33639,13.65833,3,3,"yes"
52074,41.15556,1.43389,3,3,"yes"
52076,37.54222,30.295,3,6,"no"
52080,35.37083,35.93722,6,6,"yes"
52082,61.48833,26.08083,3,4,"no"
52084,42.18833,2.52972,3,3,"yes"
52088,69.2,21.46667,4,4,"yes"
52092,42.69556,0.04,3,3,"yes"
52093,63.61667,29.1,4,4,"yes"
52095,50.92333,-1.71556,3,3,"yes"
52103,54.23778,-2.99028,3,3,"yes"
52107,42.54556,0.32528,3,3,"yes"
52111,50.865,-1.64639,3,3,"yes"
52113,50.86111,-1.65083,3,3,"yes"
52115,50.85917,-1.59806,3,3,"yes"
52117,50.93417,-1.72083,3,3,"yes"
52119,50.84639,-1.49722,3,3,"yes"
52121,50.85389,-1.43583,3,3,"yes"
52123,50.9125,-1.68556,3,3,"yes"
52127,44.35922,10.12311,3,6,"no"
52131,51.67944,-0.06972,3,3,"yes"
52140,45.02855,-84.6364,3,3,"yes"
52144,44.59948,-83.7693,3,3,"yes"
52150,41.75,12.66667,3,6,"no"
52153,33.25,35.66667,7,7,"yes"
52155,32.82028,35.58861,6,7,"no"
52156,41.71667,12.7,3,6,"no"
52158,51.74,-5.3,3,3,"yes"
52162,41.83056,12.275,3,6,"no"
52170,53.81556,-7.89611,3,3,"yes"
52183,78.91667,12,8,8,"yes"
52191,79.74,10.80421,8,8,"yes"
52192,79.74,10.80421,8,8,"yes"
52196,78.075,20.9225,8,8,"yes"
52198,78.3083,20.6083,8,8,"yes"
52205,55.08444,-6.1925,3,3,"yes"
52209,48.6587,-121.04,4,4,"yes"
52214,68.34472,18.79667,4,4,"yes"
52216,48.9723,13.4001,3,3,"yes"
52218,48.9743,13.4014,3,3,"yes"
52219,48.9743,13.4014,3,3,"yes"
52223,42.90155,19.60225,3,6,"no"
52229,52.4741,6.66741,3,3,"yes"
52236,35.24881,24.27795,7,7,"yes"
52238,47.19861,3.30306,3,3,"yes"
52248,37.13333,29.6,3,6,"no"
52250,38.34,34.45639,3,6,"no"
52251,32.03333,34.28333,6,7,"no"
52257,39.43139,37.08361,3,6,"no"
52260,43.95722,17.75472,3,6,"no"
52266,51.69442,-5.27955,3,3,"yes"
52268,37.13333,29.6,3,6,"no"
52283,42.39806,77.28389,6,7,"no"
52307,53.90687,12.21268,3,3,"yes"
52407,79.74,10.80421,8,8,"yes"
52424,48.94017,13.486,3,3,"yes"
52425,48.9743,13.4014,3,3,"yes"
52429,54.09854,10.25111,3,3,"yes"
52431,48.94017,13.486,3,3,"yes"
52439,47.76601,8.98391,3,3,"yes"
52443,47.63664,-121.889,3,3,"yes"
52454,-14.4667,-61.0667,1,1,"yes"
52462,-41.959,146.6761,3,3,"yes"
52479,37.29111,49.93694,6,7,"no"
52487,-5.1833,141.6333,1,1,"yes"
52497,42.254,-6.7532,3,6,"no"
52499,42.2444,-6.755,3,6,"no"
52505,77.5833,21,4,8,"no"
52507,77.0017,15.505,4,8,"no"
52509,78.057,18.62,8,8,"yes"
52511,78.20833,21.86667,8,8,"yes"
52516,-23.725,-67.7756,6,7,"no"
52520,7.13333,39.76667,5,5,"yes"
52568,-35.318,148.524,3,6,"no"
52570,-35.2466,142.8302,3,7,"no"
52574,-40.5297,144.7747,3,3,"yes"
52586,-27.68,153.41,5,5,"yes"
52590,-15.5704,128.1397,6,1,"no"
52612,46.53972,6.23167,3,3,"yes"
52618,46.54639,6.22917,3,3,"yes"
52620,47.24278,7.09444,3,3,"yes"
52622,46.5475,6.23444,3,3,"yes"
52625,47.17333,13.87333,3,3,"yes"
52629,46.45194,9.75,3,3,"yes"
52631,47.75,13.13833,3,3,"yes"
52633,47.75,13.13833,3,3,"yes"
52648,47.03194,7.29917,3,3,"yes"
52657,-34.8435,-69.9179,6,3,"no"
52661,47.01889,-1.89306,3,6,"no"
52665,42.48028,1.62889,3,3,"yes"
52671,43.27727,2.971296,3,3,"yes"
52673,42.47917,1.56694,3,3,"yes"
52677,42.4675,1.58278,3,3,"yes"
52683,46.976,8.84233,3,3,"yes"
52685,57.35,60.13333,3,4,"no"
52689,0.66639,30.27583,5,2,"no"
52717,73.60722,117.125,4,8,"no"
52721,1.13333,34.6,5,6,"no"
52739,-1.47241,31.56373,5,6,"no"
52748,4,36.08333,5,2,"no"
52752,4.55,6.43333,1,1,"yes"
52757,3.796663,10.02478,5,1,"no"
52790,47.84792,12.56917,3,3,"yes"
52796,15.14967,-92.751,1,1,"yes"
52801,46.52056,7.3645,3,3,"yes"
52805,46.4575,9.8561,3,3,"yes"
52821,18.62601,-90.2857,1,1,"yes"
52824,9.50228,-62.682,1,5,"no"
52826,-19.0431,-39.9449,1,1,"yes"
52829,0.60711,36.0906,6,6,"yes"
52835,-17.0793,-45.1114,1,5,"no"
52837,17.53333,-90.1833,1,1,"yes"
52849,51.50483,23.838,3,3,"yes"
52873,19.05707,20.49929,7,7,"yes"
52892,47.76306,8.93833,3,3,"yes"
52894,47.70972,9.06139,3,3,"yes"
52901,35.32972,24.27583,3,7,"no"
52910,40.33683,-7.60667,3,6,"no"
52912,1.096826,34.5743,5,6,"no"
52917,40.358,-7.63833,3,6,"no"
52919,40.335,-7.60583,3,6,"no"
52922,40.37,-7.63,3,6,"no"
52933,7.6,38.55,5,2,"no"
52942,-3.83556,12.80417,1,1,"yes"
52944,31.3,-109.3,6,6,"yes"
52946,31.3,-109.3,6,6,"yes"
52948,31.63168,-110.453,6,6,"yes"
52950,31.43568,-105.975,6,6,"yes"
52952,37.99167,48.56333,6,7,"no"
52956,-2.27111,28.66028,5,6,"no"
52958,-1.4,29.83333,5,6,"no"
52960,-2.5,28.55,5,6,"no"
52962,31.56388,-110.529,6,6,"yes"
52979,67.26667,48.71667,4,8,"no"
52987,13.31367,11.077,5,7,"no"
52989,20.61,58.17,7,7,"yes"
52991,-4.27,12,1,1,"yes"
52993,-28.4867,32.15885,5,2,"no"
53081,62.32361,9.73833,4,4,"yes"
53117,-38.9402,146.2573,3,3,"yes"
53119,62.795,11.88667,4,4,"yes"
53125,-14.6679,145.4528,5,1,"no"
53131,62.80639,11.94056,4,4,"yes"
53133,52.6923,-83.9442,4,4,"yes"
53140,-32.05,151.4667,5,6,"no"
53142,-10.2154,142.3069,1,1,"yes"
53144,-10.0667,142.15,1,1,"yes"
53147,52.73874,23.89801,3,3,"yes"
53152,-24.43,28.74333,5,2,"no"
53188,37.57754,22.7278,3,7,"no"
53253,-45.32,167.8089,3,3,"yes"
53255,-39.0228,146.33,3,3,"yes"
53257,-30.78,139.9,6,7,"no"
53275,42.89667,-2.24028,3,3,"yes"
53277,43.24111,-3.65306,3,3,"yes"
53279,43.135,-3.40972,3,3,"yes"
53280,47.77639,8.97556,3,3,"yes"
53288,51.23017,6.02908,3,3,"yes"
53329,15.14913,-16.9093,7,6,"no"
53355,-22.1251,43.40634,5,1,"no"
53460,49.735,-125.193,4,4,"yes"
53601,31.53722,35.5625,6,7,"no"
53743,43.24389,47.02583,3,3,"yes"
53747,47.77944,44.47,6,3,"no"
53756,37.08,-88.4894,3,2,"no"
53758,35.3394,-120.827,6,6,"yes"
53764,-2.71191,37.55435,5,6,"no"
53768,56.35,13.46667,3,3,"yes"
53770,56.28333,13.33333,3,3,"yes"
53964,56.35129,14.87855,3,3,"yes"
53966,59.76,14.48222,4,4,"yes"
53968,63.23333,12.41667,4,3,"no"
53969,63.1,12.24167,4,3,"no"
53972,64.26424,19.54899,4,4,"yes"
53976,57.73611,14.28861,3,3,"yes"
53978,68.34118,18.7778,4,4,"yes"
53980,68.33583,18.69306,4,4,"yes"
53984,57.48333,14.78333,3,3,"yes"
53986,61.76667,13.33333,4,4,"yes"
53988,60.3,14.58333,4,4,"yes"
53989,66.23481,20.84245,4,4,"yes"
53991,60.08481,15.79127,4,4,"yes"
53993,56.96667,13.83333,3,3,"yes"
53995,55.46309,13.81355,3,3,"yes"
53999,55.45917,13.75194,3,3,"yes"
54001,55.57556,13.4375,3,3,"yes"
54003,57.02417,14.81306,3,3,"yes"
54004,56.93333,15.26667,3,3,"yes"
54016,56.16667,13.83333,3,3,"yes"
54018,56.26417,13.31861,3,3,"yes"
54020,57.68889,14.49444,3,3,"yes"
54022,56.31667,13.43333,3,3,"yes"
54024,56.25444,13.24333,3,3,"yes"
54026,56.46667,14.56667,3,3,"yes"
54028,57.48333,14.61667,3,3,"yes"
54047,51.668,5.9874,3,3,"yes"
54266,16.52513,2.18726,6,7,"no"
54269,40.00889,16.22444,3,7,"no"
54286,-3.48569,35.34819,5,2,"no"
54295,51.98137,5.97834,3,3,"yes"
54302,45.652,3.808,3,3,"yes"
54305,45.643,3.822,3,3,"yes"
54306,45.652,3.808,3,3,"yes"
54308,45.6505,3.84,3,3,"yes"
54310,45.651,3.84,3,3,"yes"
54314,0.36642,36.7221,6,6,"yes"
54316,56.60887,66.25967,3,4,"no"
54467,-38.24,144.11,3,3,"yes"
54471,-41.03,172.86,3,3,"yes"
54473,-41.425,172.1029,3,3,"yes"
54475,-5.96962,143.1541,1,1,"yes"
54495,6.15,-2.1,1,1,"yes"
70001,44.55,-107.467,6,3,"no"
70002,46.87211,-87.9278,3,3,"yes"
70003,37.03639,22.07639,3,7,"no"
70004,-22.2455,-68.1425,6,3,"no"
100001,31.562,117.394,3,3,"yes"
100008,35.548,104.609,6,3,"no"
100019,33.95,102.35,6,4,"no"
100021,22.733,113.717,3,2,"no"
100022,23.133,113.233,3,2,"no"
100035,26.033,105.833,2,3,"no"
100040,40.867,115.85,6,3,"no"
100042,38.967,118.6,3,3,"yes"
100044,41.2,116.633,6,3,"no"
100045,40.567,115.15,3,3,"yes"
100048,38.45,114.917,3,3,"yes"
100053,40.117,114.217,3,3,"yes"
100055,48.133,134.7,3,4,"no"
100057,47.533,133.867,3,4,"no"
100065,36.017,114.533,3,3,"yes"
100068,31.75,110.667,3,3,"yes"
100069,30.133,112.333,3,3,"yes"
100072,29.996,115.807,3,3,"yes"
100077,42.95,122.35,3,3,"yes"
100079,40.583,112.667,3,3,"yes"
100088,49.127,117.506,3,4,"no"
100090,42.374,117.47,6,3,"no"
100100,31.617,121.383,3,2,"no"
100115,42.3,126.367,3,3,"yes"
100117,43.633,129.2,3,3,"yes"
100119,42.35,126.383,3,3,"yes"
100121,42.581,128.326,3,3,"yes"
100122,43.883,125.217,3,3,"yes"
100127,41.28333,72.83333,6,3,"no"
100128,41.86667,71.96667,6,3,"no"
100131,41.31,72.96,6,3,"no"
100132,41.23333,73.25,6,3,"no"
100133,41.31,72.96,6,3,"no"
100135,42.867,122.883,3,3,"yes"
100140,48.62167,88.34583,6,4,"no"
100142,49.08,107.2875,3,4,"no"
100143,47.76667,102.7667,6,8,"no"
100145,43.43333,104.1,6,6,"yes"
100147,18.38333,108.0667,1,1,"yes"
100151,37.1,95.5,8,6,"no"
100157,34.011,97.241,8,8,"yes"
100158,37.593,101.35,6,3,"no"
100159,36.667,100.517,6,4,"no"
100162,33.95,107.733,3,3,"yes"
100169,30.95,121.867,3,2,"no"
100178,27.833,102.667,3,3,"yes"
100181,31.113,99.755,6,4,"no"
100182,28.583,102.217,3,3,"yes"
100183,30.298,99.552,6,4,"no"
100188,23.867,120.917,3,2,"no"
100190,43.617,92.8,7,8,"no"
100193,44.418,86.024,6,7,"no"
100197,43.117,86.85,6,7,"no"
100201,43.801,89.133,7,7,"yes"
100204,45.833,85.917,6,6,"yes"
100206,44.31,89.143,7,7,"yes"
100207,37.033,80.767,8,6,"no"
100210,47.217,87.3,6,6,"yes"
100214,43.8,89.122,7,7,"yes"
100215,37.15,79.917,7,8,"no"
100217,33.72,78.81,8,6,"no"
100218,29.813,92.54,8,8,"yes"
100219,30.467,91.5,8,8,"yes"
100226,31.95,90.333,8,8,"yes"
100229,32,90.9,8,8,"yes"
100230,25.855,100.171,3,3,"yes"
100238,50.25,89.625,6,4,"no"
100239,52.08333,105.8653,4,6,"no"
100241,50.5055,87.64167,4,6,"no"
100243,50.45404,87.67608,4,6,"no"
100244,50,137.05,3,4,"no"
100245,47.83333,135.6667,3,4,"no"
100246,53.03333,51.84167,3,3,"yes"
100247,53.7,140.1167,3,6,"no"
100248,44.42,59.98333,6,7,"no"
100251,43.9085,128.75,3,3,"yes"
100252,45.206,132.509,3,3,"yes"
100253,39.65,109.9,6,3,"no"
100254,72.39888,102.2886,8,8,"yes"
100256,49.41667,90.51667,6,4,"no"
100259,52.8526,78.62668,3,3,"yes"
100260,52.75,108.083,4,6,"no"
100262,71.86667,127.0667,4,8,"no"
100265,55.44,107,4,6,"no"
100266,55.44,107,4,6,"no"
100268,52.78333,108.1167,4,6,"no"
100273,74.473,98.636,8,8,"yes"
100275,64.85833,175.2333,4,8,"no"
100276,55.52,108.47,4,6,"no"
100278,63.325,176.5,4,8,"no"
100279,50.0405,155.3952,4,6,"no"
100280,51.34,142.14,3,4,"no"
100281,60.01667,72.08333,4,4,"yes"
100282,50.2,105.2,3,6,"no"
100283,33.30884,78.02516,8,6,"no"
100284,32.929,78.323,8,6,"no"
100286,56.81675,160.0675,4,6,"no"
100288,55.8,109.7,4,4,"yes"
100295,24.483,121.433,3,2,"no"
100296,45.01667,82.83333,6,7,"no"
100299,27.003,100.181,3,3,"yes"
100302,64.8,175.5333,4,8,"no"
100304,35.28217,98.55208,8,8,"yes"
100305,56.11,84.23,3,4,"no"
100306,53.254,157.754,4,6,"no"
100307,56.33333,84.83333,3,4,"no"
100311,67.54722,172.1253,4,8,"no"
100313,46.61025,101.7789,6,8,"no"
100315,38.91,112.23,3,3,"yes"
100317,42.28333,126.6,3,3,"yes"
100319,56.45,84.88333,3,4,"no"
100321,34.61667,80.28333,8,6,"no"
100322,33.379,101.104,6,4,"no"
100325,67.78938,168.73352,4,8,"no"
100326,56.04,130.87,4,8,"no"
100327,65.294,135.7592,4,8,"no"
100328,70.72,132.67,4,8,"no"
100329,70.96,132.57,4,8,"no"
100330,70.53,132.91,4,8,"no"
200003,30.13,101.83,6,4,"no"
200005,31.23,86.72,8,8,"yes"
200007,48.8,86.9,4,6,"no"
200008,36.19,100.1,6,4,"no"
200009,28.97,90.71,1,4,"no"
200010,36.25,101.2,6,4,"no"
200011,31.13,84.17,8,6,"no"
200013,35.65,101.1,6,4,"no"
200014,36.59,100.3,6,4,"no"
200015,39.24,97.92,7,8,"no"
200016,31.35,84.07,8,6,"no"
200114,32.925,117.333,3,3,"yes"
200115,32.925,117.333,3,3,"yes"
200124,39.187,100.135,6,3,"no"
200125,39.006,103.338,6,3,"no"
200127,39.05,103.667,6,3,"no"
200131,22.95,113.367,3,2,"no"
200133,23.417,116.683,3,2,"no"
200138,18.377,108.063,1,1,"yes"
200139,22.32,107.119,3,2,"no"
200140,24.564,107.096,3,2,"no"
200144,25.2,107.998,3,2,"no"
200149,19.867,110.617,3,2,"no"
200153,47.65,132.5,3,3,"yes"
200154,47.217,127.333,3,3,"yes"
200155,31.491,109.996,3,3,"yes"
200157,31.75,110.667,3,3,"yes"
200165,42.033,128.133,3,3,"yes"
200166,42.214,126.518,3,3,"yes"
200169,43.45,125.75,3,3,"yes"
200174,32.15,119.05,3,2,"no"
200177,29.032,116.147,3,2,"no"
200178,41.118,122.687,3,3,"yes"
200183,43.32,116.577,6,3,"no"
200185,40.583,112.7,3,3,"yes"
200186,40.582,112.667,3,3,"yes"
200188,40.83636,113.2786,6,3,"no"
200191,39.783,109.333,6,3,"no"
200194,40.467,110.67,3,3,"yes"
200200,35.95,90.833,8,8,"yes"
200201,36.247,100.407,6,4,"no"
200202,38.1,96.4,7,8,"no"
200204,37.167,97.55,7,8,"no"
200208,36.75,100.167,6,4,"no"
200209,34.103,92.628,8,6,"no"
200211,34.867,90.5,8,8,"yes"
200213,33.37619,101.1027,6,4,"no"
200226,33.983,107.733,3,3,"yes"
200229,30.95,121.867,3,2,"no"
200232,31.783,120.441,3,2,"no"
200234,32.962,103.137,3,3,"yes"
200235,33.454,102.64,6,4,"no"
200239,30.017,93.933,8,8,"yes"
200243,31.537,90.829,8,8,"yes"
200244,29.667,91.067,1,4,"no"
200251,30.918,90.878,8,8,"yes"
200253,31.583,91.15,8,8,"yes"
200254,44.545,83.794,6,7,"no"
200256,42.655,89.416,7,7,"yes"
200257,42.675,89.418,7,7,"yes"
200258,41.931,86.804,6,7,"no"
200265,43.399,94.245,7,8,"no"
200269,25.12,98.55,1,3,"no"
200272,26.634,99.717,3,3,"yes"
200274,25.101,100.1,3,3,"yes"
200275,26.62894,99.70933,3,3,"yes"
200279,30.887,122.428,3,2,"no"
200280,29.082,107.001,3,3,"yes"
200282,68.64167,-149.457,8,8,"yes"
200283,70.66744,97.71586,8,8,"yes"
200284,43.61583,92.77417,7,8,"no"
200285,63.07816,117.9981,4,4,"yes"
200287,69.54833,90.21167,8,8,"yes"
200288,59.98957,112.986,4,4,"yes"
200289,59.99095,112.9835,4,4,"yes"
200292,33.45,102.633,6,4,"no"
