"Dataset_ID","Latitude","Longitude","Biome"
7,47,-80.1167,3
8,33.95639,-119.977,6
9,43.30556,41.33333,3
11,67.75,135.5833,4
12,55.93448,13.42774,3
16,53.694,8.729075,3
19,47.11667,138.55,4
20,69.12326,27.67406,4
24,53.3,-60.54,4
31,60.14,152.33,4
33,43.31667,131.8167,3
69,67.66667,178.6,4
200,43.26806,41.30833,3
202,46.41667,-92.7167,3
203,36.03,-85.5,3
204,45.725,-93.25,3
206,64.64,-128.08,8
208,67.13,-153.9,4
209,47.48,-70.68,3
210,43.5,-105.45,6
214,39.495,-95.5267,6
215,52.95,-6.43333,3
219,45.54,-73.31,3
221,45.39,-79.5,3
224,78.49167,-76.78,8
225,52.19,-10.31,3
226,53.16667,-6.25,3
230,43.13333,131.6,3
232,30.63,-83.25,2
234,37.6,-119.01,4
236,47.23,-79.78,3
238,46.4,-78.9167,3
239,45.8,-122.49,3
240,41.14389,-81.3286,3
245,47.18,-80.16,3
250,37.47311,-108.16,3
253,65.01667,-127.483,4
254,42.25,-77.916667,4
256,43.25,134.5667,3
258,54.04722,-76.1203,4
259,70.58333,145,8
260,42.51,-73.32,3
261,67.66667,135.5833,4
267,71.76,-124.24,8
268,72.37,-119.84,8
269,73.53444,-120.209,8
272,47.55918,-94.9708,3
275,46.27058,-94.5516,3
278,35.62,-84.19,3
279,44.95611,-110.601,4
281,33.56333,-88.4744,3
287,43.08333,-89.8667,3
298,47.1775,-95.1627,3
302,55.575,-119.433,3
303,55.33333,-63.2,4
304,30.36,-97.1261,2
306,47.45778,-69.4528,3
307,55.25,-67.4,4
308,45.56,-70.68,3
309,43.91667,-74.6833,3
311,54.36,-70.35,4
312,43.22,-81.73,3
314,44.95769,-93.5451,3
315,40.68056,-82.0625,3
316,38.15472,-79.6164,3
317,70.18109,28.40721,4
318,44.29861,-110.261,4
321,40.79722,-82.9333,3
324,42.60379,-73.5618,3
328,33.5,-86.5333,2
329,45.96111,-73.8681,3
331,30.28,-84.99,2
332,46.67,-88.02,3
335,59.55,151.8333,8
336,45.95833,-73.8689,3
337,47.63972,-71.2358,3
339,48.19778,-64.94,3
340,44.93672,-68.7734,3
341,55.66667,-63.25,4
342,44.15,7.694444,3
343,45.91806,-120.881,3
345,40.21,-84.68,3
346,46.61389,-72.9986,3
352,45.41,-93.2,3
354,61.97684,129.3779,4
357,19.5,-99,6
361,45.65139,-60.675,3
363,53.41667,26.43333,3
364,43.18333,134.4333,3
365,60,66.5,3
369,43.12389,-83.2411,3
374,49.61667,3.816667,3
375,40.67587,-88.3244,3
381,59.51667,-122.167,4
489,43.12507,-93.4297,6
490,41.63854,-86.5446,3
492,33.7989,-78.9534,2
493,50.87361,-107.933,6
496,53.91,-66.78,4
497,42.02,-93.27,3
501,50.03417,-56.1964,4
506,38.87213,-107.083,4
507,67.83333,-115.317,8
510,45.96083,-73.3419,3
513,44.83544,-99.9081,6
514,38.82873,-106.411,4
516,44.1,-78.1,3
517,36.52986,-112.149,3
518,38.2,-80.2833,3
519,49.19,-81.26,3
523,39.96667,-77.55,3
524,52.11667,-90.0833,4
525,51.65,-116.42,4
527,68.33,-146.46,4
530,46.47722,19.19083,3
531,50.26667,26.01667,3
532,44.72,-84.95,3
534,44.125,-111.183,3
538,48.4075,-89.3467,3
539,36.79913,-91.09,3
543,44.65,-110.6,4
547,0.266667,-66.6833,1
549,54.88333,-69.4,4
550,46.59167,-122.25,3
672,43.24126,-80.3674,3
673,44.03333,-71.8333,3
675,54.41,-69.92,4
677,54.42361,-69.9297,4
678,62.05,-118.7,4
679,43.48,-85,3
682,57.03333,124.1167,4
684,43.4178,-89.7321,3
688,60.99,-69.95,8
691,48.91083,-66.125,3
693,37,-119.083,3
699,36.58333,-76.45,3
701,43.95,-110.23,4
715,67.75673,-178.842,8
719,40.02417,-107.051,4
720,70.32584,31.02587,4
723,48.75,28.25,3
772,41.9327,-70.0005,3
773,45.85,-70.35,3
776,44.16667,-71.6667,3
777,53.23333,-58.55,4
778,57.75,-112.09,4
782,46.40833,-62.15,3
784,40.81806,21.9525,3
785,44.36,-80.25,3
788,51.79,60.73,4
790,39.93667,-105.58,3
791,67.41667,172.0833,4
792,62.08333,149,8
796,44.07,-110.31,4
799,67.43333,172.1667,4
801,68.25,166,8
802,61.24444,-100.951,4
803,61.16667,-100.917,4
804,59,78.33333,3
805,41.92,-82.76,3
808,48.35194,-123.682,3
811,68.12,-156.07,4
813,41.19616,-81.3348,3
816,37,-119.833,3
818,43.96667,-110.433,4
820,58.86694,-71.7169,4
821,45.28278,-72.9828,3
823,45.41,-79.39,3
828,34.40556,-95.8083,3
829,56.25,-121.42,3
834,54.74222,-101.682,4
835,44.55,-107.467,4
841,43.47121,-109.939,4
843,43.43889,-109.95,4
847,42.33,-83.61,3
849,49.58596,-93.7445,3
850,44.94577,-94.4207,6
852,41.16,-71.58,3
853,38.61,-111.67,3
856,48.22,-84.93,3
857,46.27583,-73.4758,3
858,43.28333,40.26667,3
860,44.05,-87.73,3
866,63.38333,147.65,8
867,49.66667,31.83333,3
871,45.94583,-74.3708,3
873,41.37709,-75.0932,3
876,55,83.33333,3
878,49.448,-99.2897,3
880,59.75,149.9167,4
966,43.65,-122.042,3
968,61.11,152.26,4
969,31.72111,-86.1342,2
971,44.99,-69.32,3
973,45.19,-77.36,3
974,53,-98.25,3
976,52.25,-67.0667,4
977,63.70291,8.689085,4
978,55.03333,-62.6333,4
982,44.88,-85.13,3
986,43.64,-79.47,3
987,50.76671,-55.5315,4
997,50.06667,137.0833,3
998,63.16667,175,4
999,37.98472,-78.9972,3
1000,50.32056,-105.884,6
1001,60.03333,-129.017,4
1002,43.24,-80.41,3
1003,68.38333,-138.383,4
1006,64.44444,-146.908,4
1008,52.93333,-66.95,4
1013,34,-109.43,3
1024,67.93333,-155.05,4
1028,58.2,-63.0333,4
1030,43.75,-110.6,4
1033,45.98889,-73.3,3
1104,63.94,-144.658,4
1105,44.51667,-76.6,3
1107,64.63333,-138.4,4
1111,46.55,-94.1333,3
1114,41.65,-87.0722,3
1133,41.72,-86.55,3
1135,43.64,-79.48,3
1136,43.64,-79.49,3
1137,43.65,-79.5,3
1139,48.61861,-58.965,4
1141,67.66667,86,4
1142,66.135,-66.0833,8
1144,47.96667,142.1667,4
1147,50.91667,-90.45,3
1148,44.63333,-122.575,3
1149,44.48333,-77.05,3
1152,38.865,-107.033,4
1153,47.13556,-93.6436,3
1155,56.81667,38.76667,3
1156,48.81667,141.9667,4
1157,47.31667,-81.7667,3
1158,62.07229,149.5398,4
1160,37.43255,-85.7246,3
1161,70.89417,179.6236,8
1162,34.33333,-110.833,3
1171,50.22,-80.2,4
1254,46.93278,-70.9328,3
1255,42.26,-93.7,3
1390,66.76667,-157.217,4
1391,48.24,-58.24,4
1393,47.25778,-71.1628,3
1397,45.99194,-73.3028,3
1432,68.14,-161.44,4
1434,58.19142,27.41146,3
1435,49.72651,15.97089,3
1437,54.02778,-76.6439,4
1438,57.64055,14.53458,4
1439,53.03,70.22,3
1440,46.51667,32.61667,6
1441,70,85,8
1442,55,83,3
1444,55,81,3
1445,64.16,-127.6,8
1447,45.3,-90.35,3
1448,44.24,-87.85,3
1451,48.32,-71.39,3
1520,44.77085,-93.1226,3
1522,57.68291,27.25128,3
1523,48.24,-121.62,4
1524,45.66667,-87.455,3
1541,66.98,-156.46,4
1542,63.28333,147.75,8
1543,57.5,69,3
1549,52.96222,70.38044,3
1551,66,-179,8
1553,64.98333,143.375,4
1559,71.06667,156.25,4
1562,70.66667,156.75,4
1563,69.96667,156.375,4
1564,47.34,-91.81,3
1568,41.38215,-75.2913,3
1569,46.72,-70.29,3
1571,47.28,-79.11,3
1572,44.27,-66.08,3
1574,41.42,-84.76,3
1577,43.04169,-6.13878,3
1580,45.59,-84.32,3
1581,45.05,-84.79,3
1582,67.05,-50.4667,8
1587,55.00917,-73.5167,4
1590,49.68333,-74.5833,4
1591,56.28333,-75.1,4
1592,56.02464,-74.9465,4
1594,55.11083,-75.2489,4
1595,56.1,-75.2833,4
1598,57.91667,-75.6167,4
1599,58.58333,-75.25,4
1601,58.57833,-75.245,4
1603,58.14167,-75.15,4
1604,73.59139,-98.5389,8
1606,46.82833,-80.6983,3
1607,48.4,-81.3167,3
1611,51.57333,-55.55,4
1615,46,-73.2169,3
1617,65.94222,-135.514,4
1622,49.47133,-55.473,4
1623,64.1,171.1833,4
1626,49.21,-65.81,3
1628,59.58333,151.8667,4
1632,59.2,-135.39,4
1633,45.04816,-92.8239,3
1635,43.77,-110.33,4
1637,43.76667,-110.317,4
1639,47.286,-93.6005,3
1642,44.16658,-123.584,3
1648,27.20731,-81.3509,5
1650,52.44715,-56.431,4
1651,44.6682,-63.9366,3
1655,43.16667,-78.7167,3
1656,54.72528,-112.481,4
1657,56.71667,-119.717,4
1658,44.14,-71.7011,3
1659,62.6,-101.24,4
1661,40.49095,-75.6697,3
1663,45.04,-68.2,3
1664,65.5,-171.7,8
1666,47.63516,-110.484,6
1667,44.25,-71.25,3
1670,52.94643,-131.764,4
1671,26.48111,-80.4156,5
1680,61,78.5,4
1684,56.84167,-101.042,4
1687,64.83333,120.9667,4
1691,47.59722,-70.9764,4
1695,60.88333,151.6167,4
1698,45.04,-68.73,3
1701,43.225,-80.6597,3
1703,47.05,-71.4,3
1704,68.26667,-133.467,4
1705,49.30833,-122.547,3
1707,44.15,-110.24,4
1709,56.78,-64.83,4
1715,46.72639,-73.0306,3
1716,46.78778,-72.8378,3
1718,45.30278,-66.0708,3
1719,45.05,-80.09,3
1724,64.13333,-110.583,4
1725,46.42694,-84.952,3
1732,44.98419,-97.3501,6
1733,65.21,-126.13,4
1735,43.1,-89.4167,3
1736,46.61667,142.9167,3
1754,47.49694,-70.3758,3
1755,66.91667,-155.033,4
1758,8.916667,-70.8333,6
1762,37.73778,-107.698,4
1763,43.76667,-69.3,3
1766,34.6492,-111.752,3
1768,46.85592,-98.1598,6
1769,52.26667,-58.05,4
1770,51.38333,-94.25,3
1772,48.76917,-122.118,3
1773,44.6275,-68.6392,3
1776,29.29993,-81.866,2
1778,46.85894,-94.7554,3
1780,60.03333,-141.967,4
1782,39.53,-95.5133,6
1783,71.78333,-122.667,8
1786,47.98261,-93.3853,3
1788,63.01667,-128.8,8
1789,34.66333,-95.3861,3
1791,57.65,-71.65,4
1794,46.40707,-92.6866,3
1796,40.54583,-83.8333,3
1802,31.3,31.6,3
1803,31.10833,31.71667,5
1804,31.125,31.86667,5
1806,67.86667,-160.433,4
1807,46.6,-81.5,3
1809,49.16667,142.0167,4
1810,61.25,77,4
1814,41.28333,-70.2083,3
1815,35.08333,-89.9167,3
1817,42.65171,-73.0534,3
1820,45.21,-79.45,3
1824,43.38,-95.16,6
1826,37.11667,-89.8333,3
1829,48.42222,-89.3239,3
1831,46.34159,-94.408,3
1836,48.23333,138.4833,4
1837,48.23333,138.4833,4
1841,47.53278,-68.9439,3
1842,48.21667,138.4,3
1843,43.25,134.5667,3
1844,43.25,134.5667,3
1845,50.41667,80.46667,3
1847,43.62,-79.48,3
1849,53.05,-57.75,4
1852,43.46806,-109.959,4
1854,43.45,-109.941,4
1856,43.45917,-109.92,4
1857,43.18,-81.75,3
1859,41.51,-71.45,3
1860,49.36771,75.39858,3
1862,48.56,-88.74,3
1864,56.67,-64.68,4
1866,19.58333,-101.583,3
1868,44.1,-78.34,3
1879,43.33,-79.82,3
1882,67.2,-142.067,4
1883,49.48,-92,3
1885,62.41667,165.4167,4
1886,59.85,150.6167,4
1888,51.65139,-100.899,3
1889,43.3,132.1167,3
1890,50.56,-66.29,4
1891,46.96667,-95.3167,3
1894,9.166667,-70.8333,6
1897,42.16,-93.9,3
1904,45.47,-75.81,3
1906,48.6,-124.2,4
1961,44.03333,-70.35,3
1964,48.90725,-123.833,3
1965,44.93,-79.78,3
1966,47.081,-94.113,3
1967,41.57611,-87.2225,3
1968,46.67361,-64.075,3
1969,42.63333,130.8,3
1970,37.93746,-111.696,3
1972,37.6,-80.1333,3
1974,36.6,-90.5833,3
1979,61.03333,151.7167,8
1980,42.62222,-78.4667,3
1981,47.075,-64.8,3
1982,38.02694,-76.22,3
1984,38.33333,-76.3097,3
1986,66.7,79.73333,4
1987,63.5,-162.21,4
2001,40.67,-84.89,3
2004,64.11667,-110.567,4
2005,16.91667,-89.8167,1
2006,34.33,-84.87,3
2007,41,-81.9667,3
2011,43.4,-88.1,3
2013,58.23278,-72.0669,4
2015,58.21694,-71.95,4
2016,58.23278,-72.0669,4
2022,65.23603,-126.414,4
2023,45.6,-76.1,3
2025,67.13883,-153.637,4
2026,42.72889,-109.194,4
2028,49.35,-92.7,3
2030,32.46667,-93.1667,2
2045,67.41667,-149.8,4
2047,67.68333,-155.033,4
2048,45.67,-71.33,3
2049,40.08,-105.54,3
2050,67.25,-152.6,4
2053,46.21194,-95.2842,3
2054,69.11667,-132.167,4
2061,38.88639,-76.3947,3
2063,39.95361,-85.7417,3
2065,48.00942,-101.54,6
2068,54.30556,-84.5583,4
2262,51.6,-55.53,4
2265,48.05194,-65.2669,3
2266,48.26,-58.81,4
2267,56.76667,-64.8167,4
2268,62.16667,149.5,4
2270,41.3525,-72.2992,3
2286,45.97,-73.33,3
2287,44.18,-79.44,3
2289,41.9,-77.92,3
2290,46.58333,-93.6,3
2292,43.92,-69.49,3
2293,43.5,-81,3
2297,73.13333,-95.2833,8
2303,72.58636,-95.0754,8
2311,67.07,-154.24,8
2314,44.87083,-93.859,3
2317,42.83333,131.3667,3
2318,46.13194,-85.1792,3
2319,51.39,-66.21,4
2324,67.43333,-147.85,4
2332,46.65417,-72.9789,3
2335,42.1,-6.73333,3
2338,33.65833,-117.858,6
2341,42.98,-82.32,3
2342,46.06,-74.37,3
2343,46.17,-74.38,3
2347,46.91944,-55.6125,4
2348,54.41667,-131.907,4
2351,67.58333,-151.417,4
2352,68.25,-145.18,4
2355,44.45,-87.53,3
2362,53.21667,135.05,3
2363,53.21667,135.0333,3
2364,53.21667,135.0667,3
2367,50.14,-67.13,3
2368,49.23333,142.0833,4
2369,49.23333,142.0833,3
2373,48.29389,-72.1469,3
2377,45.01667,-64.1833,3
2378,45.35889,-72.5847,3
2381,44.2697,-107.012,4
2382,45.15,-81.42,3
2384,44.56,-63.64,3
2385,40.35434,-83.8125,3
2388,46.13333,137.8333,3
2391,43.96,-70.34,3
2393,49.93333,-91.5667,3
2395,20.86667,-90.1333,1
2396,20.86667,-90.1333,1
2476,69.28333,-133.583,4
2576,44.93333,-110.35,4
2578,40.20556,-82.4458,3
2579,64.76651,141.1036,4
2580,57.16,-119.97,4
2583,62.16667,149.5,4
2586,46.47,-86.9583,3
2587,38.83278,-107.069,4
2588,38.83164,-107.078,4
2590,55.51139,-119.583,3
2591,41.68,-76.35,3
2593,41.23687,-74.1833,3
2596,68.66667,159.5,8
2598,39.67,-82.94,3
2603,53.92276,-58.9169,4
2609,40.21667,-84.6894,3
2611,60.95,-137.958,4
2612,55,80.25,3
2614,57.05,123.85,4
2615,49.31969,-122.562,3
2617,41.39139,-74.0378,3
2618,74.5209,79.45742,8
2619,37.95,-119.83,3
2620,41.72106,-102.499,6
2622,67.65,-132.017,4
2623,40.4,-74.4833,3
2624,44.15,-91.45,3
2625,63.02944,-146.063,4
2626,41.03888,-75.2638,3
2627,59.66667,151.2,4
2629,41.275,-70.0583,3
2631,46.10056,-123.907,3
2637,63.12,-145.55,4
2642,66.56,-143.15,4
2643,42.83333,132.7833,3
2644,37.90833,-119.258,4
2645,41.95,-71.0333,3
2646,63.06667,-110.792,4
2647,50.81531,-114.599,4
2649,55,84,3
2650,56.16667,84,3
2651,44.85,-77.18,3
2652,52.73333,-118.367,4
2654,45.55,-73.32,3
2660,61.01667,152.3333,8
2661,69.04938,-133.451,4
2663,27.58613,-81.5034,2
2669,55.01667,-67.5,4
2671,49.15778,-65.7628,3
2673,35.58472,-84.2106,3
2880,37.46906,-108.103,3
2882,66.05,-135.656,4
2884,67.83333,135.5833,4
2888,46.19,-95.31,3
2890,47.30833,-84.2583,3
2892,46.09012,-68.8933,3
2901,8.808333,-70.7917,1
2902,44.30861,-74.3708,3
2903,44,-79.38,3
2904,63.28333,147.75,4
2905,47.11667,138.5833,4
2906,47.03333,138.5833,4
2907,47.11667,138.5833,4
2919,42.35154,-88.1848,3
2920,42.9,132.75,3
2922,48.52917,-124.002,3
2925,52.78333,-117.083,4
2943,26.35972,-80.3706,5
2944,26.2875,-80.4114,5
2948,46.95,-94.95,3
2949,45.03333,-77.4333,3
2951,51.51667,-57.3,4
2953,48.67222,-124.844,3
2954,64.35,-151.29,4
2955,52.24167,-117.217,8
2956,46.32431,-92.7808,3
2959,41.97,-71.13,3
2960,42.56111,-78.9339,3
2961,42.4,-85.3833,3
2962,59.25,-114.15,4
3029,46.11667,-94.1167,3
3031,45.00502,-93.5728,3
3032,46.42917,-85.6611,3
3033,63.47,-150.88,4
3035,45.34,-90.08,3
3039,37.725,-119.625,3
3040,71.16667,-179.75,4
3041,43.9,-80.4,3
3042,43.91,-80.4,3
3046,48.51,-79.64,3
3047,46.75493,-87.9425,3
3048,56.76667,-119.483,4
3050,43.03,-93.87,3
3051,45.55,-78.64,3
3054,37.71109,-105.741,3
3056,37.56953,-105.514,3
3058,45.25397,-67.3317,3
3060,37.36667,-110.867,6
3078,62.66667,147.9833,4
3080,62.66667,147.9833,4
3081,43.91694,-89.1669,3
3125,50.69095,-99.6584,3
3126,34.40556,-95.8083,3
3130,44.18236,-73.9696,3
3132,29.58333,-97.6083,3
3138,46.41694,-92.7169,3
3149,60.35667,-123.647,3
3452,45.3,-90.35,3
3454,44.19583,-79.5128,3
3468,45.42363,-93.6907,3
3471,57.11667,-76.3783,4
3473,46.25,-89.9,3
3482,48.14256,-91.1125,3
3483,48.14256,-91.1125,3
3484,30.725,-83.2583,2
3487,44.98419,-97.3501,6
3488,43.1,-89.4167,6
3492,47.24476,-95.0077,3
3493,41.81115,-73.2927,3
3497,42.54358,-78.478,3
3499,48.85,142,4
3500,30.36667,-97.1167,2
3501,38.90363,-89.1898,3
3558,45.04,-93.63,3
3559,41.57611,-87.2225,3
3561,34.46222,-111.345,3
3563,41.57,-85.25,3
3565,46.89194,-71.8078,3
3568,46.92222,-95.575,3
3582,36.16667,-76.6833,3
3611,33.86667,-108.25,6
3771,56.63333,-63.8833,4
3774,47.0747,-98.5866,6
3775,45.25397,-67.3317,3
3781,45.3,-91.45,3
3790,42.51667,-72.2125,3
3830,44.1483,-74.0557,3
3839,45.03333,-77.4333,3
3840,34.16759,-80.7762,2
3858,42.63333,-73.6,3
3859,42.18417,28.91667,3
3861,49.48079,90.49975,6
3865,57.23528,-3.71056,4
3866,61.8947,25.21692,4
3868,39.94056,3.958611,3
3869,44.24167,6.702222,4
3870,43.11778,-4.01667,3
3872,45.63333,2.933333,3
3874,46.725,7.575,3
3875,46.725,7.575,3
3876,43.28333,41.29167,3
3878,43.26667,41.29167,3
3879,57.31333,-3.90841,4
3882,59.06,26.24,3
3883,42.32984,27.72455,3
3884,42.32984,27.72455,3
3887,49.4625,2.691111,3
3889,43.19554,27.82777,3
3890,58.40981,13.81996,3
3892,48.01333,6.994444,3
3893,43.25028,-1.55111,3
3894,48.45611,1.793611,3
3896,66.375,37.51667,4
3898,68.85,66.9,8
3900,47.18611,-1.85806,3
3902,54.08528,24.12111,3
3910,43.03333,-2.05,2
3913,52.18333,-7.03333,3
3923,57.18367,16.14528,3
3926,41.73302,23.52418,3
3927,37.54167,31.5,3
3928,62.03333,32.76667,4
3930,43.8,7.1,3
3931,55.45396,13.78026,3
3932,58.33456,13.65607,3
3934,57.709,12.34641,3
3935,49.04174,15.19097,3
3937,64.9111,11.66065,4
3938,52.54316,20.67577,3
3940,56.32083,-3.19472,3
3945,63.66731,123.2456,4
3946,46.25917,7.843056,3
3951,48.41667,-3.66667,3
3953,50.90621,0.67685,3
3956,58.25,85.16667,3
3966,54.18523,-6.04608,3
3969,58.07376,-5.03553,3
3971,54.30019,-5.98393,3
3972,47.25444,-1.80028,3
3973,44.39111,6.404167,3
3975,61.97684,129.3779,4
3977,45.44444,2.875278,3
3984,50.96475,106.6465,6
3985,56.06667,161,4
3986,57.335,33,3
3988,57.57486,-5.14263,3
3990,44.15028,7.243333,3
3991,55.07767,-4.2993,3
3994,43.01968,12.87573,3
3995,52.35,-6.6,3
3996,52.35,-6.6,3
3999,39.87056,4.131389,3
4002,54.25,-9.6,3
4004,54.33333,-5.98333,3
4005,43.11667,-4.36417,3
4010,48.18924,98.76251,6
4011,58.32288,14.70652,3
4017,62.31667,33.85,4
4020,51.33333,99.38333,6
4021,58.29591,-5.12887,3
4024,47.16667,13.86667,4
4025,48.7767,16.42123,3
4028,43.56639,3.916667,3
4030,52.6242,111.5005,3
4031,58.36667,23.96667,3
4032,43.12139,-3.70056,3
4040,62.61594,12.13394,4
4041,59.70115,6.173345,4
4042,58.55679,13.67319,3
4045,53.66667,8.763889,3
4047,48.51667,-1,3
4050,47.36667,-2.25,3
4053,48.51667,-0.83333,3
4055,48.51667,-0.83333,3
4056,48.44444,-0.19167,3
4057,62.57327,10.12398,4
4058,47.11667,13.9,4
4059,52.32201,17.3655,3
4060,39.93694,3.965,3
4062,56.21884,15.21014,3
4063,44.10742,26.91169,3
4069,57.18226,-6.277,6
4071,40.66667,22.31667,3
4078,62.2,33.8,4
4081,50.2618,106.6188,6
4082,56.28834,12.51948,3
4083,39.16058,22.83784,2
4084,56.5436,14.6097,3
4085,56.23333,15.31667,3
4086,50.54122,-4.61178,3
4087,50.54122,-4.61178,3
4092,60.62404,24.25122,3
4095,52.5,0.833333,3
4097,48.67256,88.28455,8
4102,50.6286,100.2267,6
4103,33.10556,35.52833,6
4107,59.10972,27.50783,3
4114,39.7625,20.73056,3
4115,60.2149,22.79906,3
4116,56.81667,38.76667,3
4117,56.81667,38.76667,3
4118,49.04167,19.67778,3
4120,49.3705,21.8875,3
4127,49.23475,14.62598,3
4133,61.41513,25.86881,4
4134,60.73814,24.21983,3
4135,56.53516,14.55571,3
4136,66.12667,28.99524,4
4137,38.425,30.8,3
4138,56.76667,60.75,4
4139,58.38333,22.2,3
4142,40.55194,21.32222,3
4143,40.28333,36.15,3
4145,65.08333,32.16667,4
4147,40.6279,21.59921,3
4148,40.6125,21.58611,3
4150,52.8079,-2.109,3
4151,60.85774,24.49056,3
4154,54.70694,17.28472,3
4156,60.29171,20.14137,3
4161,36.875,28.64167,3
4162,55.50078,13.74492,3
4163,66.37107,37.58162,4
4164,56.27346,15.00843,3
4168,60.78455,23.85616,3
4169,67.83333,33.66667,4
4170,41.98333,24.33333,3
4171,41.98333,24.33333,3
4173,54.26583,-6.10082,3
4174,54.26583,-6.10082,3
4181,60.14759,21.86014,3
4183,64.56667,30.53333,4
4184,42.13552,-6.79364,3
4186,44.76722,6.536944,4
4187,47.34194,-1.93417,3
4188,48.54833,-0.25833,3
4189,53.06966,0.08387,3
4192,52.54901,17.38084,3
4197,45.47333,5.416667,3
4198,45.47333,5.416667,3
4199,45.47333,5.416667,3
4200,59.80167,14.62333,4
4201,44.1,6.71,3
4203,59.30546,27.57509,3
4205,57.08333,12.53333,3
4207,57.73429,13.33269,3
4209,56.14813,-4.6259,3
4211,44.06,7.46,6
4213,47.03,7.3,3
4215,47.55444,-2.93222,3
4216,47.32833,-1.50111,3
4223,43.72186,40.70077,4
4225,46.44444,-0.86222,3
4228,50.12278,6.063056,3
4239,65.61709,29.61124,4
4241,59.44,25,3
4245,58.69524,86.78552,3
4247,41.7,23.03333,3
4249,52.58592,0.07036,3
4251,57.68456,-5.454,3
4256,42.11301,12.31706,3
4257,69.04527,20.97475,8
4258,42.54718,23.2917,3
4259,62.34206,26.23393,4
4269,49.00223,14.77806,3
4272,51.04833,4.176389,3
4275,40.93124,15.60519,3
4279,56.9975,-3.4325,3
4283,60.12146,21.58979,3
4285,44.06,7.44,6
4286,68.91667,21,8
4287,58.31761,14.21136,3
4288,61.80556,33.5,4
4293,54.27048,-5.95509,3
4294,39.1,-0.68333,3
4296,39.1,-0.68333,3
4299,62.75,34.58333,4
4304,57.18333,39.45139,3
4306,54,15.05,3
4308,58.00009,24.68735,3
4309,58.5959,12.17463,3
4311,45.45194,2.622778,3
4314,53.26346,25.99919,3
4316,67.53333,70.16667,4
4317,61.30058,129.5558,4
4319,48.98832,16.3928,3
4320,51.69667,23.95667,3
4323,44.15556,10.78,3
4326,36.26667,29.3,3
4330,44.3,10.22,3
4332,58.27592,25.50484,3
4338,54.3125,24.73111,3
4340,44.52222,6.183333,4
4347,58.38142,82.9271,3
4348,45.7075,2.046667,3
4351,56.41204,-2.90744,3
4352,47.21389,-1.55611,3
4355,41.70757,23.50822,3
4358,43.19015,27.67579,3
4359,45.84972,1.645833,3
4360,66.35,30.56667,4
4362,57.68477,27.25948,3
4363,64.67355,27.8601,4
4364,49.47269,19.81135,3
4367,42.03333,-3.01667,3
4369,58.59222,26.64967,3
4372,69.35,20.31667,4
4373,45.34833,5.655278,3
4374,45.34833,5.655278,3
4375,45.425,5.608333,3
4376,52.43972,0.438056,3
4377,49.42377,21.27779,3
4378,49.25165,14.08929,3
4380,43.63846,41.14052,8
4382,47.07556,8.325556,3
4383,47.07556,8.325556,3
4385,58.13333,-6.88333,3
4387,52.12343,18.90654,3
4388,49.74255,21.54422,3
4389,49.74255,21.54422,3
4391,64.08333,32.63333,4
4392,66.16667,29.15,4
4393,60.43837,24.17711,3
4396,56.76882,38.77603,3
4397,52.54984,17.35631,3
4398,52.54984,17.35631,3
4402,43.05,-2.71667,3
4403,57.16313,12.41426,3
4404,36.77361,-2.60139,6
4405,65.91702,29.18661,4
4409,43.66667,40.48056,8
4410,47.80944,-2.46806,3
4411,47.80944,-2.46806,3
4415,65.09296,32.96292,4
4417,43.23333,41.43056,3
4418,44.61361,6.556944,3
4420,61.3,22.06667,4
4421,58.0725,-5.194,3
4423,45.42583,5.628611,3
4424,45.42583,5.628611,3
4427,44.42,6.336389,3
4428,49.04641,20.332,4
4431,57.1894,16.15266,3
4435,50.78295,20.77591,3
4436,54.77694,-6.25833,3
4437,48.03194,7,3
4441,45.3825,-1.115,3
4442,36.9975,29.89833,3
4443,65.83333,34.33333,4
4445,56.12846,8.61341,3
4446,56.12846,8.61341,3
4449,56.68361,14.59256,3
4450,48.25,-3.5,3
4452,77.92761,15.42529,8
4461,47.26861,-1.75,3
4462,52.25,39.83333,3
4463,47.265,-2.01667,3
4466,54.03333,28.1,3
4467,42.06517,23.56001,3
4468,69.603,28.83694,4
4469,48.94393,17.06935,3
4470,55.49528,21.29222,8
4472,61.21667,28.11667,3
4473,49.63333,21.1,3
4476,49.11144,22.82728,3
4479,49.73807,21.56259,3
4481,57.33333,88.16667,3
4482,40.96361,24.26277,3
4483,41.40528,2.248333,3
4484,54.71194,-1.2988,3
4485,42.36667,22.83333,3
4489,57.48333,14.46667,3
4490,59.43194,24.89246,3
4492,43.15,-3.43333,3
4493,43.41312,5.91072,3
4494,69.87599,23.4592,4
4497,58.5,22.33333,3
4498,61.3398,21.95107,4
4501,47.17222,13.9,4
4502,51.01778,3.944722,3
4504,37.58333,45.46667,6
4505,56.31667,57.88333,3
4507,44.39111,6.404167,3
4510,64.67355,27.8601,4
4517,50.60464,16.21324,3
4518,57.13371,15.93773,3
4523,58.5205,25.42171,3
4524,48.41667,1.75,3
4527,48.97805,17.20026,3
4529,52.51667,0.25,3
4531,58.46667,22.38333,3
4532,52.69278,0.339444,3
4533,52.34115,0.05522,3
4539,62.13333,22.86667,4
4541,49.75,25.45,3
4542,65.11667,32.63333,4
4543,63.9,36.25,4
4545,49.07398,14.34743,3
4548,35.53333,46.11667,3
4549,46.85833,11.025,4
4551,46.36139,19.99417,3
4554,49.78333,21.46667,3
4555,45.88472,6.749444,4
4558,42.57444,-72.5086,3
10981,45.3855,-63.5598,3
12023,21.5661,-88.0865,1
13029,44.5924,-93.4132,3
13032,44.21895,-93.8402,3
13047,45.0265,-83.61,3
13051,46.5986,-96.1868,6
13053,20.3882,-101.256,1
13055,20.43105,-101.249,1
13060,46.30235,-91.166,3
13069,46.3815,-91.4935,3
13071,45.19145,-90.608,3
13073,45.9915,-89.6208,3
13097,46.21517,-89.3208,3
14104,41.98044,-88.2444,3
14110,52.95853,-6.42574,3
14125,53.32469,-7.98346,3
14134,35.51763,135.8867,3
14177,53.32062,-7.63069,3
14270,45.19932,-94.8787,3
14274,53.76021,-9.56165,3
14276,53.08225,-7.99204,3
14278,52.01836,-9.53218,3
14289,52.19509,-10.1656,3
14291,52.00749,-9.53339,3
14370,41.31712,-72.7843,3
14410,46.54264,-86.0378,3
14446,45.78657,-92.219,3
14491,38.04217,-121.868,6
14494,38.0723,-122.033,6
14498,50.78055,-115.93,4
14510,51.96283,-9.58186,3
14512,53.36567,-7.41256,3
14521,53.91891,-9.58825,3
14523,53.95335,-9.72314,3
14525,54.04048,-9.43477,3
14527,54.05008,-9.639,3
14529,53.17034,-7.82615,3
14535,44.19291,-93.6398,3
14537,44.35444,-93.3659,3
14539,45.14181,-93.7392,3
14549,37.67214,-112.792,3
14554,53.75884,-9.55729,3
14556,52.04027,-9.48088,3
14558,53.39081,-7.66157,3
14560,43.45155,-7.0625,3
14562,54.2439,-8.37187,3
14564,51.80281,-9.68578,3
14612,37.27446,96.90074,6
14614,42.34272,-81.8447,3
14619,33.45,102.6333,6
14624,46.35065,-69.0517,3
14626,44.69339,-93.3212,3
14631,43.60715,-94.4736,6
14633,45.16204,-94.0929,3
14635,44.33349,-93.2121,3
14637,44.22954,-93.6654,3
14639,44.65102,-93.4605,3
14641,44.80876,-93.9344,3
14643,44.3138,-93.9144,3
14645,45.4217,-94.0755,3
14648,35.26468,106.3088,3
14650,37.67773,-105.725,3
14674,44.3132,-68.2236,3
14676,46.33482,-69.0494,3
14678,44.0651,-68.6354,3
14680,44.03183,-68.6304,3
14682,44.57308,-67.5307,3
14684,44.37328,-68.0726,3
14768,46.29,-67.88,3
14792,47.67692,-124.019,3
14794,51.1066,-127.534,3
14797,44.71756,-67.2029,3
14799,37.8505,-119.66,3
14803,45.70695,-114.983,4
14884,45.89173,-114.263,4
14889,46.54264,-86.0378,3
14911,46.32024,-114.652,4
14923,45.84056,-113.44,4
14925,62.91475,-69.8791,8
14928,30.19221,-93.2794,2
14930,62.84547,-67.3415,8
14933,46.2287,-85.3803,3
14935,47.88369,-123.351,3
14938,47.71292,-123.533,3
14944,36.6307,-112.239,3
14946,65.94163,-22.6733,4
14948,66.62246,-61.6493,8
14951,36.37113,-112.147,3
14955,30.05034,-92.7095,2
14957,41.62329,-85.2121,3
14995,70.47501,-157.342,8
14997,41.97078,-70.0103,3
14999,41.73913,-69.9921,3
15003,41.798,-69.9606,3
15007,41.6982,-70.1361,3
15009,41.82961,-69.9847,3
15020,41.68999,-70.3641,3
15022,41.59412,-70.5328,3
15032,47.12942,-88.317,3
15035,47.912,-89.0908,3
15074,41.19098,-122.511,3
15081,37.43255,-85.7246,3
15088,36.03015,-85.5013,3
15099,13.95191,-90.6597,1
15106,37.90211,-107.615,4
15136,48.0859,-98.9294,6
15138,49.45025,-99.2891,3
15140,51.2878,-101.325,3
15142,41.93619,-70.7574,3
15146,41.93619,-70.7574,3
15153,46.43312,-98.2894,6
15157,67.15792,-151.86,4
15175,67.12406,-150.745,4
15185,67.07084,-154.245,4
15187,67.12648,-151.384,4
15189,67.11124,-152.491,4
15191,35.17355,-79.0898,3
15197,18.37615,-94.9556,1
15201,39.2949,-105.538,4
15205,38.03028,-76.2144,3
15207,38.53722,-76.4864,3
15209,38.88611,-76.3944,3
15211,38.02667,-76.2197,3
15214,51.66862,-121.454,4
15221,32.04361,-95.5052,3
15223,32.04592,-95.5062,3
15242,41.6355,-87.0945,3
15244,41.61499,-86.8467,3
15276,50.16663,-127.752,4
15284,51.19438,-127.382,4
15286,49.76341,-95.1917,3
15288,50.1832,-127.698,4
15292,43.09816,-78.0027,3
15294,44.98885,-93.5564,3
15296,43.09791,-78.0145,3
15298,40.00076,-105.562,3
15302,43.80016,-89.5943,3
15309,46.34668,-84.8576,3
15323,56.24278,-130.055,8
15325,42.5375,-72.1829,3
15327,42.5375,-72.1829,3
15342,57.59498,-130.096,4
15350,42.02879,-74.6042,3
15356,35.832,-105.722,3
15359,56.23998,-130.069,8
15363,30.145,-95.5745,2
15368,40.49996,-114.031,6
15371,26.102,-80.7375,5
15377,26.1025,-80.736,5
15385,41.015,-121.573,3
15392,67.18238,-63.2495,8
15396,33.291,-117.461,6
15399,61.564,-137.229,4
15403,47.68381,-95.3984,3
15406,63.56466,-143.918,4
15408,37.4235,-119.579,3
15410,37.4235,-119.579,3
15413,60.62288,-150.759,4
15415,43.2765,-79.9075,3
15417,57.4844,-130.829,4
15420,58.89215,-129.834,4
15462,50.71505,-57.3744,4
15487,43.35538,-85.3568,3
15489,46.013,-92.125,3
15492,44.02276,-85.2833,3
15494,32.967,-116.583,2
15511,42.861,-85.2115,3
15580,44.51785,-116.152,3
15586,44.9253,-116.048,3
15588,43.02469,-77.5738,3
15591,33.77433,-116.666,2
15594,33.76857,-116.664,2
15597,51.435,-83.6175,4
15612,34.55226,133.9505,3
15624,35.35,134.1333,3
15627,60.7165,-150.533,4
15630,51.6175,-82.293,4
15635,51.0289,-84.488,4
15641,32.55492,-95.1632,3
15646,41.34652,-122.56,3
15649,35.65393,136.1308,3
15660,46.52,-86.35,3
15665,34.73056,132.3875,3
15667,49.11905,-119.683,4
15678,35.40833,134.5667,3
15680,39.05359,-120.386,3
15682,46.8335,-87.9213,3
15696,31.50844,-92.1315,2
15700,54.0236,-101.259,4
15702,45.43,-61.35,3
15704,34.49028,131.5861,3
15713,49.19225,-120.096,4
15715,42.558,-120.775,3
15719,66.662,-61.7878,8
15724,64.421,-149.898,4
15730,52.33199,-67.3571,4
15732,44.35114,-75.8704,3
15734,39.70086,-120.665,3
15738,49.66656,-109.904,4
15740,46.3073,-91.1983,3
15746,63.66675,-65.1513,8
15750,30.26007,-87.6649,2
15752,44.9798,-63.4882,3
15762,41.97693,-120.21,3
15764,42.41788,-72.3469,3
15766,36.98229,-118.994,3
15768,45.82409,-123.579,3
15772,52.0435,-106.381,6
15776,39.4604,-120.649,3
15778,38.00795,-119.026,6
15781,51.33,-124.9,4
15783,71.86,-124.47,8
15785,72.3515,-120.22,8
15789,73.5139,-120.277,8
15793,46.89451,-67.4,3
15796,45.2235,-64.3751,3
15811,63.052,-147.392,8
15814,63.05455,-147.421,4
15819,52.50635,-101.63,4
15825,30.391,-88.5855,2
15829,63.39759,-64.2612,8
15831,32.572,-83.0795,2
15864,28.05,-97.17,6
15866,41.03888,-75.2638,3
15872,54.47601,-130.945,4
15876,36.052,-119.78,6
15878,44.02195,-121.543,3
15882,46.11935,-92.0399,3
15886,42.23402,-88.357,3
15892,40.99967,-74.9135,3
15902,51.00437,-127.269,3
15904,43.04099,-78.3992,3
15909,42.94975,-73.8533,3
15919,46.24525,-89.2941,3
15922,46.23435,-89.2816,3
15925,46.14044,-89.2553,3
15929,43,-78,3
15931,42.56705,-72.5108,3
15933,42.68839,-72.3372,3
15935,42.52444,-71.6085,3
15942,42.65485,-72.5332,3
15944,42.60078,-72.2285,3
15947,57.71917,-75.8135,4
15950,57.71917,-75.8135,4
15952,57.85413,-72.7776,4
15967,34.77887,-111.518,3
15970,62.55915,-153.649,4
15976,59.79623,-158.54,4
16009,34.66359,-85.4013,3
16016,40.572,-120.265,6
16054,40.4115,-121.39,3
16061,41.20728,-122.497,3
16063,36.82535,-121.764,3
16065,40.6617,-123.669,2
16073,39.48963,-123.035,2
16075,41.6496,-122.167,3
16079,44.25819,-66.3678,3
16081,45.67022,-62.611,3
16083,57.56083,-94.2679,4
16086,47.83026,-66.1823,3
16099,52.78042,-131.69,4
16103,44.97593,-62.0906,3
16105,57.20542,-94.185,4
16107,57.08708,-94.1694,4
16109,70.46194,-68.5028,8
16111,43.07,-111.44,3
16113,43.07,-111.44,3
16115,32.93112,-117.253,6
16124,43.46828,-79.9487,3
16129,42.78895,-88.8432,3
16131,41.7847,-115.484,6
16133,41.13395,-115.505,6
16175,41.40935,-74.5513,3
16177,41.78575,-73.9012,3
16179,41.47025,-74.5244,3
16181,41.33395,-74.4307,3
16184,38.07347,-122.193,6
16186,38.0075,-122.493,6
16189,44.19909,-78.1423,3
16193,44.19909,-78.1423,3
16197,37.78826,-122.471,3
16199,54.19835,-9.45082,3
16205,54.05003,-9.09887,3
16207,52.00779,-9.56871,3
16212,41.9991,-2.84734,3
16214,41.96505,-2.81179,3
16217,53.82038,-6.7672,3
16222,37.84682,-107.235,4
16224,40.2779,-105.669,4
16231,46.03,-77.37,3
16236,68.65421,-149.681,4
16238,68.4988,-157.03,4
16241,68.63144,-149.417,4
16254,38.7018,-90.095,3
16264,46.3017,-79.3826,3
16269,51.83986,-89.6154,4
16271,43.9869,-79.3794,3
16275,52.53166,-91.3724,4
16278,44.16707,-78.1025,3
17285,27.075,-82.2333,2
17292,55.25,-105.27,4
17296,42.32129,-113.65,6
17304,45.51958,-89.5551,3
17320,58.77229,-155.945,4
17322,60.62601,-154.303,4
17324,68.66619,-149.359,4
17328,66.02934,-147.553,4
17334,53.00735,-6.34804,3
17336,52.37242,-8.15167,3
17338,66.12399,-151.392,4
17340,63.66722,-171.548,8
17342,52.0025,-9.5425,3
17344,52.36949,-8.1707,3
17347,63.67389,-171.582,8
17352,63.6589,-148.805,4
17354,64.36008,-147.368,4
17357,60.22393,-151.363,4
17359,63.88865,-149.252,4
17363,35.16662,-83.0251,3
17375,59.6339,-151.512,4
17377,60.5009,-150.91,4
17381,63.98645,-145.54,4
17383,63.84225,-149.036,4
17385,62.84289,-148.247,4
17387,44.9196,-88.1569,3
17391,63.44847,-162.108,4
17396,46.97316,-94.6814,3
17398,41.02764,-73.9084,3
17400,69.08077,-121.429,8
17402,60.21648,-159.766,4
17404,46.14469,-86.483,3
17406,46.61506,-88.8604,3
17419,37.02175,-106.451,3
17597,45.91664,-60.6936,3
17672,43.95,-79.43,3
17689,43.26191,-80.2592,3
17711,55.33119,-105.055,4
17713,55.43091,-104.939,4
17717,40.35434,-83.8125,3
17859,32.28908,-109.094,6
17880,42.82814,-72.4211,3
17945,56.81157,-132.936,4
17947,46.99402,-94.6946,3
18100,10.18349,-67.7374,5
18106,41.67946,-118.717,6
18108,49.49641,-116.905,4
18110,43.87196,-64.9288,3
18127,49.46966,-115.77,4
18159,34.78767,-120.586,6
19264,63.64101,-171.454,8
19266,63.65601,-171.554,8
19323,66.34784,-104.946,8
19784,52.75204,23.92067,3
19812,44.08333,-94.4167,6
19814,68.82911,-138.744,4
19820,48.6051,-122.901,3
19834,43.6774,-94.6981,6
19842,45.71903,-75.4417,3
19846,45.77702,-75.1359,3
19901,52.14453,14.45286,3
19906,62.32429,13.55787,4
19909,61.82125,16.40472,4
19913,63.88333,14.45,4
19931,45.932,-92.365,3
19933,45.901,-92.273,3
19937,41.75738,-86.5221,3
19967,44.73566,-81.0026,3
19993,49.49136,-117.645,4
19995,53.64545,-121.505,4
19997,48.00985,-124.531,3
20001,47.93666,-122.881,3
20012,68.13333,13.58333,4
20014,47.90543,-122.875,3
20018,62.33146,10.39825,4
20020,70.43333,27.63333,8
20022,45.71667,24.38333,3
20024,45.71667,24.38333,3
20029,70.83333,27.71667,8
20034,69.16667,20.71667,4
20042,60.71667,7,8
20046,61.41667,8.666667,8
20050,59.81667,6,4
20058,63.47717,10.19417,4
20060,59.28386,5.49362,3
20065,51.88806,5.075556,3
20068,51.88806,5.075556,3
20128,52.24619,5.76129,3
20131,52.77049,6.62753,3
20156,51.3,11.85,3
20160,51.55417,4.769444,3
20163,51.52333,5.545,3
20165,51.57861,6.094722,3
20167,51.57861,6.094722,3
20171,49.69167,6.27,3
20175,50.38667,14.13056,3
20180,50.37944,14.11556,3
20183,50.27,14.54,3
20188,57.17824,-170.248,8
20194,48.60712,-103.624,6
20223,50.12944,13.92972,3
20279,71.07449,25.36871,8
20281,60.81259,-135.341,4
20285,71.03806,28.16907,8
20287,60.51608,-133.209,4
20289,60.0735,-133.806,4
20293,70.69954,29.29516,8
20295,60.44554,-133.562,4
20298,58.47145,-4.68544,3
20304,37.61104,-106.844,4
20306,45.26248,-110.816,4
20308,44.95611,-110.601,4
20311,45.8668,-95.8039,6
20316,41.26396,-123.683,3
20372,60.78728,-150.831,4
20397,46.5658,-86.0752,3
20495,41.48611,-123.541,3
20512,43.60373,-82.8639,3
20515,41.09819,-74.6396,3
21415,39.67283,-115.774,6
21418,39.25318,-117.166,6
21422,42.03209,-123.015,3
21533,4.57852,-71.3304,5
21535,4.5865,-71.3271,5
21541,4.44937,-70.5389,5
21543,4.659645,-71.4551,5
21545,4.97036,-69.5212,5
21549,3.956185,-73.0525,1
21551,4.59408,-71.4408,5
21553,3.302435,-73.362,1
21557,3.36776,-73.4158,1
21577,44.97385,-77.2893,3
21600,44.81639,-77.1825,3
21651,6.222105,-72.7666,1
21665,1.883925,-77.9298,1
21675,3.0833,-76.5333,1
21700,2.36575,-76.7094,1
21702,5.77789,-73.0672,5
21706,1.079226,-77.1516,1
21708,5.46061,-73.7466,1
21726,9.123611,-74.5625,1
21744,4.698055,-74.2758,1
21762,6.17896,-72.7908,1
21766,6.478435,-72.3906,5
21770,53.53167,-132.973,4
21772,50.60705,-127.263,4
21774,50.5725,-127.072,4
21788,48.7827,-123.303,3
21790,60.65189,14.92652,4
21792,38.7018,-90.095,3
21807,16.99263,-89.8171,1
21812,4.09922,-74.2514,1
21816,3.966935,-74.0918,1
21818,3.95325,-74.2997,1
21828,2.44645,-77.6875,1
21830,53.27892,-84.2054,4
21836,6.375867,-72.3375,1
21838,6.387116,-72.3463,1
21844,41.7847,-115.484,3
21893,34.27818,-120.061,6
21895,2.01125,-77.1151,1
21903,2.01125,-77.1151,1
21913,2.43268,-76.7806,1
21915,3.10116,-76.5223,1
21917,3.981795,-74.1579,1
21919,3.981795,-74.1579,1
21921,2.10018,-77.0541,1
21938,5.216585,-74.0028,1
22049,4.99445,-74.1569,1
22087,21.57944,-88.0721,1
22101,6.47451,-76.0926,1
22119,31.32215,-109.256,6
22316,50.58861,16.1175,3
22322,50.585,16.13167,3
22330,41.68389,42.49694,3
22342,48.91376,13.8145,3
22344,49.15316,13.32655,3
22346,48.89949,13.74209,3
22348,48.86844,13.87913,3
22352,48.90352,13.83836,3
22358,50.6612,15.75344,3
22367,49.15343,20.07971,4
22373,49.12229,20.05843,4
22376,42.17399,-72.7051,3
22397,39.67664,-105.604,4
22400,39.65822,-105.603,4
22623,50.38333,19.76667,3
22628,39.79278,3.119167,3
22630,58.31129,12.42425,3
22636,54.26667,22.81667,3
22638,41.24,-0.18,6
22640,57.31917,-7.28472,3
22642,54,6.525,3
22644,41.043,-0.20341,6
22646,41.26,-0.5,6
22648,50.89304,14.40634,3
22650,49.51667,19.28333,3
22652,50.68,13.59,3
22656,49.44778,19.55941,3
22658,53.615,8.736944,3
22660,46.77611,10.27778,4
22662,44.18993,7.73297,3
22664,53.77171,21.60414,3
22667,40.9,-2.45,3
22669,53.43727,8.86781,3
22672,44.18598,7.717165,3
22674,53.77171,21.60414,3
22678,42.04363,-3.04588,3
22681,43.21527,-4.43613,3
22683,44.23333,7.133333,3
22687,52.31361,12.91361,3
22689,52.52444,13.05639,3
22691,46.79417,7.833056,3
22693,58.30476,-3.2953,4
22698,58.2,-3.65,4
22706,58.37246,-5.03672,4
22709,57.6225,-6.27778,3
22711,57.55889,-5.34361,3
22714,40.34472,-4.57056,3
22718,50.04739,17.22029,3
22720,46.74361,7.847778,3
22723,57.24,-5.83,3
22726,49.35054,7.819975,3
22730,40.22331,-4.93679,3
22732,45.68554,7.69021,3
22734,46.66286,10.20994,4
22736,46.62639,10.25972,8
22738,42.63045,26.78014,3
22745,57.08333,-3.8,4
22747,46.54389,10.43472,8
22749,52.66667,18.25,3
22751,42.63045,26.78014,3
22753,42.63045,26.78014,3
22757,48.7756,13.86517,3
22761,50.85178,14.33726,3
22763,50.6612,15.75344,3
22767,42.15,22.55,3
22771,46.04722,11.11889,3
22773,47.17139,9.381111,3
22775,51.4,13.53333,3
22784,44.24622,7.098155,8
22786,46.445,8.518333,8
22788,51.99639,14.19889,3
22791,47.93333,8.066667,3
22793,46.86278,10.47806,4
22795,46.21167,8.113333,4
22797,46.23111,8.011389,4
22801,53.27,13.87,3
22803,44.17384,10.81804,3
22805,42.16222,2.438056,3
22807,46.23083,7.590278,4
22810,45.69,6.87,8
22812,46.13212,25.90362,3
22814,46.13212,25.90362,3
22817,52.58583,13.25694,3
22820,53.42,11.92,3
22822,49.36417,21.58361,3
22824,53.65556,14.22083,3
22826,45.54337,22.8058,3
22828,47.81014,23.52941,3
22831,46.15389,7.368611,4
22835,53.72,17.77,3
22842,46.35972,7.198611,4
22845,54.72321,18.10602,3
22847,54.70555,18.16208,3
22849,53.96802,14.60637,3
22851,53.85885,14.61586,3
22862,50.72794,13.74448,3
22874,45.69528,6.860556,8
22876,45.8025,7.609722,4
22880,45.86415,7.789925,8
22883,45.81694,7.286111,4
22887,45.82512,7.645125,4
22890,46.85083,7.686111,3
22892,42.59028,23.25167,3
22894,47.8079,23.54031,3
22896,45.18,22.05944,3
22904,46.01738,11.04167,3
22908,45.05339,7.391,3
22910,47.21583,17.255,3
22923,43.19554,27.82777,3
22926,50.02372,11.85651,3
22931,46.75611,16.92472,3
22936,46.77444,17.17028,3
22938,46.78528,17.155,3
22942,53.75265,20.20645,3
22944,53.75265,20.20645,3
22953,41.86226,41.80203,3
22955,48.89417,17.88861,3
22960,46.6798,7.97638,4
22962,46.82194,7.735,3
22964,46.82194,7.735,3
22966,46.82194,7.735,3
22969,41.5,-106.37,3
22971,50.27611,12.09944,3
22973,50.12786,11.8868,3
22976,42.98754,10.89235,3
22982,43.67126,28.5472,6
22986,46.65917,8.004167,4
22988,46.6696,8.02132,4
22992,46.71801,8.06769,4
23000,42.21099,23.3256,3
23004,51.19139,28.01373,3
23006,51.21782,28.05581,3
23008,50.35423,24.6789,3
23015,48.91156,24.12074,3
23019,41.35472,23.12528,3
24030,41.62131,24.67809,3
24032,41.98333,24.33333,3
24034,51.19892,28.02352,3
24039,49.9075,12.04028,3
24042,49.60793,12.54137,3
24044,49.78722,12.4625,3
24046,46.76194,7.863889,3
24048,46.54722,8.255556,8
24050,46.83472,7.356389,3
24053,46.64471,11.49194,4
24055,46.63801,11.45791,4
24057,46.66586,11.432,4
24059,50.07857,13.21404,3
24061,46.66611,11.45833,4
24076,42.83333,29.91667,3
24078,50.8919,14.27638,3
24080,46.4701,10.3364,4
24084,49.14483,14.70426,3
24086,49.14483,14.70426,3
24089,50.54278,13.53705,3
24091,46.76006,11.68051,4
24097,48.97805,17.20026,3
24100,49.13194,18.02778,3
24102,49.52056,18.63083,3
24106,40.76667,20.78333,3
24108,50.08486,17.21766,3
24110,58.02114,16.05602,3
24112,50.19893,15.96136,3
24116,50.60412,16.12716,3
24118,48.95367,12.85801,3
24143,50.73661,15.70843,3
24145,50.73661,15.70843,3
24149,50.73661,15.70843,3
24155,68.68811,22.05346,4
24157,40.90936,36.00906,3
24159,40.78002,32.02629,3
24161,40.6,31.28333,3
24164,50.73661,15.70843,3
24166,37.46667,30.05,6
24181,50.7624,15.55231,3
24183,47.24056,7.05,3
24186,46.73444,7.398889,3
24188,46.2525,8.023056,4
24190,46.2525,8.023056,4
24193,46.28306,7.844167,3
24195,46.28306,7.844167,3
24197,36.81825,8.77474,3
24207,36.5975,8.394722,3
24216,37.14924,9.099085,3
24218,37.15294,9.0984,3
24221,50.76549,15.5408,3
24227,50.21609,14.83143,3
24229,50.29944,14.57833,3
24236,50.25933,14.57363,3
24238,50.19864,14.67036,3
24243,50.06644,14.23883,3
24250,49.37639,14.02583,3
24256,49.23475,14.62598,3
24259,46.49687,6.12357,3
24277,49.72972,12.3875,3
24279,49.392,12.4515,3
24281,49.392,12.4515,3
24284,46.9365,7.473,3
24286,46.9365,7.473,3
24294,38.05,96.46667,8
24298,46.63333,7.3925,3
24300,46.37972,8.030278,3
24302,46.38972,8.025556,4
24312,46.37194,7.990556,8
24317,46.19556,7.845,4
24319,46.19556,7.845,4
24321,46.33999,7.989136,3
24323,37.13333,9.083333,3
24325,41.47972,24.32583,3
24327,41.27384,23.58353,3
24330,47.39,-0.54639,3
24339,41.05167,22.27472,3
24341,41.01972,21.91222,3
24343,40.25944,22.17083,3
24348,42.55417,2.008333,3
24354,53.61148,-106.495,4
24356,40.55194,21.32222,3
24358,40.13889,22.54611,2
24360,39.52417,21.4775,3
24363,43.43667,4.936667,3
24373,39.0585,22.24997,3
24376,37.57781,22.72815,3
24386,35.24888,24.27821,3
24388,35.24888,24.27821,3
24390,38.86667,20.83333,3
24410,44.56667,3.125,3
24412,44.74722,3.085,3
24414,44.74444,3.081111,3
24441,44.46667,3.65,3
24454,43.60167,2.978889,3
24456,43.55,2.8,3
24461,44.43333,3.6,3
24463,45.38611,2.636111,3
24465,45.13944,2.859167,3
24467,49.18333,3.133333,3
24469,49.95,2.433333,3
24477,47.33972,-2.16556,3
24479,47.3725,-2.15917,3
24481,46.96361,-0.91917,3
24488,48.35361,-3.88722,3
24491,47.3925,-0.85389,3
24493,47.21389,-1.55722,3
24495,47.2225,-1.55139,3
24497,47.21389,-1.55722,3
24499,47.36806,-0.74,3
24507,47.85861,1.699722,3
24509,46.50556,1.362222,3
24513,48.44167,-1.18167,3
24516,46.80944,1.163889,3
24518,46.74611,1.4425,3
24520,46.79222,1.1775,3
24522,46.74056,1.228889,3
24524,48.43889,-0.575,3
24526,48.43333,-0.91667,3
24528,48.35,-0.42778,3
24530,48.35,-0.42778,3
24532,48.35,-0.42778,3
24534,47.09222,0.480556,3
24539,48.41667,-0.21111,3
24542,47.10583,0.48,3
24547,47.87083,1.150833,3
24551,47.33778,0.451111,3
24553,47.32667,0.475278,3
24555,47.34694,-2.86444,3
24559,47.33528,-2.87417,3
24563,47.40472,0.642222,3
24570,47.4025,0.648333,3
24572,47.48667,0.674167,3
24574,47.48667,0.674167,3
24576,47.48667,0.674167,3
24578,47.41333,0.638056,3
24590,47.21722,-2.10222,3
24593,47.96944,-0.41639,3
24595,47.95167,-0.42028,3
24600,47.58667,-3.05167,3
24611,47.25667,0.1475,3
24616,46.25,-0.96667,3
24618,46.30111,-1.04389,3
24620,46.08972,-0.77528,3
24622,46.08972,-0.77528,3
24624,46.08972,-0.77528,3
24626,47.5125,-2.72722,3
24631,47.63278,-3.20083,3
24633,47.53889,-2.89083,3
24635,46.54972,-1.76472,3
24637,46.54333,-1.80833,3
24639,46.66278,-1.89222,3
24641,46.61222,-1.84278,3
24645,47.3825,-1.165,3
24665,29.76624,-94.7082,6
24669,46.55,-1.81667,3
24671,46.66306,-1.91556,3
24673,47.38667,-1.07,3
24753,47.5375,0.702222,3
24759,42.46556,28.40639,3
24837,48.10222,2.582778,3
24840,47.27222,-1.59583,3
24842,47.30917,-1.47694,3
24844,47.30917,-1.47694,3
24846,47.30917,-1.47694,3
24848,47.27611,0.131944,3
24852,47.38056,-1.12333,3
24854,47.1925,-1.56694,3
24857,47.28083,-1.87611,3
24859,47.35556,-1.29361,3
24861,47.41361,-0.86056,3
24863,47.22167,-0.09583,3
24865,47.42972,-1.49444,3
24867,47.40278,-1.50278,3
24869,47.35806,-1.47861,3
24871,47.31056,-1.53417,3
24900,46.96083,4.010556,3
24902,46.9375,1.891389,3
24904,46.85222,2.376111,3
24906,47.95722,4.373056,3
24927,46.91611,5.337778,3
24929,46.91389,5.450556,3
24931,46.78972,5.974444,3
24933,46.89056,5.700278,3
24937,46.565,5.749167,3
24939,47.08028,6.6975,3
24941,46.81389,6.055278,3
24944,46.83389,6.293889,3
24950,45.77722,5.561944,3
24952,46.53944,5.326667,3
24954,45.30528,1.836111,3
24956,45.89306,6.768333,4
24959,45.24056,2.750278,3
24964,50.83361,2.213333,3
24966,50.83361,2.213333,3
24993,44.71611,6.449444,3
24996,45.06,5.88,3
25003,47.41167,1.608889,3
25007,45.91667,0.016667,3
25013,49.30111,-0.46667,3
25018,49.23889,-0.44972,3
25027,49.11667,-0.215,3
25078,49.62528,-1.23083,3
25083,49.69278,-1.29806,3
25110,49.17333,-1.3,3
25127,49.69611,-1.86722,3
25131,49.70389,-1.87861,3
25133,49.63611,-1.84889,3
25157,49.41667,-0.03333,3
25163,44.91,3.79,3
25213,44.96028,2.718889,3
25217,45.54083,2.344444,3
25221,45.69639,2.337222,3
25230,45.64917,2.310556,3
25232,45.07611,2.5175,3
25234,45.60194,2.1025,3
25273,44.7,5.81,4
25275,45.07083,5.256667,3
25283,48.04833,6.951389,3
25285,45.79,5.29,3
25287,49.06667,-0.71667,3
25289,45.09,5.85,3
25308,46.95639,4.01,3
25318,47.2275,4.035278,3
25320,47.01194,4.05,3
25340,33.35003,-79.3447,2
25344,47.20333,4.048611,3
25349,33.34001,-79.3417,2
25368,33.42282,-79.208,2
25370,47.31778,4.122778,3
25372,47.26194,4.079167,3
25382,46.8925,4.034167,3
25384,47.21472,4.106944,3
25386,47.27361,4.018611,3
25400,45.85667,6.172222,3
25402,49.2775,-0.45333,3
25404,49.15944,-0.05944,3
25406,49.18361,-0.16806,3
25408,49.18361,-0.16806,3
25410,49.23333,-0.16667,3
25414,49.38194,-1.36056,3
25427,48.92972,-1.54306,3
25435,49.70389,-1.87861,3
25455,44.45,3.6,3
25466,44.43333,3.6,3
25468,43.56667,2.966667,3
25470,43.57528,2.785556,3
25472,45.06889,5.806667,3
25477,45.07,5.85,3
25481,45.05611,5.885278,3
25551,37.47311,-108.16,3
25763,47.02399,11.80367,4
25765,46.99602,11.14069,8
25767,47.08333,11.16667,4
25769,47.02333,11.80185,4
25776,47.30543,12.41723,4
25786,17.94154,-88.3619,1
25835,36.14333,-2.62111,3
25837,47.24306,12.13889,4
25839,47.07675,11.40924,4
25843,46.90139,11.04444,4
25845,46.84756,11.01477,4
26315,48.4586,-123.513,3
26319,47.21091,11.00155,4
26321,46.9375,11.01528,4
26425,47.46285,12.35937,4
26429,47.64907,12.27363,3
26431,47.8042,13.27474,3
26433,46.96549,12.80864,8
26435,47.61312,12.17047,3
26437,47.34167,11.125,4
26439,47.29167,10.97639,4
26442,47.51,12.09,3
26446,47.16688,12.65191,4
26448,46.87,10.47833,4
26499,46.84674,11.01668,4
26501,47.24028,11.42083,4
26505,47.50881,12.04266,3
26507,47.42246,11.87577,3
26510,47.65848,12.30101,3
26512,47.65848,12.30101,3
26514,47.65848,12.30101,3
26516,47.65848,12.30101,3
26518,47.65848,12.30101,3
26520,46.17667,7.093611,4
26563,69.71667,62.8,8
26565,68.24656,65.79111,4
26572,40.7075,-74.4645,3
26608,40.93124,15.60519,3
29236,46.56667,6.173611,3
30184,48.802645,87.07225,4
32260,46.23378,7.01911,3
39364,56.29419,14.98368,3
40111,34.16759,-80.7762,2
40168,40.21667,-84.6894,3
40317,46.23376,7.33926,4
40321,46.23376,7.33926,4
40439,46.49687,6.12357,3
40441,46.46832,6.1616,3
40443,46.46832,6.1616,3
40448,46.81088,10.26429,4
40450,47.01867,6.99669,3
40452,47.24056,7.05,3
40454,46.94,7.12,3
40484,47.24056,7.05,3
40486,46.935,7.123611,3
40490,47.28833,7.131944,3
40519,41.37585,-70.5686,3
40566,47.61335,8.83094,3
40569,47.20675,8.46541,3
40572,47.07556,8.325556,3
40574,47.07556,8.325556,3
40577,46.445,8.518333,8
40579,46.445,8.518333,4
40582,46.38972,8.025556,4
40584,46.38393,7.97933,8
40627,46.65,7.54,4
40634,46.42833,7.403056,4
40642,46.31167,7.479167,3
40666,41.43051,-70.6957,3
40791,42.37778,-73.0948,3
40793,42.62006,-71.0868,3
40795,41.32786,-70.7927,3
40797,41.472,-70.7657,3
40799,42.08019,-71.9611,3
40803,41.56404,-70.6357,3
40844,41.88215,-71.012,3
40861,42.56705,-72.5108,3
40875,42.10864,-73.4372,3
40914,44.36035,-72.373,3
40940,5.93487,10.24383,1
40949,47.74371,8.90281,3
40951,47.80567,8.20015,3
40955,47.16969,7.66823,3
40958,47.775,8.9788,3
40963,47.02139,7.483806,3
40976,49.7887,-125.127,4
40990,52.78333,108.1333,4
40992,43.2917,-71.1781,3
40997,53.95472,108.9136,4
40999,47.76786,8.92963,3
41018,41.43305,-70.6646,3
41025,42.48245,-70.8823,3
41027,41.8545,-73.2566,3
41030,37.99026,-122.79,3
41034,40.80042,-110.361,4
41098,65.2891,126.7699,4
41102,51.07917,3.622778,3
41138,65.2891,126.7699,4
41140,40.881,-106.734,4
41146,40.54546,-106.682,4
41159,40.89614,-106.682,4
41161,40.78184,-106.679,4
41163,40.50467,-106.608,4
41171,40.77162,-106.828,4
41177,53.73333,-0.06667,3
41181,15.26667,-16.8,6
41183,60.25849,-149.908,4
41185,36.81833,8.333333,3
41187,51.93167,-4.71833,3
41189,56.38444,-5.50139,4
41191,16.23568,-15.8629,5
41197,36.80333,8.253889,3
41199,35.08333,7.6,7
41201,51.01722,-3.51722,3
41203,51.87611,-4.94194,3
41205,35.935,14.41444,3
41207,51.13583,4.323056,3
41210,51.13583,4.323056,3
41212,51.49222,0.2225,3
41214,51.49222,0.2225,3
41216,51.04361,0.828056,3
41218,51.32083,4.245278,3
41220,51.52028,0.176944,3
41222,50.82778,-1.72583,3
41224,50.6275,-3.98194,3
41226,50.6275,-3.98194,3
41228,51.12028,-3.80472,3
41230,50.85722,0.050556,3
41233,55.12028,-3.0725,3
41235,56.61667,84.16667,3
41237,62,76.66667,4
41243,51.45583,0.376111,3
41245,41.63285,115.2254,6
41247,25.87085,99.27974,3
41252,65.03944,125.0369,4
41264,73.33333,124.2,8
41273,32.91,-5.34,3
41276,51.49167,0.085556,3
41278,51.50778,0.045,3
41280,51.51944,0.058889,3
41298,1.52,30.575,5
41305,50.62278,-3.94271,3
41308,50.97472,-3.63306,3
41310,50.65556,-3.91,3
41320,51.11722,-3.82611,3
41323,51.13944,-3.83278,3
41326,50.93389,-3.43333,3
41329,51.06583,-3.6875,3
41333,50.97056,-3.62361,3
41335,50.97806,-3.64389,3
41337,50.65472,-3.95694,3
41339,51.05444,-3.67833,3
41345,52.52944,0.873889,3
41351,52.58139,0.806389,3
41366,51.90856,10.18141,3
41380,50.96278,0.83,3
41382,51.01778,0.835556,3
41384,51.05194,0.826667,3
41389,46.15919,8.74872,3
41397,73.56667,123.35,8
41399,51.67405,10.31514,3
41401,46.15919,8.74872,3
41411,56.66667,-5.86667,4
41417,52.72556,-3.92139,3
41419,54.24831,12.89234,3
41421,50.90583,0.675278,3
41426,46.32603,7.07212,3
41448,46.39684,7.33143,4
41453,53.05513,14.13067,3
41456,53.05513,14.13067,3
41467,46.05152,8.94329,3
41469,47.16969,7.66823,3
41476,50.6125,-3.96222,3
41479,56.38333,-3.08333,3
41485,54.77534,-8.46824,3
41489,46.32917,7.27588,3
41491,41.73441,24.13967,3
41497,68.10826,-140.857,4
41499,67.93275,-140.826,4
41502,55.02284,-8.3492,3
41525,41.19194,-4.66806,3
41527,43.52889,-5.76889,3
41537,33.66066,-117.353,5
41543,37.6,12.65,3
41562,36.61972,-4.49639,3
41580,38.08806,-105.632,3
41582,7.866667,39.36667,6
41587,37.01879,14.34455,3
41589,46.38679,7.40589,8
41602,43.83784,10.3308,3
41604,42.98787,10.89516,3
41606,58.497,-124.652,4
41612,58.5785,-124.55,4
41614,39.15163,-106.406,4
41619,0.344245,29.96721,6
41631,44.1199,10.67378,3
41634,44.32009,10.83865,3
41646,43.38111,-6.32722,3
41653,51.76632,10.51354,3
41657,39.59722,-4.67417,3
41669,39.44111,-4.09639,3
41746,40.33472,-5.79222,3
41753,40.30722,-4.93417,3
41755,42.53333,-8.51667,3
41758,42.29222,3.291111,3
41760,43.23278,-4.48917,3
41762,48.16475,-114.361,4
41764,70.0516,27.84761,4
41766,60.34577,19.97168,3
41770,45.99663,8.92794,3
41842,46.39429,7.97395,8
41864,61.24441,-136.929,4
41909,40.34167,-7.57639,3
41911,40.36278,-7.63611,3
41926,38.30444,-8.7725,5
41928,38.30444,-8.7725,5
42001,46.14714,-85.494,3
42161,59.41115,-97.49,4
42421,37.66528,46.63194,6
42542,51.77919,10.49389,3
42547,40.02309,-107.119,3
42555,49.04274,8.75934,3
42557,49.04274,8.75934,3
42559,43.78837,-110.794,4
42563,55.01868,-8.38863,3
42566,48.7312,8.644115,3
42568,48.7312,8.644115,3
42570,48.7312,8.644115,3
42645,32.70177,-109.92,3
42649,47.69465,9.006615,3
42652,47.67799,8.97433,3
42655,52.09154,-131.212,4
42663,48.57562,-55.4157,4
42671,48.56961,8.2395,3
42673,48.57466,8.348515,3
42675,52.55,-131.8,4
42679,47.62906,-55.5076,4
42681,48.57466,8.348515,3
42683,48.71804,8.458815,3
42685,48.71804,8.458815,3
42687,48.66846,8.29549,3
42689,47.75398,9.024175,3
42692,48.66846,8.29549,3
42712,47.9329,-55.5557,4
42714,52.8455,14.10019,3
42716,52.8455,14.10019,3
42722,48.24774,-55.4936,4
42745,61.07859,-138.373,4
43513,46.46994,9.80624,4
43525,57.35149,-7.26989,3
43533,58.26503,-6.7703,3
44723,47.09077,8.08088,3
44896,53.19781,-4.10115,3
44941,68.66045,16.3814,4
44951,48.33724,20.42514,3
45092,41.54806,51.10111,6
45101,40.81667,21.91667,3
45103,40.81667,21.91667,3
45105,39.98778,20.77556,3
45107,39.885,20.59528,3
45111,37.18556,50.1475,3
45113,31.41889,35.38833,6
45115,53.31667,-7.3,3
45117,45.33407,22.80349,3
45137,47.10833,22.66111,3
45144,46.36667,14.1,3
45168,40.16667,28,3
45170,40.43389,29.53306,3
45173,40.71667,30.25,3
45181,41.80833,-3.5725,3
45184,40.86104,-4.06103,3
45186,40.85222,-4.03111,3
45188,40.54667,-6.20972,3
45190,42.30417,-6.32139,3
45192,42.12611,-6.07028,3
45194,40.84194,-4.03139,3
45202,51.49194,0.234167,3
45204,51.51194,0.194444,3
45210,51.91361,0.723333,3
45219,54.09639,-2.16361,3
45221,54.41667,-8.03333,3
45223,54.54417,-5.95306,3
45281,47.1125,25.27361,3
45298,46.46611,23.13639,3
45311,68.34556,19.1,8
45314,67.96611,20.46028,4
45316,31.49111,35.42972,6
45322,37.62,12.64,3
45324,37.60866,12.65464,3
45329,59.05972,11.61778,3
45331,63.4575,8.454444,4
45343,63.35139,8.877778,4
45345,63.05972,9.416944,4
45347,62.26667,9.833333,4
45349,61.64917,9.876667,4
45351,61.5625,10.26778,4
45377,59.075,24.1,3
45379,59.175,24.43111,3
45381,59.44,25,3
45383,59.48944,25.53861,3
45385,59.45139,26.01389,3
45387,59.45139,26.01389,3
45389,58.05917,26.51722,3
45391,57.80833,27.05833,3
45393,57.73722,27.06917,3
45395,57.73722,27.06917,3
45398,57.675,27.075,3
45406,59.24806,27.54083,3
45410,59.03333,24.28333,3
45636,68.52691,14.93089,4
45639,68.48221,17.75935,4
45642,68.44417,18.07167,8
45655,38.74321,-106.432,4
45695,41.11906,-81.2613,3
45698,60.83513,10.8745,4
45701,61.10857,10.35931,4
45704,59.62613,7.98669,4
45707,59.34377,7.305195,4
45710,59.67017,7.540515,4
45713,59.79602,7.252055,4
45716,59.84206,6.992657,8
45719,58.53741,7.734035,4
45722,58.32601,7.78555,4
45725,58.24415,8.004555,3
45728,58.14445,7.913611,3
45731,59.76488,7.434405,4
45816,40.66667,-82.1372,3
46131,36.79131,-92.2231,3
46280,47.02139,7.483806,3
46290,44.95968,-118.231,3
46292,47.24152,-113.911,4
46445,69.06667,36.06667,6
46447,68.82667,35.32822,4
46449,61.2684,46.75513,4
46451,60.72972,29.14222,3
46457,60.68702,29.14831,3
46459,60.53071,29.90163,3
46462,55.11806,41.03972,3
46464,60.22891,30.04151,3
46466,53.66192,38.5838,3
46469,60.3575,30.31333,4
46473,53.21161,35.77489,3
46475,54.95167,22.34111,3
46477,58.10645,31.04442,3
46479,53.83472,36.2525,3
46481,56.28528,32.0275,3
46483,55.16667,36.41667,3
46485,56.06667,37.33333,3
46488,67.36667,62.75,4
46490,59.01111,29.97722,3
46492,61.03333,60.05,4
46512,64.38333,60.9,3
46514,60.50222,29.51694,3
46516,59.61457,28.61129,3
46521,51.55222,-0.48389,3
46522,51.55222,-0.48389,3
46523,53.76667,64.25,6
46535,9.68627,-83.9429,1
46544,58.48888,25.77353,3
46611,41.43326,-106.337,3
46630,48.58559,-123.683,4
46645,44.39279,-107.382,4
46648,46.29951,7.58686,4
46650,45.82802,9.26482,3
46653,46.23376,7.33926,4
46655,46.66286,10.20994,4
46659,44.93616,-109.5,3
46672,56.55185,-135.012,4
46680,53.51975,-120.676,4
46682,42.75668,-120.573,6
46684,42.75668,-120.573,6
46702,14.65787,0.47614,6
46720,46.73338,-92.065,3
46730,44.96856,-109.572,3
46803,60.68695,-148.143,4
47004,3.792011,-61.7043,1
47027,46.61469,10.34647,4
47259,29.97344,-99.3752,3
47506,33.73917,-118.084,6
47520,49.07525,13.40005,3
47527,26.79872,-77.4234,1
47535,59.72039,-161.845,4
47537,40.45547,9.78752,2
47555,36.79913,-91.09,3
47557,36.79913,-91.09,3
47580,37.90101,13.40842,3
47584,37.90131,13.41265,3
47587,37.85262,14.12767,3
47590,37.90121,14.39575,3
47599,30.291,-87.883,2
47602,31.68721,-81.1522,3
47604,46.15006,7.35751,4
47606,46.10237,12.40049,3
47610,40.33413,-105.841,4
47618,46.2525,8.023056,4
47621,37.3527,-122.257,3
47663,42.83889,77.3925,7
47669,39.98767,73.55193,8
47671,41.86734,71.96008,3
47673,41.30935,72.96399,3
47681,41.30912,72.95762,3
47683,41.2815,72.83431,6
47685,41.24565,73.26452,3
47687,42.2944,-111.992,6
47817,44.97373,81.03134,6
48072,49.63968,15.87371,3
48358,49.15343,20.07971,4
48361,60.59302,-150.886,4
48363,59.94518,-151.111,4
48549,37.52858,-119.645,3
48616,53.60656,-120.652,4
48640,44.09825,7.48358,8
48658,53.43892,8.307095,3
48664,50.10012,6.756278,3
48668,53.66697,8.80243,3
48685,41.83421,-88.3817,3
48697,16,-91.554,3
48708,34.29892,-110.655,3
48712,34.12117,-110.11,3
48717,39.904,-116.59,6
48719,34.12117,-110.11,3
48721,64.05443,-114.106,4
48723,46.38043,-91.7011,3
48726,34.12117,-110.11,3
48728,34.12117,-110.11,6
48730,46.38043,-91.7011,3
48735,49.0161,13.41023,3
48738,58.32503,22.09672,3
48740,34.41357,-119.882,2
48750,34.27855,-110.459,3
48756,27.96268,-15.5534,5
48761,53.65993,8.772888,3
48763,53.64532,8.75663,3
48769,53.65484,8.769558,3
48771,34.30232,-110.817,3
48777,53.65498,8.77929,3
48782,53.67158,8.717136,3
48794,53.67397,8.724022,3
48796,53.66392,8.727432,3
48798,53.67167,8.722844,3
48812,46.54011,-92.6019,3
48814,46.18861,-89.7,3
48816,46.33129,-86.7979,3
48818,46.18583,-89.7031,3
48837,0.28602,-66.6767,1
48843,35.82929,-106.614,3
48846,35.8344,-106.619,3
48854,35.85899,-106.728,3
48857,35.79181,-106.634,3
48861,46.33129,-86.7979,3
48873,46.84313,-88.8633,3
48879,46.85857,-87.8961,3
48881,45.23731,-88.6787,3
48883,51.71756,5.185116,3
48887,46.44318,-85.7162,3
48889,46.44318,-85.7162,3
48893,47.41911,-88.0083,3
48895,47.41911,-88.0083,3
48911,45.35584,-72.2262,3
48923,58.52611,22.42306,3
48925,46.40759,-69.0423,3
48926,58.27111,22.22222,3
48928,58.33007,22.06158,3
48931,41.31848,-4.14498,3
48935,41.95209,-3.93936,3
48937,50.79417,2.25167,3
48942,38.07905,-8.80983,3
48945,35.95367,-118.617,3
48948,44.99361,6.59028,4
48950,44.555,5.99556,3
48952,45.09,2.895,3
48954,38.55186,-111.696,3
48957,48.11667,-0.78889,3
48960,45.33944,2.64556,3
48962,46.82361,6.42306,3
48964,36.19685,-118.424,3
48966,52.24591,5.76097,3
48968,45.14722,2.84889,3
48971,45.13944,2.85917,3
48973,45.37722,2.90472,3
48975,45.37722,2.90472,3
48978,45.125,5.64361,3
48980,44.96389,6.59417,4
48984,44.91889,6.59417,4
48985,44.13,7.47333,8
48989,47.81028,2.31917,3
48990,45.57417,2.92222,3
49078,37.23333,-2.7,3
49080,39.603,-4.69673,3
49082,49.81292,-117.878,4
49084,57.90956,-5.04181,3
49086,57.91094,-5.09022,3
49090,57.90853,-5.04136,3
49092,57.91217,-5.116,3
49096,57.90353,-5.03183,3
49098,57.90344,-5.01267,3
49100,57.90433,-5.06283,3
49102,57.24893,-5.02402,4
49108,57.32228,-4.82536,4
49110,57.29212,-4.88215,4
49112,57.27093,-4.914,4
49114,57.26307,-4.99019,4
49116,57.25411,-5.02114,4
49118,57.27789,-4.94281,4
49120,56.66278,-4.40144,4
49122,56.6645,-4.33267,3
49124,56.72297,-4.23761,4
49126,56.69269,-4.46775,4
49128,56.6955,-4.41764,4
49130,56.65694,-4.37356,4
49132,56.64808,-4.37357,4
49137,56.66935,-4.34631,4
49139,61.69611,55.57417,4
49141,61.73139,55.49417,4
49143,42.06583,9.13417,3
49145,45.57417,2.92222,3
49147,52.2277,-119.349,4
49149,44.385,6.00333,3
49154,53.92133,-121.296,4
49175,38.79895,-2.36032,3
49177,38.38903,-2.5095,3
49179,38.0675,-2.6875,3
49196,65.6577,-17.2345,8
49200,38.2,-2.11667,3
49218,39.58577,-4.8943,3
49222,43.055,-2.86139,3
49225,47.82399,-123.219,3
49229,47.82399,-123.219,3
49235,47.82399,-123.219,3
49238,7.323126,13.7399,1
49240,38.17444,-0.75278,5
49242,38.50472,-0.88889,3
49248,53.46002,8.93258,3
49255,44.16725,-81.3116,3
49257,39.98778,-1.87333,3
49259,38.91583,1.435,3
49261,10.54461,12.13132,5
49263,39.94806,4.25861,3
49265,42.63896,0.92444,3
49269,7.25281,13.57651,1
49276,42.55037,-72.4319,3
49347,48.99372,8.7611,3
49351,50.7653,-82.7798,4
49353,50.40287,10.23705,3
49356,54.64474,9.14598,3
49358,54.64574,9.13051,3
49388,54.29385,10.88231,3
49404,44.11382,-110.95,4
49412,44.95551,-110.602,4
49414,48.63738,-113.857,4
49416,48.93724,-114.351,4
49419,47.8634,-114.324,3
49421,44.39252,-110.423,4
49423,44.39252,-110.423,4
49430,54.17131,10.41846,3
49432,54.21785,10.29035,3
49434,54.14263,10.63284,3
49436,54.13333,10.01667,3
49442,47.83333,11.06667,3
49444,48.00176,9.64465,3
49447,13.30694,10.94944,5
49451,44.63154,-111.865,4
49457,54.15722,10.42333,3
49466,53.24699,12.84694,3
49468,53.7914,12.28974,3
49474,53.72396,11.37597,3
49477,54.64245,9.77247,3
49489,46.64239,22.85947,3
49493,47.6342,-124.383,3
49499,34.35,36.2,6
49501,33.73222,35.79361,6
49503,33.75278,35.94806,6
49513,48.9133,22.16329,3
49515,33.47361,-5.13861,3
49519,33.06806,-4.99833,3
49521,42.62611,1.29611,3
49523,42.47556,12.84722,3
49526,37.44889,49.38028,3
49528,37.35694,50.195,3
49530,39.54889,16.02222,3
49609,42.67222,9.30444,3
49612,57.23111,24.50472,3
49614,41.37361,9.21972,3
49616,56.85306,26.88722,3
49618,41.37361,9.21972,3
49636,57.24806,24.61667,3
49640,57.95417,24.58722,3
49642,57.03078,25.33517,3
49646,36.76139,53.59833,7
49654,57.86306,25.21806,3
49656,57.10861,21.44083,3
49658,56.76028,27.14944,3
49660,56.51722,22.91472,3
49687,57.92139,24.54556,3
49906,51.99694,16.70528,3
49911,47.86858,18.46814,3
49913,5.85,10.05,5
49951,44.50397,19.50429,3
49953,48.64559,17.97578,3
49973,0.95,34.56667,5
50063,13.30833,11.03694,6
50147,1.1,34.56694,5
51926,45.92936,7.87514,8
51972,19.26,26.18,7
51977,15.86667,46.88333,7
51981,22.08806,59.66694,7
52024,44.54135,-110.842,4
52055,45.13062,-84.7813,3
52062,32.9,35.08333,3
52064,34.88083,33.61194,2
52066,32.6175,34.91639,3
52068,33.25,35.65361,6
52070,36.86417,41.2375,6
52072,45.33639,13.65833,3
52074,41.15556,1.43389,3
52076,37.54222,30.295,2
52078,35.37083,35.93722,6
52080,35.37083,35.93722,6
52082,61.48833,26.08083,4
52084,42.18833,2.52972,3
52086,42.12908,2.75184,3
52088,69.2,21.46667,8
52090,42.51444,0.33611,3
52092,42.69556,0.04,3
52093,63.61667,29.1,4
52095,50.92333,-1.71556,3
52097,52.02917,-2.01806,3
52099,52.11667,-2.73333,3
52101,52.41583,-2.24083,3
52103,54.23778,-2.99028,3
52107,42.54556,0.32528,3
52109,42.79873,-0.39943,3
52111,50.865,-1.64639,3
52113,50.86111,-1.65083,3
52115,50.85917,-1.59806,3
52117,50.93417,-1.72083,3
52119,50.84639,-1.49722,3
52121,50.85389,-1.43583,3
52123,50.9125,-1.68556,3
52125,51.12083,-0.71583,3
52127,44.35922,10.12311,3
52131,51.67944,-0.06972,3
52133,51.46389,-0.54167,3
52140,45.02855,-84.6364,3
52142,44.64104,-83.883,3
52144,44.59948,-83.7693,3
52150,41.75,12.66667,3
52153,33.25,35.66667,3
52155,32.82028,35.58861,3
52156,41.71667,12.7,3
52158,51.74,-5.3,3
52160,41.89167,12.75972,3
52162,41.83056,12.275,3
52170,53.81556,-7.89611,3
52183,78.91667,12,8
52187,51.06028,5.89722,3
52189,78.91667,12,8
52191,79.74,10.80421,8
52192,79.74,10.80421,8
52196,78.075,20.9225,8
52198,78.3083,20.6083,8
52205,55.08444,-6.1925,3
52209,48.6587,-121.04,4
52214,68.34472,18.79667,8
52216,48.9723,13.4001,3
52218,48.9743,13.4014,3
52219,48.9743,13.4014,3
52223,42.90155,19.60225,3
52229,52.4741,6.66741,3
52236,35.24881,24.27795,3
52238,47.19861,3.30306,3
52240,43.83784,10.3308,3
52246,42.13,12.32194,3
52248,37.13333,29.6,2
52250,38.34,34.45639,3
52251,32.03333,34.28333,6
52255,59.00694,9.63833,3
52257,39.43139,37.08361,6
52260,43.95722,17.75472,3
52266,51.69442,-5.27955,3
52268,37.13333,29.6,2
52270,37.54167,31.5,3
52274,51.46389,-0.54167,3
52283,42.39806,77.28389,7
52285,37.26667,-7.45,5
52287,29.47083,30.63722,7
52289,29.85278,31.2375,7
52291,36.82778,54.04389,3
52307,53.90687,12.21268,3
52402,78.07778,20.9258,8
52404,78.07778,20.9258,8
52407,79.74,10.80421,8
52411,41.37361,9.21972,3
52424,48.94017,13.486,3
52425,48.9743,13.4014,3
52429,54.09854,10.25111,3
52431,48.94017,13.486,3
52439,47.76601,8.98391,3
52443,47.63664,-121.889,3
52479,37.29111,49.93694,3
52483,21.37,29.31,7
52497,42.254,-6.7532,3
52499,42.2444,-6.755,3
52505,77.5833,21,8
52507,77.0017,15.505,8
52509,78.057,18.62,8
52511,78.20833,21.86667,8
52520,7.13333,39.76667,1
52588,51.99554,5.59404,3
52605,13.25278,11.56889,6
52607,13.21722,11.55083,5
52608,48.10056,2.31,3
52612,46.53972,6.23167,3
52618,46.54639,6.22917,3
52620,47.24278,7.09444,3
52622,46.5475,6.23444,3
52625,47.17333,13.87333,4
52629,46.45194,9.75,8
52631,47.75,13.13833,3
52633,47.75,13.13833,3
52643,46.67483,7.69017,3
52645,47.03194,7.29917,3
52647,47.03194,7.29917,3
52648,47.03194,7.29917,3
52650,47.03194,7.29917,3
52652,47.03194,7.29917,3
52661,47.01889,-1.89306,3
52663,48.51944,-0.25333,3
52665,42.48028,1.62889,3
52671,43.27727,2.971296,3
52673,42.47917,1.56694,3
52677,42.4675,1.58278,6
52681,57.66667,59.95,3
52683,46.976,8.84233,4
52685,57.35,60.13333,4
52687,57.81667,59.93333,3
52689,0.66639,30.27583,1
52694,46.83056,7.54694,3
52695,46.83056,7.54694,3
52707,46.83056,7.54694,3
52717,73.60722,117.125,8
52721,1.13333,34.6,5
52744,1.83333,31.16667,5
52746,15.35,-16.7167,6
52748,4,36.08333,6
52752,4.55,6.43333,1
52757,3.796663,10.02478,1
52786,0.04793,37.52887,1
52788,48.52889,8.96333,3
52790,47.84792,12.56917,3
52792,18.48889,-88.3194,1
52794,19.29693,-88.0701,1
52796,15.14967,-92.751,1
52797,46.83056,7.54694,3
52799,46.52056,7.3645,3
52801,46.52056,7.3645,3
52803,46.4057,9.68,6
52805,46.4575,9.8561,4
52821,18.62601,-90.2857,1
52824,9.50228,-62.682,1
52829,0.60711,36.0906,5
52837,17.53333,-90.1833,1
52849,51.50483,23.838,3
52852,15.784,49.471,6
52857,72.29167,99.60778,8
52869,72.29167,99.60778,8
52873,19.05707,20.49929,7
52880,71.783,129.4242,8
52892,47.76306,8.93833,3
52894,47.70972,9.06139,3
52897,60.4803,-150.275,4
52901,35.32972,24.27583,3
52907,40.335,-7.61889,3
52910,40.33683,-7.60667,3
52912,1.096826,34.5743,5
52913,40.33583,-7.5745,3
52915,40.33467,-7.603,3
52917,40.358,-7.63833,3
52919,40.335,-7.60583,3
52921,40.35717,-7.635,3
52922,40.37,-7.63,3
52933,7.6,38.55,5
52939,42.39806,77.28389,6
52944,31.3,-109.3,6
52946,31.3,-109.3,6
52948,31.63168,-110.453,6
52950,31.43568,-105.975,6
52952,37.99167,48.56333,6
52962,31.56388,-110.529,6
52965,52.78389,-2.92778,3
52972,52.68884,7.01819,3
52975,67.26667,48.71667,4
52977,67.26667,48.71667,4
52979,67.26667,48.71667,4
52987,13.31367,11.077,6
52989,20.61,58.17,7
53002,62.38333,9.66667,4
53008,51.94305,5.126134,3
53037,71.783,129.4242,8
53053,45.27444,2.67917,3
53055,45.27444,2.67917,3
53063,65.01667,50.23333,4
53081,62.32361,9.73833,4
53086,53.12578,6.77805,3
53098,62.4,9.68333,4
53101,59.31667,4.866667,3
53119,62.795,11.88667,4
53121,59.16667,5.23333,3
53127,58.78333,5.7,3
53131,62.80639,11.94056,4
53133,52.6923,-83.9442,4
53135,60.03083,10.69917,4
53147,52.73874,23.89801,3
53188,37.57754,22.7278,3
53268,54.1,4.2,3
53275,42.89667,-2.24028,3
53277,43.24111,-3.65306,3
53279,43.135,-3.40972,3
53280,47.77639,8.97556,3
53284,51.10629,6.0363,3
53286,50.99552,5.86678,3
53288,51.23017,6.02908,3
53290,51.21534,6.01577,3
53292,0.3,33.33333,5
53296,50.82601,5.71516,3
53298,51.98752,4.85584,3
53302,51.86079,5.61945,3
53329,15.14913,-16.9093,6
53333,50.82744,5.7173,3
53346,51.79382,5.55738,3
53360,54.1,4.21,3
53460,49.735,-125.193,4
53601,31.53722,35.5625,6
53741,50.85,4.35,3
53743,43.24389,47.02583,6
53747,47.77944,44.47,6
53756,37.08,-88.4894,3
53758,35.3394,-120.827,5
53768,56.35,13.46667,3
53770,56.28333,13.33333,3
53964,56.35129,14.87855,3
53966,59.76,14.48222,3
53968,63.23333,12.41667,4
53969,63.1,12.24167,4
53972,64.26424,19.54899,4
53976,57.73611,14.28861,3
53978,68.34118,18.7778,4
53980,68.33583,18.69306,8
53984,57.48333,14.78333,4
53986,61.76667,13.33333,4
53988,60.3,14.58333,4
53989,66.23481,20.84245,4
53991,60.08481,15.79127,3
53993,56.96667,13.83333,3
53995,55.46309,13.81355,3
53997,55.48833,13.90889,3
53999,55.45917,13.75194,3
54001,55.57556,13.4375,3
54003,57.02417,14.81306,3
54004,56.93333,15.26667,3
54016,56.16667,13.83333,3
54018,56.26417,13.31861,3
54020,57.68889,14.49444,4
54022,56.31667,13.43333,3
54024,56.25444,13.24333,3
54026,56.46667,14.56667,3
54028,57.48333,14.61667,4
54047,51.668,5.9874,3
54050,45.78389,21.58583,3
54266,16.52513,2.18726,6
54269,40.00889,16.22444,3
54284,13.70383,13.71589,7
54295,51.98137,5.97834,3
54302,45.652,3.808,3
54305,45.643,3.822,3
54306,45.652,3.808,3
54308,45.6505,3.84,3
54310,45.651,3.84,3
54314,0.36642,36.7221,5
54316,56.60887,66.25967,4
54495,6.15,-2.1,1
70001,44.55,-107.467,4
70002,46.87211,-87.9278,3
70003,37.03639,22.07639,3
100001,31.562,117.394,3
100002,29.967,116.117,2
100003,39.533,115.783,3
100004,39.567,115.9,3
100005,26.05,119.633,2
100006,35,105.915,6
100007,35.013,105.915,6
100008,35.548,104.609,6
100011,36.067,103.85,6
100012,35.338,104.99,6
100013,39.006,103.338,7
100014,35.51,105.81,6
100015,35.5,105.833,6
100016,35.533,104.517,6
100017,38.179,102.765,6
100018,35.76,105.82,6
100019,33.95,102.35,6
100021,22.733,113.717,2
100022,23.133,113.233,2
100024,22.35,113.817,1
100025,23.45,116.667,1
100026,21.55,111.667,1
100027,22.833,113.25,6
100028,20.35,110.35,3
100030,25.2,110.2,3
100031,21.533,109.083,1
100034,26.7,104.233,2
100035,26.033,105.833,2
100036,26.233,105.917,2
100039,19.95,110.183,1
100040,40.867,115.85,6
100041,38.833,115.917,3
100042,38.967,118.6,3
100043,39.333,119.17,3
100044,41.2,116.633,3
100045,40.567,115.15,6
100046,39.5,119.17,3
100047,38.05,117.117,3
100048,38.45,114.917,3
100050,38.35,117.35,3
100052,40.1,114.4,6
100053,40.117,114.217,6
100054,39.867,118.867,3
100055,48.133,134.7,3
100056,48.333,134.467,3
100057,47.533,133.867,3
100058,47.883,133.667,3
100059,48.35,129.667,3
100061,52.233,122.8,4
100063,36.1,114.4,3
100064,34.469,113.655,3
100065,36.017,114.533,3
100066,36.161,114.669,3
100067,34.912,113.53,3
100068,31.75,110.667,3
100069,30.133,112.333,2
100070,31.081,112.238,3
100071,30.19,113.23,2
100072,29.996,115.807,3
100073,29.817,112.883,2
100074,41.333,114.367,6
100075,39.317,109.267,6
100077,42.95,122.35,3
100078,42.283,118.967,6
100079,40.583,112.667,6
100080,40.583,112.667,6
100082,41.3,112.35,6
100083,42.954,115.367,6
100084,49.233,119,6
100086,40.283,112.833,6
100087,42.956,116.757,6
100088,49.127,117.506,6
100089,49.28,117.4,6
100090,42.374,117.47,3
100091,41.88,101.85,7
100092,42.707,116.683,6
100093,40.667,111.133,6
100096,43.25,117.517,6
100097,42.067,119.917,6
100098,39.468,110.165,6
100099,31.767,119.8,3
100100,31.617,121.383,3
100101,32.25,120.233,3
100102,31.95,120.35,2
100103,31.95,119.15,3
100104,31.276,118.897,3
100105,31.95,119.15,3
100107,31.9,121.7,3
100108,32.71,119.876,3
100109,32.183,119.45,3
100110,24.25,115.033,2
100111,24.75,115.033,2
100112,29.742,116.214,2
100114,44.883,124.85,3
100115,42.3,126.367,3
100117,43.633,129.2,3
100118,46.667,123.717,3
100119,42.35,126.383,3
100121,42.581,128.326,3
100122,43.883,125.217,3
100127,41.28333,72.83333,3
100128,41.86667,71.96667,3
100131,41.31,72.96,3
100132,41.23333,73.25,6
100133,41.31,72.96,3
100134,39.583,121.417,3
100135,42.867,122.883,3
100140,48.62167,88.34583,6
100141,51.1,100.5,6
100142,49.08,107.2875,3
100143,47.76667,102.7667,6
100145,43.43333,104.1,6
100146,36.433,105.967,6
100147,18.38333,108.0667,1
100149,34.831,98.198,8
100151,37.1,95.5,7
100152,37.133,100.333,6
100153,35.317,99.183,8
100154,34.633,92.15,8
100157,34.011,97.241,8
100158,37.593,101.35,6
100159,36.667,100.517,6
100162,33.95,107.733,3
100163,34.4,109.5,3
100164,37.767,108.833,6
100165,35.75,109.417,3
100166,37.55,122.517,3
100168,31.065,121.192,2
100169,30.95,121.867,3
100170,31.383,121.233,2
100171,31.1,121.3,2
100172,31.217,121.4,2
100174,31.133,121.183,2
100175,38.885,112.194,6
100177,40.267,113.667,6
100178,27.833,102.667,6
100179,32.8,102.533,8
100180,28.5,104.067,3
100181,31.113,99.755,8
100182,28.583,102.217,3
100183,30.298,99.552,8
100184,33.905,102.545,6
100185,33.95,103.35,6
100186,23.753,121.236,3
100187,24.75,121.733,5
100188,23.867,120.917,2
100189,23.82,120.9,1
100190,43.617,92.8,7
100191,36.667,89,8
100192,42,87.02,7
100193,44.418,86.024,6
100194,43.5,87.9,6
100196,37,80.7,7
100197,43.117,86.85,6
100198,44.697,89.56,7
100199,44.88,82.94,6
100200,45,82.8,7
100201,43.801,89.133,6
100202,40.283,90.25,7
100203,40.333,90.25,7
100204,45.833,85.917,7
100205,37.733,82.767,6
100206,44.31,89.143,7
100207,37.033,80.767,7
100208,35.35,79.517,8
100210,47.217,87.3,7
100213,36.783,90.833,8
100214,43.8,89.122,7
100215,37.15,79.917,7
100217,33.72,78.81,8
100218,29.813,92.54,8
100219,30.467,91.5,8
100220,28.91,85.61,8
100221,29.813,92.373,8
100222,30.733,96.683,8
100223,31.81,88.97,8
100224,32.991,103.052,6
100225,30.533,91.383,8
100226,31.95,90.333,8
100227,35.433,84.65,8
100228,31.46,84.05,8
100229,32,90.9,8
100230,25.855,100.171,3
100231,22.483,100.6,5
100232,21.95,100.483,3
100234,29.967,121.35,3
100235,30.25,120.2,2
100236,29.984,121.363,3
100238,50.25,89.625,6
100239,52.08333,105.8653,4
100240,50.38333,89.41667,4
100241,50.5055,87.64167,4
100242,50.45,87.67083,4
100243,50.45404,87.67608,4
100244,50,137.05,3
100245,47.83333,135.6667,3
100246,53.03333,51.84167,3
100247,53.7,140.1167,4
100248,44.42,59.98333,6
100249,26.767,119.033,2
100251,43.9085,128.75,3
100252,45.206,132.509,3
100253,39.65,109.9,6
100254,72.39888,102.2886,8
100256,49.41667,90.51667,6
100257,51.585,104.8547,3
100258,51.58361,104.8517,3
100259,52.8526,78.62668,6
100260,52.75,108.083,3
100261,67.08333,65.35,8
100262,71.86667,127.0667,8
100265,55.44,107,4
100266,55.44,107,4
100267,72.38167,99.86167,8
100268,52.78333,108.1167,4
100271,72.39,99.715,8
100272,73.50333,136.005,8
100273,74.473,98.636,8
100275,64.85833,175.2333,4
100276,55.52,108.47,4
100278,63.325,176.5,4
100279,50.0405,155.3952,8
100280,51.34,142.14,4
100281,60.01667,72.08333,4
100282,50.2,105.2,3
100283,33.30884,78.02516,8
100284,32.929,78.323,8
100285,56.82267,160.0403,8
100286,56.81675,160.0675,8
100287,56.81675,160.0678,8
100288,55.8,109.7,4
100289,68.16667,87.15,4
100290,61.3375,154.5555,8
100292,35.516,99.31,8
100293,30.95833,120.6403,2
100294,31.25,121.167,2
100295,24.483,121.433,3
100296,45.01667,82.83333,7
100297,43.675,92.8,6
100298,43.85714,81.96508,3
100299,27.003,100.181,3
100300,27.91,99.95,6
100302,64.8,175.5333,4
100303,31.486,110.001,6
100304,35.28217,98.55208,8
100305,56.11,84.23,3
100306,53.254,157.754,8
100307,56.33333,84.83333,3
100308,31.616,92.07,8
100309,26.1,103.2,6
100311,67.54722,172.1253,8
100313,46.61025,101.7789,6
100314,52.82803,60.49897,6
100315,38.91,112.23,6
100316,42.9,119.3,6
100317,42.28333,126.6,3
100319,56.45,84.88333,4
100320,44.617,81.133,6
100321,34.61667,80.28333,8
100322,33.379,101.104,8
100324,67.35,168.3167,4
100325,67.78938,168.73352,8
100326,56.04,130.87,4
100327,65.294,135.7592,4
100328,70.72,132.67,4
100329,70.96,132.57,8
100330,70.53,132.91,4
200002,37.5,79.8,7
200003,30.13,101.83,6
200004,31.23,86.72,8
200005,31.23,86.72,8
200006,41.08343,112.6546,6
200007,48.8,86.9,3
200008,36.19,100.1,6
200009,28.97,90.71,8
200010,36.25,101.2,6
200011,31.13,84.17,8
200012,36.8,101.73,6
200013,35.65,101.1,6
200014,36.59,100.3,6
200015,39.24,97.92,6
200016,31.35,84.07,8
200017,31.53,84.06,8
200019,35.39249,-111.733,3
200021,23.82,120.88,1
200033,3.5167,5.5667,1
200034,42.57,11.8,3
200035,42.12908,2.754,3
200041,35.245,136.054,3
200048,37.7998,-10.1665,5
200050,42.15,-9.6833,3
200055,42.13,12.32,3
200062,34.2875,-120.036,6
200063,36.2054,-4.3127,3
200068,35.6233,-121.438,3
200070,41.6828,-124.933,3
200072,42.117,-125.75,3
200077,4.92,-74.03,1
200079,32.04,34.21,3
200090,44.9091,3.78994,3
200099,36.831,138.216,3
200103,40.3,-123.22,3
200104,42.262,-127.678,3
200109,27.7873,-82.5178,3
200111,40.3,-123.22,3
200112,37.767,-10.183,5
200114,32.925,117.333,3
200115,32.925,117.333,3
200121,34.883,105.683,6
200122,38.179,102.765,6
200123,40.5,96.65,6
200124,39.187,100.135,6
200125,39.006,103.338,7
200127,39.05,103.667,6
200128,22.2,113.283,1
200129,22.706,113.514,2
200131,22.95,113.367,2
200132,22.783,112.633,1
200133,23.417,116.683,1
200134,20.52,110.301,3
200136,21.768,112.756,1
200137,19.901,108.601,1
200138,18.377,108.063,1
200139,22.32,107.119,3
200140,24.564,107.096,2
200144,25.2,107.998,2
200145,26.467,108.283,3
200146,27.917,108.683,2
200147,27.899,108.693,2
200149,19.867,110.617,1
200150,38.4,115.983,3
200151,37.95,113.883,3
200152,42.472,117.127,6
200153,47.65,132.5,3
200154,47.217,127.333,3
200155,31.491,109.996,3
200156,31.567,109.933,3
200157,31.75,110.667,3
200158,30.833,112.903,3
200159,38.47,122.69,3
200161,38.06,122.17,3
200162,33.783,122.363,3
200163,31.728,124.385,3
200164,39.167,123.333,3
200165,42.033,128.133,4
200166,42.214,126.518,3
200167,42.225,126.504,3
200169,43.45,125.75,3
200170,45.767,123.117,6
200172,30.233,120.933,2
200173,32.05,118.767,3
200174,32.15,119.05,3
200176,24.25,115.033,2
200177,29.032,116.147,3
200178,41.118,122.687,3
200181,21.006,115.423,1
200182,41.333,114.35,6
200183,43.32,116.577,6
200184,42.618,116.817,6
200185,40.583,112.7,6
200186,40.582,112.667,6
200187,40.583,112.667,6
200188,40.83636,113.2786,6
200189,41.142,112.625,6
200190,43.643,122.963,3
200191,39.783,109.333,6
200194,40.467,110.67,6
200196,42.217,116.617,6
200197,36.433,105.967,6
200198,38.283,106.5,6
200199,32.903,91.922,8
200200,35.95,90.833,8
200201,36.247,100.407,6
200202,38.1,96.4,8
200204,37.167,97.55,7
200207,33.3,101.117,8
200208,36.75,100.167,6
200209,34.103,92.628,8
200211,34.867,90.5,8
200213,33.37619,101.1027,8
200216,36.933,116.65,3
200219,35.958,120.225,3
200220,37.5,117.733,3
200221,36.233,115.65,3
200222,40.1,113.283,6
200223,40.367,113.733,6
200224,34.167,109.3,3
200225,33.936,107.42,6
200226,33.983,107.733,3
200227,37.75,107.517,6
200228,31.083,120.967,2
200229,30.95,121.867,3
200230,31.129,120.911,2
200231,31.25,121.55,3
200232,31.783,120.441,2
200233,32.04903,103.6761,6
200234,32.962,103.137,6
200235,33.454,102.64,6
200236,23.817,120.883,1
200238,31.517,92.067,8
200239,30.017,93.933,8
200241,31,85.117,8
200242,31.467,91.508,8
200243,31.537,90.829,8
200244,29.667,91.067,6
200245,29.909,91.816,8
200251,30.918,90.878,8
200252,30.733,90.667,8
200253,31.583,91.15,8
200254,44.545,83.794,6
200255,44.571,83.745,6
200256,42.655,89.416,7
200257,42.675,89.418,7
200258,41.931,86.804,7
200259,47.833,88.2,6
200260,48.717,87.03,3
200262,40.149,90.509,7
200263,43.046,84.382,8
200264,43.426,94.173,6
200265,43.399,94.245,6
200268,43.97,80.544,3
200269,25.12,98.55,3
200271,26.533,99.867,1
200272,26.634,99.717,3
200273,23.667,102.55,5
200274,25.101,100.1,3
200275,26.62894,99.70933,3
200276,30.465,120.206,3
200277,30.25,120.2,2
200278,30.397,119.978,3
200279,30.887,122.428,3
200280,29.082,107.001,3
200281,31.289,109.778,3
200282,68.64167,-149.457,4
200283,70.66744,97.71586,4
200284,43.61583,92.77417,6
200285,63.07816,117.9981,4
200286,67.89,66.31,8
200287,69.54833,90.21167,8
200288,59.98957,112.986,4
200289,59.99095,112.9835,4
200290,42,101.567,7
200292,33.45,102.633,6
