"Biome","Timeslice","Site_number","BIO1","BIO4","BIO8","BIO9","BIO10","BIO11","BIO12","BIO13","BIO14","BIO15","BIO16","BIO17","BIO18","BIO19"
"Northern Hemisphere",0,2053,5.9187624807355,825.132896900033,9.54577185883274,4.94470564507852,15.726042748138,-4.73746092708683,827.475419612179,119.292591320941,29.3802129624223,48.9813492859858,322.33128607691,102.093150537137,233.283591092154,149.958592213071
"Northern Hemisphere",0.5,2266,5.59310644244125,814.21433205115,9.41889681325595,4.95135984309122,15.310262813523,-4.75744204498462,845.336156710868,119.304058964276,30.640535015424,48.6976443895631,325.452163386758,103.548112260687,234.539020651576,148.923213360029
"Northern Hemisphere",1,2241,5.59410643069652,811.456258286961,9.88801570494372,3.89045898993714,15.246479244737,-4.88249353567492,837.853343957027,123.339691294658,29.6612117401054,49.5561854426013,329.900839042247,100.808376979861,235.116725824242,141.297242924614
"Northern Hemisphere",1.5,2264,5.54962840409321,813.916087980353,10.0525830812907,3.96242222453638,15.3870816466926,-4.83618858177122,855.002252810363,123.196044286304,30.8937367956806,48.8563059833104,335.776501023361,103.014469000036,244.609211916351,144.833635304544
"Northern Hemisphere",2,2209,5.37753502646189,810.356832854957,10.0969615486593,2.19668403951316,15.2211032052709,-5.12615409142464,842.225576343976,124.449173806682,29.7440928160474,49.8291066206409,330.66291676065,102.087981522827,237.95352198529,143.870324845593
"Northern Hemisphere",2.5,2200,5.30669647472344,812.352982759396,9.86603010084241,2.20713978143648,15.1870262835961,-5.05786447399062,861.597095997403,128.436820463183,29.9641618768724,49.1573166606833,344.793149588586,104.740190766393,270.274446016472,142.371393432815
"Northern Hemisphere",3,2156,5.17182795747725,821.009399004955,10.1962738921755,2.12723953298055,15.2726492491563,-5.1976862107744,863.15675961066,128.409174026737,30.2039421527859,49.2148981923077,345.756842653159,105.185761514196,260.35750992657,143.60511914693
"Northern Hemisphere",3.5,2104,5.23203474634487,819.130914673376,10.0490471113484,1.6885641270336,15.3555866879806,-5.04322071259134,869.956302674488,131.021480278661,29.8914391580976,49.964618618753,353.260505802874,105.062896797971,274.947733428254,145.93274696208
"Northern Hemisphere",4,2059,5.01797161447646,828.323449149844,9.95673108296226,2.28833865938893,15.43979902633,-5.27449698871548,831.519875863518,128.912546205487,28.7906303731655,50.4991062755385,336.965947791455,100.829710762147,266.791344841517,140.27575154604
"Northern Hemisphere",4.5,2016,4.97875728661503,828.509553272715,9.74527443153064,2.26621529579885,15.5403143141993,-5.1925613423335,851.06279082054,131.867528782377,29.2200003911312,50.0559143577605,354.727344125369,101.431197936792,278.351490098344,152.293899151705
"Northern Hemisphere",5,2022,4.84075047268558,850.799999001831,10.1171911811483,1.89618628132662,15.7447356501871,-5.60621391701206,871.225045516664,136.726319087331,29.0754654425898,50.8424074639536,353.787825176921,102.684081854569,283.388882928298,146.609570772746
"Northern Hemisphere",5.5,1980,4.76076570693032,843.46361170898,10.5060941980784,1.36973402023144,15.9019206106348,-5.43945638251884,864.367444154399,133.972290231884,29.436889775491,50.5436545669114,361.446198850285,103.292014156007,281.895379237746,139.733899696395
"Northern Hemisphere",6,1946,4.98058901389946,850.798472858786,10.4103064070337,1.50946030400926,15.9283471243787,-5.57373558598914,879.70645022615,134.068661412014,29.7022476606407,52.3809421732399,363.880721289002,105.969748621615,290.240166095125,134.954898571897
"Northern Hemisphere",6.5,1881,4.62351612049589,867.003379380064,10.6368874415723,0.685893128007647,15.9106936722173,-5.7464470555938,881.756670926415,135.831058326636,28.6288872263688,50.6885748129386,373.248217192689,98.687629954571,286.290577678505,138.714149834412
"Northern Hemisphere",7,1835,4.94209295066472,871.767947360545,11.0297712000615,1.33187979995325,16.1997050329943,-5.66014882891705,892.880185397171,139.887409689399,30.0706400701738,50.7541905593633,369.540018395841,103.775138596292,301.378939961143,135.926300128882
"Northern Hemisphere",7.5,1779,4.79725951025312,873.08181991446,10.7043730879539,0.530233762332287,16.2294937337398,-5.92596465253044,930.090646593649,144.408862121541,29.5073457909854,52.3070180629558,388.132633285218,104.955030721111,309.743241285904,139.05750101189
"Northern Hemisphere",8,1707,4.87161383417442,898.104859924047,10.6438613157917,1.08159171847854,16.4322289628574,-5.86503298021929,870.430294103248,140.239979564339,27.6544497283904,53.5523618970808,373.368512197151,94.9510679233844,292.173205070433,131.384206883083
"Northern Hemisphere",8.5,1655,5.00300197403456,924.196525331297,11.2455158157542,-0.195103103056244,16.79454800997,-5.83217915368326,866.662547810402,136.493198674381,27.1651422971149,56.0138627163424,367.220013668979,93.6445094080065,281.427452234348,126.606730158869
"Northern Hemisphere",9,1632,4.97491682572127,927.733272327914,11.0426178006752,0.956053101096019,16.827720516473,-6.01812595206067,910.260508600078,141.970412370678,28.3715174794423,55.4970228384346,374.868661268951,96.2875201780794,285.682802651072,132.390824901449
"Northern Hemisphere",9.5,1507,4.80400192216863,907.722003832473,11.2312679585787,0.56381567523993,16.6074228799443,-5.92306522098243,872.779767400935,138.878636573469,26.6014731980518,57.3740656956734,380.213189859154,93.7635795678307,288.179835574058,132.877250879217
"Northern Hemisphere",10,1447,4.26731312545216,914.128904206241,11.2775316744643,-0.138518203897765,16.2648927634148,-6.36086316070172,857.42543115342,135.679210411406,24.9627999591606,56.4381488286382,364.508436565037,90.1258454124793,289.483212475655,118.101154801751
"Northern Hemisphere",10.5,1374,3.87941811472368,907.269813371462,9.71647525018554,-1.02530272309853,15.6244905242684,-6.95392258791062,864.879358687172,140.508307181861,25.8175572179511,57.708210834152,377.35014529385,90.0016468880443,296.243598793691,120.035162042694
"Northern Hemisphere",11,1281,3.77040944152833,920.076376251786,9.71048675435887,0.583974400550488,15.9102595366206,-6.38998872678733,854.618149055968,134.879160103778,26.0735206552235,57.218445148027,363.502429620776,90.2053035608646,279.134621929493,124.821319875997
"Northern Hemisphere",11.5,1230,2.16059151596411,960.669573082864,8.55273909286742,-2.56217355385653,14.7984982963981,-8.08047913864463,816.405429135815,130.793700816665,22.0084503050553,59.5843267922182,358.596813744146,75.1899335409957,258.280842041996,115.038113778309
"Northern Hemisphere",12,1108,0.853652679266637,980.832008852835,8.33752694949409,-2.54193519528965,14.0893578512182,-10.4714612941833,780.229504995862,124.551885547228,18.4068380117721,61.1513963133958,338.661766415399,64.9207214509903,220.830672953385,92.8950456605272
"Northern Hemisphere",12.5,1008,0.553071762295855,1022.54536563514,8.09331282767211,-2.89434219896469,14.2415544501101,-10.9765353568015,744.454070047017,118.616198786425,18.6030779597376,59.6014059719157,321.797644328767,67.1400999297292,213.568923658745,95.5373930125779
"Northern Hemisphere",13,945,3.07117016089071,978.670102653083,8.93938191317269,-1.65312092914263,15.2700152212618,-8.18593832516971,815.35005046569,129.557601073664,21.7841642715246,60.3042839430864,352.995514283061,80.8653588461151,266.948262221173,124.533852688506
"Northern Hemisphere",13.5,819,2.74783792525345,980.374296157031,7.69854341531165,-0.806046928551528,15.0167025410335,-8.39833211335966,846.245822255818,130.962382062677,24.4615674250482,61.4818160984402,361.162229324801,83.8126672885575,273.101431288293,121.971605596968
"Northern Hemisphere",14,722,2.80647486400372,994.341291736648,8.6013392125852,-0.293062107694062,14.8836914323814,-8.38620729090657,821.254077356721,129.681102821975,21.6687943605342,60.9519560205591,352.964407330665,79.3275988143065,269.966079926777,115.491737136852
"Northern Hemisphere",14.5,610,0.89567559814377,993.851188380881,7.38529083682389,-2.11583534880941,13.6618601785684,-10.8772541926065,769.089723236913,121.886306893652,21.3730691341559,59.4092765684104,328.638549939092,74.7169811833964,231.610529159507,112.941466657634
"Northern Hemisphere",15,511,1.43704986490318,1009.65427876995,8.60900437587137,-1.22706860886644,13.7720966057929,-10.5897392447456,771.443400339126,120.947609189896,21.2783539810403,56.2753044887758,337.871984819536,77.6482296876238,247.035111369438,113.776104045205
"Northern Hemisphere",15.5,439,0.35494927321481,976.07836100473,7.68816351434537,-3.74526170813073,12.8462760401522,-10.9584174369448,757.966050343699,119.322751144816,21.3067576046866,58.8881256196329,317.748212242539,78.858856725209,237.79331860583,108.258222943429
"Northern Hemisphere",16,386,0.936324090449651,954.755827848162,6.81945848727072,-2.908458105552,12.5555105206684,-10.857859056132,797.765720114942,117.777525447407,19.9588970449928,60.7689102832299,316.404902290034,73.4301036303703,253.340217668874,114.327844819859
"Northern Hemisphere",16.5,333,-0.210163893542925,958.690652184818,7.42276238650005,-4.44124965799715,12.0124656055993,-12.3196076240343,786.303677328144,115.933483307916,20.821105553794,59.836221223579,313.960631310764,77.0228709253176,257.6285882365,111.338979387477
"Northern Hemisphere",17,304,0.539892009089985,961.941124369513,7.40174507676615,-3.75235725063942,12.9789859206368,-10.8798618733256,762.965614744117,113.361160045147,19.7418469019031,60.1919147786912,309.885578497602,70.2987165433294,244.699478631209,113.671339510253
"Northern Hemisphere",17.5,257,-0.681121015752328,972.712354156219,7.40164961987884,-4.53734053955007,12.2460826809343,-12.9901020432327,777.182610258378,113.263418903491,20.3199074752889,61.1903089333173,304.99913635269,75.0709032592893,250.533217027648,111.535533725642
"Northern Hemisphere",18,242,-0.568935528235144,969.647942932817,8.01257327936778,-2.05605955090962,12.0654435079181,-12.2644532815453,733.470340988971,121.040525811314,16.3958887231785,64.0680690520253,314.152098578802,65.8919581504666,235.02148818554,119.771969638014
"Northern Hemisphere",18.5,207,-1.15133552379147,936.658034176822,6.60197088174044,-4.72040475541104,11.8244059767236,-12.677595507183,721.48346049954,114.473574824755,18.1834009013567,62.5858902406601,302.879842811623,70.0848415909864,241.718609039211,112.317343433078
"Northern Hemisphere",19,190,-1.428245272096,999.812373480532,7.08518081891336,-5.64480764133583,10.898445534725,-13.2567662285621,803.117871322964,115.934549517136,18.1892964573655,62.6051279119425,300.367547886014,67.2818500428084,254.114699265568,133.404570840714
"Northern Hemisphere",19.5,177,-0.798102654721119,932.965731330087,6.63451019802068,-4.21490288500691,10.9189555055259,-11.8971545925424,775.030531665489,114.713497410542,16.8660221623712,60.985022914632,297.193238379361,69.7223757688713,240.798131411501,120.282448853955
"Northern Hemisphere",20,169,-1.98002949470261,974.126797019925,6.92574786115865,-5.78198223203207,10.4690170888048,-13.2566429002817,816.836563705712,118.899366108382,20.1076383046032,60.8976378253728,322.881335659217,73.6761796865863,270.424857167334,119.682023147303
"Northern Hemisphere",20.5,148,-1.45461188800111,920.755616759378,5.50946543078036,-4.76727157535182,10.5518598007736,-11.911815708812,731.51495418208,110.932265185681,17.710598019607,58.6316309891967,298.606070082679,63.2411565518488,235.042404390619,121.484408876883
"Northern Hemisphere",21,144,-2.48138191678946,965.71939942634,6.26484199832641,-6.21534377805997,9.99552895950765,-14.3341201041236,753.788585700745,115.187167731401,19.8693115550077,64.6887674433242,310.192284343801,68.5594254381944,244.560648994955,125.976010672904
"TRFO",0,50,22.5395221710205,121.955252110736,23.0294030507405,21.3047326405843,24.0519046783447,20.4262027740478,1879.7988948822,283.874069213868,39.9090557098389,50.530436951672,721.160789489746,147.096557617188,510.516677856445,251.003635406494
"TRFO",0.5,57,21.2214120229085,131.120965816502,22.6335290273031,21.2340030670166,23.7428531646729,19.5770613352458,1800.94313669205,277.897521972656,36.8856773376465,51.7037659193323,717.521408081055,141.833923339844,531.199966430664,240.33385848999
"TRFO",1,54,21.0657113393148,131.973293426928,22.6558373769125,20.093957901001,23.6689599355062,19.3692722320556,1740.06932938099,289.703247070312,38.2476673126221,52.80771858303,726.618598937989,142.540090560913,499.354484558106,206.721206665039
"TRFO",1.5,56,21.6881478627522,122.266224459955,22.6087894439697,20.121810277303,23.6049238840739,19.1927738189697,1745.63236206769,278.959075927734,40.2592716217041,51.5498735984453,733.697227478027,137.169422149658,578.944366455078,198.698343276978
"TRFO",2,62,22.0115502675374,129.502820845882,22.6114343007406,20.2693525950114,23.8793888092041,19.1267744700114,1740.336201936,293.792175292969,38.5413856506348,51.4923345213845,734.374099731445,138.424629211425,555.768871307373,244.544454574585
"TRFO",2.5,61,21.9308109283447,117.142914049738,22.4109745025635,20.4571679433187,23.445032119751,19.086409886678,1766.65882873535,285.457336425781,41.3539962768555,50.981390445687,754.704025268554,151.00764465332,584.114715576171,237.385551452637
"TRFO",3,60,21.474687576294,115.137785683448,22.3690789540609,20.0627435048421,23.4369653065999,19.0405521392823,1790.83090019226,302.326751708984,43.794542312622,49.4391142397468,762.015464782715,157.514287948609,583.423851013184,239.223768234253
"TRFO",3.5,57,20.9637241363526,117.424039360968,22.3807722727458,19.9596398671468,23.4103336334229,19.0253950754802,1749.02919006348,291.271911621094,39.9213638305664,51.4885992811312,763.892807006836,163.97248840332,648.748001098634,239.029541015625
"TRFO",4,55,21.0791085561117,130.15156031585,22.0045007069906,20.0150597890218,23.3801314036051,18.883264541626,1778.89139556885,298.692169189453,40.2514114379883,51.3620624715543,773.329650878907,143.534275054932,737.881607055663,192.034713745117
"TRFO",4.5,47,21.0364093780518,117.512265326898,21.920862197876,20.0071862538656,23.4216658274333,18.9426720937093,1766.11693572998,298.023620605469,42.8365592956543,50.8882661120196,776.924041748047,151.833290100098,721.735321044922,347.22639465332
"TRFO",5,51,20.856419245402,130.284222251797,22.3658796946208,18.8292687733968,23.2639611562093,18.7794742584229,1747.07197189331,302.271636962891,37.7793655395508,52.9121904926069,762.564712524415,155.685832977295,732.401947021484,267.516349792481
"TRFO",5.5,46,20.6210880279541,146.878022777527,22.9107405344645,18.7158451080322,23.6770674387614,18.723840713501,1708.19501113892,302.01611328125,42.9205532073974,52.5676307334316,758.629173278808,159.696115493774,754.486846923828,230.11531829834
"TRFO",6,44,20.8091983795166,101.716906011958,22.8642063140869,19.3878218332927,23.3216902414958,18.6757653554281,1749.84413719178,303.172927856445,46.4005889892578,51.3160124545108,752.705429077148,193.710525512695,745.76953125,221.333847045898
"TRFO",6.5,44,20.2903410593669,142.761240937312,22.9402612050375,18.5776615142823,23.2287947336833,18.5364119211833,1759.66168212891,305.323944091797,42.8168716430664,53.9353664625026,751.319175720215,160.764841079712,750.780792236328,211.893474578857
"TRFO",7,38,20.4835147857667,124.562897290289,23.0967858632406,18.5875492095947,23.3327782948812,18.4983463287354,1761.84091758728,306.070404052734,54.5768280029297,47.8730533394077,777.588882446288,185.785015106201,774.927085876464,235.655559539795
"TRFO",7.5,41,20.7916151682536,109.978256041613,23.2448062896729,19.9263146718343,23.3585554758708,18.3724714914958,1782.2721824646,314.759246826172,44.0213050842285,50.3124137505443,802.388870239257,168.513397216797,781.272109985352,225.567573547363
"TRFO",8,39,19.5190982818604,144.231396940863,23.2752730051676,18.5266564687093,23.3850142161051,18.2875105539958,1721.68923187256,307.135681152344,40.6037521362305,53.7481798062476,773.386840820313,156.42138671875,773.386840820313,213.119537353516
"TRFO",8.5,36,19.3042952219646,96.1851504711718,22.2616113026937,18.9438317616781,22.2616113026937,18.2020206451416,2003.55558204651,322.749938964844,45.7323112487793,51.4618054663005,830.302032470703,167.37321472168,830.302032470703,217.164394378662
"TRFO",9,32,18.3709608713786,104.565834876338,20.3789615631104,17.9650719960531,20.6480147043864,17.3682193756104,2095.28589248657,315.053161621094,56.1983642578125,48.39351741097,829.439666748047,202.00505065918,827.403640747071,275.015102386474
"TRFO",9.5,26,18.3378136952718,108.481277366334,19.964558283488,17.4841963450114,20.637893040975,17.0978438059489,2197.79514122009,321.568389892578,49.2663803100586,50.1529336316611,877.604751586913,181.351234436035,877.604751586913,306.418914794922
"TRFO",10,26,18.2746957143148,107.408237509497,19.6190128326416,17.3314965565999,20.3826541900635,17.0014794667562,2124.662940979,315.52197265625,43.275764465332,53.7859293199613,865.34423828125,171.952644348145,859.907073974609,175.547172546387
"TRFO",10.5,25,18.379737218221,103.425317212726,19.3987064361572,17.3117923736573,19.4711144765218,16.8710371653239,2055.6326713562,312.137725830078,48.1928176879883,52.384743143025,842.454513549804,178.524185180664,823.697296142578,179.392196655273
"TRFO",11,22,18.5052890777588,100.746868837507,20.3716271718344,17.4180952707927,20.6829217274984,16.9005171457927,1940.30427181721,295.866928100586,44.3870849609375,52.9933984931395,799.918090820312,185.99048614502,759.604217529297,185.99048614502
"TRFO",11.5,23,18.4089552561442,100.013675617328,19.7456404368083,17.5087324778239,20.8842309316,17.5087324778239,1886.38133430481,318.000091552734,32.3423957824707,57.4588968316396,876.454940795899,126.395740509033,750.229751586914,162.078300476074
"TRFO",12,17,18.7978178660075,118.95885562299,20.128137588501,18.8523604075114,21.996800104777,16.7334334055583,1872.70193099976,281.781219482422,16.9544162750244,63.9995406364299,784.531707763672,85.080020904541,325.465833663941,76.4350662231444
"TRFO",12.5,23,18.8367862701416,138.232758408119,19.2099653879802,18.9197839101156,21.3673241933187,16.7326501210531,1714.60237121582,291.999877929688,16.1709423065186,64.1846274619891,784.317611694337,92.1650886535644,389.226127624512,69.982551574707
"TRFO",13,22,17.7839781443278,106.632465345551,19.8159376780192,16.540246963501,20.524611790975,16.540246963501,2022.90689468384,304.876922607422,37.5267162322998,59.9294177583413,841.716148376465,159.120342254639,734.931739807129,206.889923095703
"TRFO",13.5,21,17.832841873169,101.134804809953,18.501438776652,16.6328271230062,18.6882470448812,16.6328271230062,2063.90967178345,294.831756591797,55.8130912780762,45.7822853602156,843.171691894531,181.79914855957,600.835174560546,196.948776245117
"TRFO",14,21,17.7433516184489,106.519213089618,19.1850426991781,16.5843957265218,20.2827599843343,16.5843957265218,2023.11009979248,301.099639892578,39.1256942749023,58.908332789895,811.70295715332,172.791938781738,622.592407226563,185.558441162109
"TRFO",14.5,21,17.5132261912028,124.414340629462,18.9034061431885,16.6021162668864,19.9236392974853,16.3092695871989,1898.46209335327,273.610076904297,46.0392303466797,47.8506897472437,740.310729980469,172.37825012207,542.109375,157.713871002197
"TRFO",15,19,17.4491316477458,134.665281323993,18.6508223215739,16.5037072499593,20.5303389231364,16.1435591379802,1784.31830596924,261.798706054688,41.3068046569824,54.3469818546274,737.753112792969,193.913780212402,529.785736083985,170.093486785889
"TRFO",15.5,18,17.2134189605713,94.641231109647,18.2194665273031,16.4046878814697,19.2331994374593,16.0099328358968,1931.25086975098,257.634033203125,41.6181831359863,49.1969256686184,675.756134033203,215.649864196777,608.71962738037,180.375118255615
"TRFO",16,18,17.0762221018473,123.125480753475,18.3258202870687,16.3170108795166,19.603977839152,15.9072717030843,1854.88637161255,251.11051940918,41.4379920959473,41.9546405308183,660.635055541993,202.473876953125,563.622108459473,185.289031982422
"TRFO",16.5,16,16.8016630808512,136.210685637461,18.0348250071208,16.105208714803,19.4463342030843,15.6815433502197,1817.83758354187,251.884857177734,40.5383796691895,47.7827737682165,625.083831787108,196.17419052124,581.300334930419,190.330856323242
"TRFO",17,18,16.6751397450765,139.602264296477,19.0074202219646,16.0565331776937,20.7588392893473,15.639612197876,1783.56487464905,241.658081054688,48.1160850524902,50.1312190068451,640.639297485352,209.234359741211,498.372867584229,209.270606994629
"TRFO",17.5,16,16.6129576365153,142.071079414153,20.0993747711181,16.0885664621989,21.1034336090087,15.6469262440999,1762.11200332642,235.60383605957,35.0544624328613,55.090555690113,620.965515136719,189.644662857055,495.857467651368,207.798126220703
"TRFO",18,13,16.4711221059163,149.564276064792,22.2199751536051,16.0169518788656,22.2199751536051,15.5548343658447,1779.03928375244,243.18408203125,39.3837623596191,60.6591829608667,620.618835449219,160.397350311279,483.454238891602,209.599212646484
"TRFO",18.5,14,16.5076694488525,133.826573039737,18.6163120269776,16.1677494049072,20.8854058583577,15.7039839426677,1753.75883483887,238.540565490723,40.4468002319336,47.1034371068341,605.560546875,226.988975524903,497.725646972656,223.356979370117
"TRFO",19,13,17.9027856190999,185.420422148453,22.0920352935791,16.7005659739177,22.0920352935791,15.815139134725,1676.20042419434,238.095565795898,33.9006195068359,53.4758923548586,591.07080078125,155.023986816406,520.912834167481,363.262817382812
"TRFO",19.5,13,16.5104974110921,144.071699650977,21.9371891021728,16.4626712799072,21.9371891021728,15.7850386301676,1709.59095001221,235.71842956543,32.8455848693848,54.8785809348269,574.084930419922,231.427791595459,496.687789916992,298.552253723145
"TRFO",20,13,17.2510267893473,180.444440887273,21.7873986562093,16.6033267974853,21.7873986562093,15.7398217519124,1560.02235412598,213.56494140625,29.5096569061279,52.2044284590374,575.244735717774,137.893920898438,495.325469970703,256.980773925781
"TRFO",20.5,15,16.4130115509033,136.143535406259,17.0846296946208,16.3974450429281,20.9178002675375,15.8027896881104,1644.12356853485,235.407592773438,40.5125350952148,51.889127113392,581.551910400391,153.912929534912,495.399856567383,308.549880981445
"TRFO",21,11,17.2155043284098,167.470573654852,21.6252282460531,16.8165531158447,21.6252282460531,15.9419803619385,1330.0538520813,219.31266784668,41.5364837646484,51.3189929567955,566.567779541015,163.075370788574,504.652351379395,252.740745544433
"WTFO",0,42,17.1224486033122,661.956015658947,21.7176965077717,15.4802137215932,25.1037642161051,9.23930295308432,1144.57246017456,171.723678588867,40.8395118713379,47.6928861102175,457.588584899903,137.658950805664,419.300052642822,229.182731628418
"WTFO",0.5,49,16.4562752644221,672.177535487882,19.9375146230062,10.7853946685791,24.1836185455322,8.39163621266683,1132.12385940552,176.897171020508,36.5498161315918,47.8964288143012,459.904960632324,149.66482925415,424.453453063965,226.964004516602
"WTFO",1,51,16.2978076140086,678.966207749659,20.4396813710531,10.7813053131104,24.0824019114177,8.41427008310955,1188.80695343018,172.782028198242,42.8428726196289,48.925637414399,458.517425537109,149.953498840332,441.604904174805,217.917839050293
"WTFO",1.5,55,16.2656217416128,686.693361859799,20.0098514556885,10.2466271718343,23.6615238189697,6.97532558441162,1223.06533813477,180.807022094727,41.5091667175293,49.648605956658,476.444168090821,163.138813018799,430.254806518555,226.90975189209
"WTFO",2,54,16.3854923049609,687.690875856099,17.0051619211833,10.8254235585531,23.736785252889,7.93504254023235,1316.18017578125,185.426116943359,39.9592571258545,50.3650518621898,484.950866699218,156.869256973267,454.655929565429,228.636421203613
"WTFO",2.5,57,16.1686038176219,696.97870379303,19.476037979126,9.97856076558431,23.9005578358968,6.73549811045329,1286.11604690552,199.226181030273,38.0444869995117,46.8221330953331,526.750030517577,162.780963897705,461.592277526856,213.948776245117
"WTFO",3,57,15.8440722227097,722.925181694214,20.9840234120687,9.21161317825317,23.863743464152,6.18135976791382,1339.10956573486,208.004791259766,42.2749252319336,45.2553153467665,531.822463989259,174.60457611084,464.815063476563,255.09300994873
"WTFO",3.5,52,15.8652539650599,734.301299655393,16.8488712310791,9.47512237230938,23.8752282460531,6.23275136947631,1583.56715965271,230.984222412109,45.7829551696777,46.0105075204156,614.195297241211,170.512084960938,473.077560424805,268.796825408936
"WTFO",4,48,15.9519925514857,730.151217697086,17.1802616119385,9.54382761319479,23.8781782786051,6.52189524968465,1385.90529251098,209.845153808594,44.5100173950195,46.1563378019284,539.77296447754,188.219535827637,433.307525634766,262.7802734375
"WTFO",4.5,47,15.9551918109258,736.506809280015,17.138655980428,8.90098492304483,23.8474470774333,5.85939931869507,1620.76907730103,240.935440063477,39.8847694396973,46.3540992375851,630.820953369141,183.907981872559,443.224578857421,267.460144042969
"WTFO",5,52,15.0619855026404,747.43180975351,16.9331200917562,8.84923728307087,23.9195601145426,5.35986725489299,1640.68420982361,244.875122070312,41.7586612701416,46.1079752922825,643.555999755859,179.275844573974,466.938537597656,270.431346893311
"WTFO",5.5,42,14.1218203008175,753.967442582106,17.184778213501,8.50203863779705,24.2038618723551,5.08303213119507,1559.39911651611,226.723190307617,45.736701965332,47.3631146777354,588.947341918945,178.275926589966,447.010101318359,266.454982757568
"WTFO",6,41,13.6642600695292,769.440551550398,17.073450088501,7.96453253428142,24.0690860748291,5.45618073145549,1574.69931411743,239.342575073242,51.3432121276855,48.5245420195244,616.989959716797,193.710525512695,470.493057250977,239.665672302246
"WTFO",6.5,40,14.9984301030636,781.675324726679,21.5860029856364,9.02634088198344,24.1062564849854,5.62563467025757,1579.16314697266,233.527221679688,46.8317489624024,49.8009607900572,612.233322143555,183.705759048462,463.09797668457,246.812278747559
"WTFO",7,40,15.7831565936407,776.118206189214,21.5477949778239,9.51437807083131,24.2234032948812,5.56024567286173,1357.23945617676,236.728988647461,45.0354995727539,50.4122768430162,568.503997802734,180.420658111572,479.057022094727,242.364128112793
"WTFO",7.5,36,13.9692679742972,789.41137106411,17.2242883046468,8.08402919769288,24.1150658925374,4.73490794499715,1613.73267364502,245.567581176758,54.7082118988037,49.9460726471638,636.31967163086,205.773769378662,461.916221618652,246.080711364746
"WTFO",8,34,14.7621808151404,771.876950261095,18.0276584625244,8.31888238588969,24.1156152089437,5.46350495020548,1477.31779098511,244.233215332032,48.728084564209,52.4547204409989,616.772354125977,181.780126571655,574.436706542969,242.582286834717
"WTFO",8.5,32,15.6513003110886,790.046794690261,18.4200738271077,8.59471050898233,24.2159976959229,5.52712392807007,1312.66738891602,245.671493530273,42.7327919006348,53.3289631724377,575.671859741211,168.716136932373,549.992050170898,240.112899780273
"WTFO",9,33,15.6575818459193,802.247654715938,22.8243961334229,7.854079246521,24.3080590565999,5.24637238184611,1589.92679977417,258.167358398438,49.2448081970215,58.6573403199277,661.399826049805,171.912498474121,591.262405395508,233.683204650879
"WTFO",9.5,22,15.6013227105141,772.560513386533,23.7999413808187,8.8745363553365,24.2263736724854,6.32729490598043,1407.81712341309,264.283264160156,42.9312057495117,58.8452965901829,641.519889831543,165.984579086303,626.931808471679,232.003784179688
"WTFO",10,22,15.1283739805222,782.049865657303,22.7146040598551,6.82096767425536,24.0849857330323,4.87023305892944,1541.55612754822,253.819305419922,43.048454284668,54.6214105805734,658.164451599122,175.949579238891,614.182678222656,246.574657440185
"WTFO",10.5,18,16.1086596449217,817.425692517274,23.0632266998291,9.68229097127916,24.1686954498291,5.1461017926534,1431.59640884399,257.943542480469,45.4544696807861,56.4031819463854,631.866470336914,176.220239639283,627.164085388184,227.581130981445
"WTFO",11,18,15.867675046126,869.583744131535,22.2610212961833,9.19276858866214,24.2348779042562,5.16093333562215,1572.94088745117,263.31037902832,39.1709785461426,59.0719113559973,643.530197143554,171.88662147522,643.530197143554,276.447006225586
"WTFO",11.5,18,12.3843782879412,969.579579281193,20.3567040761312,10.5729871590932,23.3597151438395,1.56407061219215,1601.89005088806,234.08821105957,50.3713798522949,44.3831737313122,612.717315673828,200.70874786377,568.366130828857,277.627033233643
"WTFO",12,16,12.847296905083,856.670593456361,20.4022363026937,12.9287356535594,22.7010542551676,0.678236911694209,1756.90197944641,255.287765502929,55.5467262268067,44.4828492637848,685.431793212891,201.706293106079,609.284133911133,296.693778991699
"WTFO",12.5,15,12.0335634723306,822.615244411023,18.9159692128499,11.1714013417562,22.6502933502197,1.10012203454971,1352.3119430542,204.245590209961,57.8746452331543,43.3191938325096,531.47445678711,212.328796386719,512.853141784669,226.153224945068
"WTFO",13,16,13.6733823070924,863.240775755817,20.9504744211833,8.26272497077783,23.3539880116781,2.70235590140024,1344.53235816955,245.114639282227,29.2779741287232,60.9055879503007,606.780899047852,136.580442428588,586.730499267578,242.782859802246
"WTFO",13.5,14,13.5315721929073,851.155789896763,20.7661380767822,4.97299593687057,23.4459273020427,2.67937620480855,1241.17203044891,221.355316162109,28.5675067901612,55.5812504757321,562.94187927246,162.010049819946,547.378917694091,218.198036193847
"WTFO",14,15,12.6403241356214,993.500317403545,20.8546899159749,7.80694997310638,23.4019718170166,2.41317137082418,1244.87579345703,203.239990234375,26.7813491821289,54.5384335250545,532.615646362305,136.206661224365,532.615646362305,240.460929870605
"WTFO",14.5,13,14.333701312542,872.778120420428,19.826135635376,10.0737347602844,22.8609460194906,0.543522119522095,1582.42876434326,231.42919921875,28.244665145874,57.438641800831,637.553558349609,153.934825897217,569.56950378418,303.696502685547
"WTFO",15,13,11.1441184555491,1097.08427450681,19.7041161855062,9.56609519322714,23.0538476308187,-0.498897274335223,1075.07662200928,161.986129760742,38.8092727661133,38.6062601234104,408.280342102051,151.349773406982,408.280342102051,250.087745666504
"WTFO",15.5,14,11.3935945630074,1055.10039154457,20.1281579335531,10.592920144399,22.6063480377197,-1.42213547229767,1167.31451416015,190.400588989257,42.5179233551025,38.208966303788,509.57819366455,161.968090057373,480.882431030273,251.751564025879
"WTFO",16,16,11.5495292022824,857.060265930632,17.837376276652,9.05506817499796,22.3473453521728,-0.711960876981419,1571.46537971497,229.98218536377,30.5895853042603,52.8204204706123,630.774436950684,172.776210784913,554.324340820312,298.10818862915
"WTFO",16.5,11,10.6442735791206,891.087794875009,18.1622562408447,11.059798558553,21.6689294179281,-1.75546881308158,1104.7543182373,137.834594726562,45.9366149902344,31.1379363844757,360.347129821777,160.198287963867,360.347129821777,251.904525756836
"WTFO",17,15,10.2929781054457,875.803100495327,17.4592533111572,5.32856655120849,21.8954308827718,-1.79763393600782,1110.70116424561,144.161026000977,54.6258163452148,27.4230271947356,369.057205200196,173.131031036377,369.057205200196,228.437705993652
"WTFO",17.5,10,10.8539242421588,942.147756938564,17.9161421457926,9.45114566509924,21.8296655019125,-1.59698085486889,1128.05258274079,169.268043518067,49.4257316589355,36.9330393445505,448.980892181396,159.596990585327,442.960163116455,236.633460998535
"WTFO",18,11,10.6965451141198,825.647544640259,17.6296838124593,7.33672491709392,21.5695845286051,0.560571253299714,1394.83601379395,218.385223388672,35.407958984375,55.0583073413021,614.228439331055,161.354906082153,474.890281677246,247.359817504883
"WTFO",18.5,11,9.9773958325386,871.045039520632,17.0929508209229,8.11581853032111,21.2454471588135,-2.36480312546094,1098.41229248047,173.805709838867,48.4078559875488,41.0559320802144,495.747085571288,154.905452728271,486.766990661621,230.237884521484
"WTFO",19,10,9.17068907618523,987.506629259019,16.6950117746989,6.41867480675379,21.0165144602458,-3.45438237984975,1161.54878425598,173.526817321778,57.9191684722901,31.3213700556554,460.010242462158,180.699743270874,378.278396606445,230.633728027344
"WTFO",19.5,9,9.38533447186152,1009.06431038756,16.2034346262614,0.094832380612692,20.7933088938395,-4.5080322821935,1143.49240875244,197.484558105469,59.6388626098633,36.9614180854266,549.130233764648,187.517444610596,462.744575500488,219.138763427734
"WTFO",20,10,8.66761188209056,1020.83740494568,14.3022911548615,-2.52460332711538,20.372034072876,-5.39830128351847,1106.26800537109,141.443725585938,62.4606838226319,20.2216564356245,349.916427612306,200.26252746582,290.095958709717,217.733016967773
"WTFO",20.5,11,9.07202828923863,977.827126950339,16.0738875071208,0.379866520563762,20.5024356842041,-4.9326335589091,1037.50649261475,128.073501586914,62.689079284668,21.2576528735653,328.006034851074,196.306190490723,311.912933349609,216.115531921387
"WTFO",21,8,8.62500934302806,877.654944417154,15.3390293121338,4.63760283837716,20.2931969960531,-2.40615443388621,1290.23915481567,190.510887145996,55.24635887146,41.5112619293403,533.896217346191,179.177707672119,477.43733215332,249.375553131104
"TEFO",0,1225,7.67868210872014,737.158245784064,10.6785321235657,6.56938079992931,16.3575280507405,-1.35281980037689,1071.70761299133,129.665435791016,56.7971420288086,29.1817896749854,360.462181091309,196.438289642334,293.384895324707,230.275756835938
"TEFO",0.5,1368,7.67648991942406,680.880626354917,10.5189048449198,7.3456563949585,15.4922529856364,-0.868780493736266,1084.69432067871,130.21858215332,61.7528038024902,29.2851396519356,369.131729125976,199.304946899414,292.385677337647,229.448867797852
"TEFO",1,1353,7.35542465994756,670.979656522979,11.3751163482666,7.40749518076579,15.6044050852458,-0.916459133227665,1096.4460105896,127.361709594727,58.9860343933105,26.9524287289682,356.988609313965,199.049304962158,288.869522094726,226.493217468262
"TEFO",1.5,1375,7.56721665461858,677.329010506734,10.9017987251282,9.13879823684694,15.8203779856364,-0.798763006925581,1091.08909988403,125.358375549316,60.6335983276367,26.0456966372481,353.745307922362,198.612453460693,284.815101623535,236.469383239746
"TEFO",2,1327,7.33674536148707,671.082278109928,11.4021752675374,6.82696950435637,15.4116153717041,-1.20200193921725,1079.80864715576,126.081611633301,59.9594116210938,26.8790674338547,349.281387329101,206.004322052002,303.232673645019,236.613227844238
"TEFO",2.5,1315,7.40672216626506,678.079310121424,10.6449019114177,7.33541266123453,15.462610244751,-0.898616512616474,1087.14587783813,126.560737609863,57.9704551696777,27.159726495189,361.170333862304,201.489883422852,306.046813964844,222.367752075195
"TEFO",3,1268,7.2910122256726,673.212345742263,11.1787966092428,7.11968390146892,15.3770694732666,-1.019811997811,1068.53503799439,122.158111572266,60.1204833984375,26.9710023056662,344.179008483888,199.041538238525,286.524517059326,232.751396179199
"TEFO",3.5,1233,7.27947912178934,676.197896777418,10.4695072174072,6.40331411361694,15.4435367584229,-0.811193823814392,1072.09592437744,126.250297546387,58.6707801818848,27.7662595887854,346.547065734863,197.522518157959,295.828964233399,240.809600830078
"TEFO",4,1209,7.13281927009423,674.926371892603,10.9564862251282,6.29464101791382,15.4877363840739,-1.01684161027272,1088.10976409912,126.183143615723,59.3302917480469,27.4286612718953,356.496368408203,200.826610565186,294.939010620117,233.120056152344
"TEFO",4.5,1177,7.08767865101497,680.077838157095,11.1246382395426,9.38214540481567,15.5177656809489,-0.865209947029748,1093.34836959839,131.621170043945,59.3972053527832,28.5620941060607,370.274978637695,198.772121429443,308.432258605956,233.762466430664
"TEFO",5,1158,6.92331357796987,710.613774489807,11.3231754302979,7.127760887146,15.5835514068604,-1.23583575089772,1098.91065979004,129.970123291016,59.1364135742188,28.7086069848053,357.109970092773,198.19202041626,306.184532165528,237.191596984863
"TEFO",5.5,1148,7.08707085996866,686.974620098428,10.954004128774,6.42816575368245,15.6870365142822,-1.05954587459564,1079.87376785278,127.644226074219,58.0300216674805,30.1168285697166,363.219841003418,195.701652526855,300.97779083252,223.651908874512
"TEFO",6,1124,6.80488498757283,736.507275583729,10.8418215115865,6.70575364430746,15.8094323476156,-1.11803789933522,1079.80861282349,126.949485778809,57.5362739562988,30.9608000747697,361.718917846679,191.207485198975,290.215240478516,221.126205444336
"TEFO",6.5,1076,6.82956608136495,757.138083473237,11.784641901652,4.72592051823934,15.853001276652,-1.45541994149486,1090.1503982544,127.544540405273,56.4929218292236,32.6425355651276,364.50537109375,187.480430603027,290.893112182617,218.978477478027
"TEFO",7,1040,6.92980364523828,764.175818855004,12.6968835194906,6.34558522701264,16.2761376698812,-1.25550941626231,1078.15515518188,131.365982055664,57.5810699462891,31.5868188592982,370.630325317382,192.823936462402,293.6875,224.168159484863
"TEFO",7.5,1025,6.72960317879915,782.028126103381,12.0447228749593,4.25546662012736,16.3301944732666,-1.68436284859975,1069.11054992676,126.442718505859,56.0576705932617,32.1828345925865,361.6962890625,190.740901947022,289.052345275879,217.752693176269
"TEFO",8,964,6.542861054341,785.415729344473,10.9945416450501,6.28487555185954,16.4893131256104,-1.81969814499219,1080.9817237854,129.74382019043,55.5558280944824,33.8965128961309,370.985496520995,185.651962280273,287.019821166992,217.295875549316
"TEFO",8.5,948,6.73202935606242,806.79222264674,12.4535972277323,1.61626585324605,17.2511539459229,-1.62424314022064,1039.93161773682,125.589405059814,52.4605484008789,37.2206453269708,355.175819396973,175.146633148193,275.001518249512,211.784049987793
"TEFO",9,924,6.68150751789411,816.542541624334,12.4290305773417,3.63003937403361,17.5118350982666,-1.6162577966849,1084.99571228027,131.047241210938,52.5195198059082,37.8100665881308,359.92174911499,177.850940704346,276.7593460083,221.639373779297
"TEFO",9.5,874,6.26066501811147,799.896834228683,12.1539045174917,1.60275673866272,17.1332747141521,-1.91959234078725,1046.75490951538,129.58561706543,52.2720718383789,36.9700868455601,376.005813598633,172.879901885986,277.673210144043,221.435092926026
"TEFO",10,845,5.95601056764523,811.96498692152,11.0765830675761,1.40430091818174,16.3362878163656,-2.41779184341431,1028.76017379761,126.662467956543,48.6277503967285,39.1704794769872,358.455383300781,162.240856170654,258.385299682617,213.137512207031
"TEFO",10.5,824,5.68654036273559,776.467012622988,9.45983298619589,0.471683730681739,15.8718204498291,-2.39784348507723,1052.06763076782,126.102809906006,49.5199089050293,37.9597686755466,360.753021240234,170.633739471436,271.112537384034,212.423118591309
"TEFO",11,780,5.55541902780533,760.742940606073,9.50351381301882,1.75596515337626,15.4614404042562,-2.24726974964142,1080.04135894775,129.242233276367,52.5829238891602,35.3556443144591,362.242107391358,170.74059677124,276.215110778809,220.989456176758
"TEFO",11.5,759,4.03297839562099,860.608535645075,8.06334864099822,0.762567083040873,15.0817203521729,-4.79204924901327,994.814212799072,126.328346252441,42.7956809997559,39.2155357650499,351.745864868165,135.373233795166,227.996406555176,204.610054016113
"TEFO",12,679,2.04798032840093,899.260574739469,6.9068036476771,1.70282383759817,14.3533980051676,-7.6821452776591,899.313373565674,115.746055603027,36.6448211669922,38.440136987299,325.045852661133,119.103435516357,215.466903686523,189.807609558105
"TEFO",12.5,625,1.6494488020738,976.860934063666,7.12039617697399,1.52859898408254,14.6763350168864,-8.84371503194173,905.755043029785,107.439643859863,36.2453155517578,37.6165737845152,321.819595336914,120.976497650146,213.441467285156,184.976493835449
"TEFO",13,590,4.52795570890885,841.150138999249,8.93068869908651,0.720564755300682,14.6801598866781,-4.67264413833618,1053.33609771728,124.223114013672,45.5240097045898,39.2700114440529,356.198051452637,161.766174316406,269.573661804199,204.281078338623
"TEFO",13.5,512,4.3397588832304,803.56724994254,6.86541148026784,1.12484125296275,14.4683882395427,-4.58462127049764,1074.98146438599,129.986053466797,50.2883415222168,39.2803668375718,369.403503417969,167.496738433838,250.45125579834,205.382766723633
"TEFO",14,457,4.11981630325317,877.683338518897,8.40574566523235,1.490380803744,13.9937686920166,-4.97354745864868,1112.76408004761,129.143859863281,50.622989654541,36.0940587601687,367.029129028321,173.232135772705,268.486862182617,218.229797363281
"TEFO",14.5,387,3.3656021853288,783.325404938278,5.20575348536174,1.99756288528442,12.8388106028239,-5.69736337661743,1066.08001708984,132.397003173828,47.3310737609863,34.6747485378218,366.412536621093,153.977645874023,217.201858520508,209.58097076416
"TEFO",15,325,4.12588931123416,869.908942106076,6.15137116114299,1.83122149358193,12.7999413808187,-5.63756926854451,1096.09678649902,134.533569335938,45.064208984375,35.9892076653685,378.989997863769,147.390113830566,246.272254943848,204.92728805542
"TEFO",15.5,267,3.45983793959022,921.658857591269,4.49040110905965,3.9845215479533,12.1795902252197,-6.0705730120341,1038.00304031372,124.359443664551,41.3184814453125,34.2588649974866,346.260177612305,133.600757598877,229.070869445801,209.720855712891
"TEFO",16,223,3.94910591654479,872.522852922922,4.08562612533569,9.05506817499796,11.9476057688395,-6.10356251398722,1026.44481658936,121.197631835938,37.9388694763184,37.9130357318186,321.955070495606,122.604755401611,224.528518676758,216.201019287109
"TEFO",16.5,193,3.42780206600825,853.703912040422,4.27529287338257,8.35701926549277,11.7327315012614,-6.4709636370341,1047.96303939819,116.021217346191,37.4003677368164,37.3602551264977,332.097175598145,124.063289642334,227.905433654785,206.734046936035
"TEFO",17,173,3.31771752983332,857.980886242675,5.12764901916186,5.54584153493246,11.3902225494385,-6.46169646581014,1045.68550491333,117.174964904785,37.095458984375,36.6973665723547,340.511955261231,122.180458068848,229.358421325684,209.260589599609
"TEFO",17.5,145,3.27978672583898,856.462339406446,6.23481639226278,5.71739101409912,13.8459415435791,-6.75323088963826,1039.43591308594,121.217437744141,38.524974822998,42.4255275538255,342.778701782226,128.509952545166,221.456356048584,205.392265319824
"TEFO",18,141,4.03313362598419,861.2841116646,6.61340765158336,8.02722597122192,15.1607303619385,-5.8814860979716,978.826984405518,130.280319213867,27.6429195404053,47.8281545257825,350.126304626465,108.734582901001,220.155670166016,217.46683883667
"TEFO",18.5,114,3.47104819615682,853.655411608994,5.92208242416382,9.12847312291463,14.5941867828369,-6.30002450942993,1040.0357131958,121.352771759034,32.4450950622559,43.4740213493149,334.963157653809,115.823190689087,211.317001342773,231.193069458008
"TEFO",19,99,3.84256411592166,859.039669440415,5.83532094955444,8.51644309361775,13.6708113352458,-3.98433033625285,1051.38887786865,115.591842651367,30.9757919311523,44.0418332777518,325.167404174804,116.355403900147,231.01212310791,232.264385223389
"TEFO",19.5,90,3.91096918059822,897.539112839342,6.11992287635803,8.90008974075317,14.2848453521728,-6.1746989885966,968.072502136231,123.974323272705,24.1048154830933,48.8242022310517,332.883617401124,86.1549129486084,212.122505187988,219.245849609375
"TEFO",20,84,3.51583782831827,868.50599513952,6.48075763384501,7.78275982538858,13.6887658437093,-6.2306580543518,995.403842926025,130.600830078125,28.2825841903687,50.5719845815633,375.484359741211,104.572063446045,254.903812408447,209.42756652832
"TEFO",20.5,66,4.50366889219733,838.581181687011,6.21529539426168,9.16275453567506,14.3808536529541,-4.37729501724243,1007.84586715698,128.341888427734,24.6466884613037,52.8292889264468,365.387538909912,84.293077468872,207.420639038086,215.665878295898
"TEFO",21,70,4.23357050990065,816.313953533634,5.77602529525757,8.88694683710735,13.9722334543864,-5.63727426528931,980.127472877503,132.049835205078,26.4108600616455,53.330640450148,367.973091125488,88.6837120056152,212.639881134033,229.010608673096
"BOFO",0,451,-0.0247684220473035,990.988724956384,7.69090179602304,-7.68279616038005,11.2722415924072,-12.3944861094157,798.195049285889,110.238265991211,35.7606315612793,35.5400933773068,302.803001403808,116.6926612854,263.836494445801,135.476791381836
"BOFO",0.5,462,-0.132917627071342,982.099424552054,7.59772141774496,-8.82817157109577,11.0723311106364,-12.5126603444417,850.281742095947,106.469673156738,37.5136222839355,34.2152772427645,308.654411315918,123.051773071289,259.334007263184,142.711429595947
"BOFO",1,459,0.295040508111326,986.333240404599,7.8031047185262,-7.69129021962485,11.0218550364177,-12.5121618906657,820.776386260986,109.922691345215,36.0777778625488,35.9272983844102,317.263397216797,119.069702148438,260.694778442383,141.633991241455
"BOFO",1.5,469,-0.494306723276773,996.375518283343,7.79563808441162,-9.20605039596558,10.9916019439697,-12.4315751393636,847.327548980713,112.559837341309,37.8797073364258,36.0744200106859,310.891746520997,117.731288909912,262.976821899414,139.931846618652
"BOFO",2,453,-0.601731141408279,975.962517445962,7.44932460784912,-9.18369118372597,11.0209395090739,-12.3390763600667,817.827056884766,108.161102294922,35.7060470581055,36.5993282100451,309.776962280274,118.116664886475,258.330806732178,139.199783325195
"BOFO",2.5,452,-0.474218558520074,972.273349141594,7.26314707597096,-9.0939286549886,11.0498498280843,-12.2703609466553,815.68941116333,112.640747070312,35.4175071716309,36.5071009838962,309.881706237793,118.678777694702,258.871742248535,141.324697494507
"BOFO",3,454,-1.04134458303451,991.312842304508,8.03322760264079,-8.25168434778848,11.1277205149333,-12.574499130249,797.822368621826,107.102954864502,35.0394706726074,36.7013246231361,307.627807617188,120.924770355225,256.162658691406,137.762042999267
"BOFO",3.5,443,-0.510397195816038,980.717482169065,7.42074998219808,-7.76956764856974,11.2111148834228,-12.005895614624,797.93765258789,112.958015441895,36.6833801269531,37.6571380197083,313.511528015137,120.687816619873,255.895515441895,139.698081970215
"BOFO",4,445,-0.481438507636388,986.34013411919,7.45062669118246,-7.67036517461141,11.2292728424072,-11.8467973073323,790.803428649902,115.724678039551,35.6112747192383,37.4120442898397,319.793838500977,120.256797790527,252.831329345703,139.447761535645
"BOFO",4.5,441,-0.331917593876517,985.079219356321,7.4460390408834,-7.70088291168212,11.3038272857666,-12.3020585378011,793.61164855957,111.189712524414,35.836612701416,38.1703635813922,310.939292907715,120.72399520874,257.692916870117,138.712875366211
"BOFO",5,464,-0.723903268575665,1018.53330845301,7.61418573061625,-8.15705951054891,11.5962467193603,-12.6967728932699,818.4870262146,115.681381225586,36.1072883605957,36.7448996098403,313.207702636719,122.960262298584,261.600425720215,138.816856384277
"BOFO",5.5,451,-0.617681612571084,1019.30272190654,7.56529140472412,-9.35768206914267,11.7365156809489,-12.4677486419678,808.034065246582,112.482475280762,34.2181091308594,37.7766888362833,312.109436035156,118.909679412842,252.417335510254,134.425361633301
"BOFO",6,449,-0.609828422466907,1002.555486658,7.60098695755006,-7.96710793177287,11.5861250559489,-12.6022294362386,826.052707672119,111.213623046875,34.1928977966309,38.2925012658954,310.801086425781,121.0442943573,262.956153869629,135.878978729248
"BOFO",6.5,447,-0.247907827297843,1006.30967142506,7.45195945103963,-8.13546323776245,11.6316471099854,-11.9134578704834,826.072784423828,113.810928344727,35.0556182861328,38.4874797563236,319.885231018065,113.97522354126,253.87145614624,144.007946014404
"BOFO",7,438,-0.0772764553160672,1009.89155621095,7.73219219843547,-7.53743068377176,11.9514509836832,-11.7473964691162,830.414127349853,116.240737915039,33.9580574035645,38.691248826802,315.781593322754,116.399597167969,258.900772094727,134.721950531006
"BOFO",7.5,417,0.391387154658642,1005.13496913095,7.48514223098755,-6.79382924238839,12.1176700592041,-11.227331161499,843.843669891358,114.126747131348,34.285270690918,39.1350585786598,311.288696289063,118.839286804199,253.435691833496,140.748958587646
"BOFO",8,407,0.156956086556119,1023.2260323556,7.13567514469228,-6.01330149173737,12.253636042277,-11.494176864624,810.717296600341,118.275718688965,33.5163459777832,40.4404897669002,322.20809173584,109.812648773193,256.974807739257,134.066295623779
"BOFO",8.5,386,0.348647131274148,1047.26084864456,7.40558274586996,-5.90782268842061,12.4032332102458,-11.2863521575928,810.422692298889,115.767517089844,33.1868438720703,41.2723232539636,316.803024291992,109.847211837768,245.129817962647,127.161655426026
"BOFO",9,383,0.749866930767895,1040.418782376,7.32107973098755,-4.86076462268829,12.5046736399333,-11.5270646413167,798.956544876099,116.782447814941,34.1657180786133,41.7740553242012,322.351005554199,107.976493835449,245.267333984375,123.875553131104
"BOFO",9.5,342,0.812422732512161,982.207697743508,6.8089539607366,-3.68859971066316,12.321751276652,-9.74887657165529,777.540306091309,112.474487304688,30.0069198608399,43.0706830173094,314.068885803223,107.963176727295,227.95384979248,133.916194915772
"BOFO",10,325,0.0354376019289143,965.652039130715,6.54037892073392,-2.55457162857056,11.6813398996989,-10.8644669850668,721.081932067871,114.777114868164,28.6100959777832,42.308159266465,312.224342346191,102.086521148682,228.541358947754,115.712776184082
"BOFO",10.5,296,-0.0286289670815072,934.810826166168,5.86004028717677,-4.89139394462108,11.3034609158834,-11.5091711680094,733.76459312439,116.805122375488,29.6834259033203,42.149898048354,314.331478118896,95.2642898559571,241.97314453125,110.608749389648
"BOFO",11,268,-1.38256928549768,983.704270175373,4.9546855290731,-3.71479905458788,11.4077293872833,-11.3402767181397,720.148653030395,112.528457641602,29.3716430664062,47.2700678328581,314.417846679688,95.3474445343018,229.58869934082,105.088470458985
"BOFO",11.5,253,-3.21571938196818,1010.99129453713,4.64342657725018,-11.4915726979573,9.94955873489381,-12.1058508555094,719.789733886719,107.917419433594,27.9788799285889,48.9579046075531,301.024620056152,92.4046173095703,215.624481201172,105.05027961731
"BOFO",12,236,-4.95722793787717,1032.00052318665,6.51533416906993,-11.9552262624104,9.19389263788858,-15.3468685150146,662.5595703125,99.6228332519531,23.9568567276001,48.9547460195564,274.683403015137,80.6994743347168,224.349067687988,83.7018671035767
"BOFO",12.5,214,-5.12024516860642,1000.19809387601,6.84921177228292,-12.2644965648651,9.25999379158021,-16.2559108734131,628.621969223023,96.9757461547852,23.0493564605713,49.6339926600174,259.87052154541,77.6033315658569,221.255615234375,78.4298400878907
"BOFO",13,181,-2.22497383753458,1083.81464353046,5.15221567948661,-7.97018003463746,10.7400555610657,-13.0473690032959,696.227036476135,119.734352111816,24.4689331054688,48.5992842349861,315.084213256837,85.0428295135498,236.859764099121,109.170003890991
"BOFO",13.5,161,-2.460452546676,1111.45873199373,5.42627366383871,-8.23300774892172,10.7639611562093,-13.7193864186605,690.412057876587,119.742599487305,23.0561466217041,57.3074773788321,314.203002929688,75.9145164489745,229.949775695801,105.388336181641
"BOFO",14,128,-2.56523974736531,1129.29954571916,5.1427246729533,-9.79838641484578,10.3993676503499,-13.1662553151449,629.000524044037,116.237869262695,19.0536575317382,57.5955155759064,309.647827148437,60.5722131729126,237.064720153809,79.8966827392579
"BOFO",14.5,106,-6.13065550724666,1173.44180807167,6.72424741586049,-13.9858659903208,8.92897963523864,-18.590602238973,568.231562614441,103.985343933105,19.0495491027832,54.5261097513571,270.469932556152,58.8649015426636,216.629440307617,73.9568653106689
"BOFO",15,80,-5.56071294347444,1191.88396844764,5.99717617034913,-14.8154252370198,9.15052715937298,-18.470235824585,557.660575389862,102.297901153564,19.9959373474121,50.9698893594307,283.481250762939,64.735242843628,216.713325500489,74.7693328857423
"BOFO",15.5,70,-7.46952399238944,1144.82373231236,6.84104824066162,-17.3830420176188,8.179590066274,-20.2743434906006,589.598123550415,100.712348937988,20.5889587402344,53.3936929256906,262.556819915771,66.0979347229004,225.510210037231,66.0979347229004
"BOFO",16,64,-7.96715313320358,1152.54237940341,6.56056118011475,-17.385035832723,7.47234519322713,-21.2233537038167,548.221571922301,92.7230758666992,20.2422122955322,53.067613772187,254.603950500488,64.2778930664062,223.896320343018,66.0650463104248
"BOFO",16.5,58,-7.86011842389902,1153.04554734646,6.71777760982514,-16.903839747111,7.62889011700948,-22.1512915293375,541.073123931885,96.3853759765625,18.0243530273438,57.345117952891,271.65491104126,60.0011157989502,243.121564865113,61.213830947876
"BOFO",17,46,-10.2517008682092,1199.30712961799,6.4205058614413,-20.3959763844808,6.87394634882609,-23.5268001556397,532.552750110626,94.1080093383789,15.8410692214966,57.437748581662,263.741218566895,49.5940237045288,244.092714309692,59.108148574829
"BOFO",17.5,36,-10.2861310839653,1220.92383005337,5.77627976735433,-19.7043819427491,6.23754278818767,-24.4618994394938,545.133333206177,89.1376190185547,18.4507541656494,52.9257484707545,248.074615478516,58.2653284072876,227.887657165528,59.6002855300903
"BOFO",18,32,-10.8889053960641,1286.43222192979,5.72648525238037,-20.3844051361084,5.73071702321371,-25.1389776865642,511.638412952423,97.7947692871094,15.02459192276,59.088843775721,264.379947662354,55.4291553497314,245.683052062988,60.1017456054688
"BOFO",18.5,26,-10.3619589954615,1090.95376399517,5.12077230215072,-17.9644883473715,5.91309007008871,-22.8914903004965,532.018393754959,92.7085189819336,17.4263610839844,58.8118830610932,248.562271118164,53.9171199798584,243.540470123291,55.6757326126098
"BOFO",19,27,-10.9880022903283,1273.69629493514,4.85700877507528,-20.4725704193115,4.85700877507528,-25.887980779012,512.292041778564,85.8783721923828,15.7406015396118,61.50691918875,230.498680114746,52.9992084503173,230.498680114746,56.7482433319091
"BOFO",19.5,24,-9.20646368960541,1182.22977527816,3.97690218687057,-18.4129899342855,4.99155060450236,-21.0695603688558,515.819961547851,87.1908264160157,16.5958385467529,52.9675136646548,229.206367492675,52.8159556388855,227.614568710327,60.3832092285157
"BOFO",20,23,-11.9039225578308,1290.63307981148,3.77698155244192,-20.713898340861,4.59143463770549,-25.1121679941813,477.122806549072,84.1031799316406,15.115364074707,60.480788276575,226.574356079102,46.3826065063476,226.574356079102,54.3403778076171
"BOFO",20.5,20,-9.88565654773267,1098.39166932425,2.66877641280492,-18.3173987070719,5.13524770736695,-21.1995652516683,520.697539329529,85.3102226257325,16.7596406936646,52.652879323585,220.494142532349,54.9747047424317,219.474081039428,63.9553871154786
"BOFO",21,23,-13.1280832688014,1306.34245908827,4.1428058942159,-27.2329311370849,4.1428058942159,-29.1431433359782,450.728372097015,83.5634002685547,14.3761777877808,61.1934747560088,225.397151947021,46.5515766143799,225.397151947021,51.3231859207153
"SAVA",0,26,21.5537637074789,200.894899450743,20.2049249013265,20.6908308664958,23.7456404368083,19.1688531239827,1231.94485092163,197.908325195312,28.6629915237427,49.5220349193723,511.834701538085,110.532846450806,337.81962966919,229.66444683075
"SAVA",0.5,28,21.3844979604085,246.734164902479,20.0223738352458,20.1374352773031,23.0536136627198,19.1194197336833,1186.19788360596,185.443588256836,31.3450603485107,48.5392407804909,478.645812988281,122.16611289978,298.590938568115,212.515096664428
"SAVA",1,26,21.4431527455648,282.641024380293,20.7450046539306,20.2206007639567,23.1484622955323,19.2617282867431,1188.80695343018,193.967910766602,23.0217680931091,55.466482893294,493.090209960938,85.6235113143921,225.169643640518,189.206413269043
"SAVA",1.5,27,21.5423145294189,288.667282208792,20.0819136301676,21.4065799713135,23.6446577707927,19.1113936106364,1201.16526412964,195.589157104492,31.7191696166992,58.1076964962051,494.590133666992,123.592025756836,282.375367641449,195.640449523926
"SAVA",2,25,21.5779565175374,284.377042112701,20.2486006418864,21.1040388743083,23.5196882883708,19.2071475982666,1171.12754058838,185.426116943359,22.2682285308838,58.8549863674889,484.950866699218,67.9584178924561,167.186325073242,193.639598846435
"SAVA",2.5,26,19.6394697825114,279.172850892819,18.7720483144124,20.7517134348552,22.4808699289958,17.6477603912354,1211.04979705811,193.34674835205,30.584077835083,52.5894196820475,497.154632568359,109.240304946899,296.855543136597,223.090503692627
"SAVA",3,26,20.9694792429606,313.120294088876,19.3718306223552,20.2785383860271,22.8568108876546,18.1203606923422,1210.29515838623,192.264053344727,20.7915768623352,56.8473776045041,508.910415649415,89.7305569648744,223.368656158448,210.35848236084
"SAVA",3.5,20,19.7175490061442,203.33605094785,18.758020401001,20.8258508046469,22.2020511627197,17.6172835032145,1306.07384872437,219.016014099121,26.8464670181274,53.7384042481402,587.936126708984,106.127435684204,313.310969352722,240.015697479248
"SAVA",4,18,18.496914545695,288.247371511325,18.8329207102458,20.5391483306885,22.3488814036051,17.5925540924072,794.808613564924,175.41446685791,7.85030126571655,71.4941012992804,395.969484329223,41.5535287857056,110.381632328033,202.866430282593
"SAVA",4.5,24,18.1685708363851,285.043889984915,18.9347578684489,21.4434655507406,22.4900252024333,17.5814558664958,804.311427794433,188.128517150879,7.71437096595765,60.6853106927998,425.740840911866,42.2380330562591,114.220381736755,213.988159179688
"SAVA",5,23,18.0880273183187,281.648938934864,18.9527327219645,19.6339562733968,22.4156538645426,17.5683536529541,999.558923983394,194.398284912109,6.4341721534729,60.1955537204204,468.862808227539,51.231005191803,133.720252037048,209.236873626709
"SAVA",5.5,20,18.0597273508708,208.246072216856,19.0049482981364,19.4860273996989,22.4792524973551,17.5506636301676,1121.47289625183,225.577217102051,19.4378213882446,61.4406189865777,592.881668090821,86.3237342834474,204.943461894989,238.786071777344
"SAVA",6,19,20.3911482493083,138.767858377657,19.6227359771729,19.2634728749593,22.7604923248291,18.3800195058187,1199.67528915405,217.753616333008,23.2774696350098,61.425222383592,635.276397705078,98.971378326416,275.764869689941,183.270832061768
"SAVA",6.5,21,17.8710702260335,149.086314057711,18.9832299550374,17.610071182251,22.7820377349854,16.9807783762614,1041.83213797044,233.625152587891,6.97870397567749,61.2144561537259,652.355422973634,54.4759736061096,148.460237503052,217.424468994141
"SAVA",7,20,17.9571475982666,221.3295667279,19.1552066802979,19.1826419830322,22.7631168365479,16.9944909413656,1145.72721837656,238.825332641602,17.4258825778961,60.1776882949873,562.798809051514,73.7136397361755,314.085990428924,155.390478134155
"SAVA",7.5,19,17.8990370432536,158.720606482224,19.1425927480062,18.6991011301677,22.8761336008708,16.784387588501,1447.91265296936,256.846069335938,25.5573959350586,60.7222132315151,667.099182128907,107.517971038818,443.87786102295,225.567573547363
"SAVA",8,21,18.8838443756104,302.107385822392,19.0467573801676,19.003870010376,23.5080610911051,16.6275679270427,709.173698425293,232.641387939453,6.11098432540894,68.0950284651418,521.78677368164,31.897689819336,95.649974822998,158.407405853271
"SAVA",8.5,17,19.7912743886312,311.277448780831,19.080275853475,19.4718265533447,23.9617862701416,16.6805871327718,681.162501449947,234.275451660156,4.26193141937256,86.9716566734903,595.199676513672,38.9040541648865,82.4853582382203,116.268703460694
"SAVA",9,19,19.7654921213786,181.968340753981,19.3964786529541,18.6722863515218,23.1592756907145,16.6343936920166,1119.63078564848,265.548400878906,6.84579610824585,60.5080461759182,615.289184570312,43.7369475364685,158.933449745178,143.310192108154
"SAVA",9.5,17,19.6937707265218,172.359254532774,19.3384342193604,18.842269261678,23.1586449940999,16.4881025950114,689.800075054169,248.725967407227,7.22082185745239,83.0173290366119,566.654335021973,48.2599492073059,116.443594694138,106.87967300415
"SAVA",10,19,18.0258350372315,158.177547551763,19.3897037506104,19.0131371815999,22.9732507069906,16.6335798899333,896.787014961244,209.464126586914,8.81684398651123,68.8113666396672,431.964267730713,62.5680265426636,136.092280864716,118.761207580567
"SAVA",10.5,18,18.9631519317627,156.461693568134,19.1981856028239,19.1533298492432,22.8617394765218,17.0972741444906,717.610918402671,171.289726257325,10.4564409255981,70.256051060278,411.832895278931,57.7874507904053,73.8762418031693,106.53093624115
"SAVA",11,18,18.1945794423421,245.944262930053,19.4323266347249,19.1432183583577,22.461145401001,16.7154178619385,688.826552152634,165.301834106445,8.70440196990967,66.9543328842354,407.01293373108,52.3976273536682,81.1549215316772,146.522706985474
"SAVA",11.5,19,19.8414096832276,192.780685462032,19.7618045806885,17.3602949778239,21.6309655507406,16.880823135376,660.897524356842,149.298522949219,5.43451976776123,61.4572672256482,399.731719970703,21.348840713501,145.082487106323,113.164012908936
"SAVA",12,14,19.6250476837158,290.360251126855,19.9527428944906,19.3943525950115,21.2288506825765,17.5201816558838,648.201630996322,119.442123413086,5.13506841659546,80.3155694485555,355.603103637696,20.9771146774292,90.1874932497741,78.31600522995
"SAVA",12.5,16,19.7729841868083,298.217400662541,19.6052188873291,19.5805912017823,21.1915429433187,17.4141076405844,654.371846958144,118.512920379639,7.30785489082336,78.8163900316795,345.777473449708,25.1260197162628,114.954451560974,91.7668581008912
"SAVA",13,14,18.5392678578695,232.655484589794,18.087610244751,19.3790836334229,21.1777489980062,16.0819034576416,751.638431787491,162.312942504883,9.93767261505127,65.8079195965763,422.714855194092,48.0203342437745,74.7828693389893,195.727186203002
"SAVA",13.5,12,17.601396560669,275.476574117392,18.501438776652,17.6590620676676,20.3016249338786,16.2382958730062,956.89549636841,174.224060058593,17.5992865562439,70.0482964004421,448.782287597656,69.467458486557,345.112106323242,181.79914855957
"SAVA",14,10,18.3869876861573,266.186425763691,17.7738386789958,19.5061384836833,20.8533166249593,14.7601769765218,806.126841306687,166.123962402344,9.56864929199219,67.2179547862509,449.969635009766,52.1427602767944,185.340176105499,136.87938117981
"SAVA",14.5,8,15.4423440297445,250.149706542437,16.7915490468344,18.4359582265219,19.3427270253499,12.6414686838786,721.291867494583,142.193420410156,10.4201936721802,67.2079845068724,412.580841064452,62.9911432266235,62.9911432266235,207.431434631347
"SAVA",15,9,18.5812931060791,133.27744643539,19.0973962148031,18.4542382558187,19.6194807688395,17.0669701894125,894.664179801941,159.927505493164,9.83775424957275,54.6256485221412,461.251510620117,57.8290891647339,173.907883644104,186.013534545898
"SAVA",15.5,7,16.337605158488,122.807232738567,16.8877607981364,18.163802464803,19.3229211171468,14.7058963775635,723.945536136627,128.399673461914,12.2303485870361,49.3319929732986,373.971084594726,71.6785526275634,71.6785526275634,180.714286804199
"SAVA",16,6,14.826140721639,232.342001013118,15.9670963287354,18.5569807688395,18.8402398427327,12.2533054351807,747.055574059487,126.880809783935,10.1160645484924,71.474824512312,352.726322174072,49.9832653999328,106.610411167145,167.158747673035
"SAVA",16.5,8,15.7551136016846,108.413373701194,16.3004601796468,17.6963138580322,18.4349613189698,14.243392308553,1044.40878653526,151.934478759766,18.5734515190125,54.0564341108575,413.499519348145,78.6356816291809,274.148900985718,176.559131622315
"SAVA",17,7,15.6181735992432,117.144132441783,16.1421960194906,18.1558678944906,19.3746178944906,14.2359663645426,777.395550012588,134.363708496094,13.9644622802734,52.6973881102016,396.922988891602,63.6626663208008,183.993534088135,192.151859283447
"SAVA",17.5,7,15.5419940948486,293.891897478526,16.0476525624593,16.6031030019124,19.6712690989176,11.6146081288655,1118.09726905823,151.160339355469,23.8501167297363,63.4919432034048,408.961791992187,86.0025138854981,336.252960205078,190.973213195801
"SAVA",18,6,14.0949827829997,215.932048362033,14.9339440663655,17.3576704661052,18.5067996978759,11.9198093414306,970.873750090599,147.566390991211,12.870411157608,65.4042549685179,373.080593109131,66.5390164852142,234.904213428497,226.114574432374
"SAVA",18.5,5,12.5859572092692,279.410036155769,14.2285200754801,16.0475304921468,16.4253482818603,9.60148557027181,751.608013629913,139.440200805664,12.4085855484009,59.6765030210667,401.487838745118,61.9501123428344,168.969909667969,196.003646850586
"SAVA",19,4,11.5426781376203,328.581704516469,11.764139175415,15.4073683420817,16.3262983957926,7.24800022443136,1099.19483816624,168.885536193847,18.2606725692749,62.5653850966763,442.79454421997,66.4012012481689,238.116080284119,248.124172210694
"SAVA",19.5,4,11.3345533212026,320.583030885612,11.790496190389,15.2617791493733,16.2169437408447,7.12089451154073,1116.15263462067,163.935539245605,21.1595277786255,58.8202567590892,433.39733505249,77.0810880661011,230.144043922424,235.730884552002
"SAVA",20,5,12.2230319976807,269.923085500888,13.8355757395426,15.0792382558187,16.2906640370687,9.25868161519369,1486.08939170837,209.067642211914,27.6896686553955,45.5852302415159,508.273254394531,110.155248641968,378.111206054688,202.410484313965
"SAVA",20.5,4,11.4257881840071,305.840541984116,11.8240197499593,15.2240289052327,16.1060835520426,7.41201694806417,1100.23771715164,167.868469238282,19.2823271751403,57.7563562865641,438.862003326416,81.149202823639,238.335731983185,274.909313201904
"SAVA",21,6,13.6793715159098,297.0900021376,14.4870853424072,15.1211999257405,16.2892093658447,9.78853289286296,1326.4054107666,202.601867675781,29.1696472167969,54.0352207857163,517.788818359376,98.7134742736818,384.183876037597,284.16837310791
"STEP",0,129,5.75404022137323,992.5141976196,9.54832379023233,7.81848561763763,17.7924238840739,-7.24604876836141,536.09393119812,99.2564544677734,6.79376459121704,75.7270833685528,275.505081176758,27.0520477294922,126.219434738159,103.211116790771
"STEP",0.5,153,5.18983620405198,997.430564874616,9.94046465555829,9.75905783971151,17.5801436106364,-7.32385842005412,561.463894844055,103.376693725586,7.64435338973999,76.5837494786151,276.748710632324,24.6877655982971,136.461822509766,100.025371551514
"STEP",1,155,5.03771631916365,989.391870606924,10.9892722765605,3.10803620020549,17.1909936269125,-8.05513079961141,579.058942250907,118.725196838379,8.3702974319458,77.9541371511762,301.947883605957,25.702507019043,167.861015319824,88.4642066955566
"STEP",1.5,143,5.15885071953138,982.205222947003,11.3304486274719,3.10730377833049,17.3574873606364,-7.86451800664266,647.034832000732,120.154479980469,7.53029012680054,74.3049544904999,335.670227050781,29.195128440857,180.549213409424,97.3606338500977
"STEP",2,149,4.73111381133397,981.921363063837,10.8908734321594,-3.71306975682576,16.8894290924072,-8.31918923060099,600.767618179322,124.428955078125,8.54966449737549,76.9469915363448,308.062911987304,30.839693069458,167.186325073242,73.6887397766113
"STEP",2.5,149,4.48810240626336,995.701825256984,11.156874815623,-4.5307780901591,16.9795373280843,-8.21892881393432,673.058841705322,136.822036743164,8.8283805847168,76.4607529241492,352.908988952636,30.2894678115845,295.53451538086,71.6862525939941
"STEP",3,149,4.11832348505656,999.747064760479,11.2014711697896,-6.51004648208618,16.9031111399333,-8.67085345586141,705.698235034942,142.465927124023,9.22951984405518,74.2921594716646,370.223754882813,33.1524019241334,294.267791748047,68.6798000335694
"STEP",3.5,151,4.52785155177117,1010.08208926363,12.6304465929667,-6.8792888323466,17.2534834543864,-8.56054258346558,721.118100166321,143.489242553711,8.45865631103516,74.9409804157823,374.061676025392,31.2263145446778,297.453674316406,68.803165435791
"STEP",4,146,4.12061230341593,1026.11405460158,11.4310956001282,-5.20234791437785,17.3020979563395,-9.26098203659056,661.052849769593,140.704444885254,8.70562648773194,74.7259849702937,325.093528747558,30.9220676422119,285.832954406739,72.074125289917
"STEP",4.5,138,3.80374316374462,1019.04173112212,11.3314557075501,-7.82199684778849,17.3139896392822,-8.79685036341348,753.303904056549,147.484588623047,9.8831844329834,75.217123507844,404.309020996094,33.0361671447754,336.283391952515,71.0737380981445
"STEP",5,141,3.71986309687297,1043.60335015972,11.3509055773417,-7.43008025487264,17.2964420318604,-9.18375221888223,746.293730735779,154.516479492188,9.6218900680542,75.637312383594,401.448921203614,32.5806331634521,333.240470886231,70.1951427459717
"STEP",5.5,134,3.02261773745219,1053.2024904017,11.5062705675761,-7.73597796758016,17.4253177642822,-9.33949359258018,749.984198699123,151.290824890136,9.51525306701661,73.8698823438805,412.292182922363,31.6256256103516,319.209262847901,66.7804946899414
"STEP",6,131,4.16474836071333,1057.65250200943,13.0122521718343,-7.64863665898641,17.5828698476156,-9.64017311731973,776.497266292573,156.271713256836,9.01569843292236,76.5052847648218,419.644424438476,31.5197076797486,351.823333740234,68.5687313079834
"STEP",6.5,125,2.74118721485138,1067.58174959956,12.3092695871989,-8.04162168502807,17.833470026652,-9.73146120707192,826.545306762869,156.461776733398,9.80355644226074,71.0857944506127,445.859069824218,33.3078031539918,373.285888671875,70.2381591796876
"STEP",7,126,4.11404848098756,1072.20337050296,12.2340030670166,-8.29847796758016,18.1441593170166,-9.88767067591349,855.431933641433,163.13444519043,9.3906717300415,71.066337707571,448.567626953125,33.4893856048583,380.479591369629,70.9711799621581
"STEP",7.5,118,3.97325561443964,1066.74532723186,11.8832643826803,-8.15124082565308,18.4151554107666,-9.99230511983234,874.293741226196,162.199371337891,9.64511346817016,72.2073118458484,459.105575561524,34.0048608779907,383.490406036378,74.2057495117188
"STEP",8,121,4.21294569969178,1085.1373305998,13.1240787506103,-8.94534889856974,18.450901667277,-9.90107806523638,917.447367846908,159.929275512695,8.29448986053467,70.8748775768665,450.999801635742,28.9614353179931,396.779762268066,66.2881450653077
"STEP",8.5,114,3.96347475051881,1159.35559299058,13.5916334788004,-8.85281960169474,19.1284936269125,-10.2297115325928,835.581638574601,147.066452026367,9.31133079528809,71.3196842669392,410.137634277343,31.0383906364441,355.034339904785,69.6469726562501
"STEP",9,122,4.09638388951619,1178.60097403065,13.0444482167562,-8.91013662020365,19.1384627024333,-10.2516741752625,818.69162607193,151.812652587891,8.7285361289978,72.8887119997516,399.471763610841,28.8555097579956,337.103595733643,70.1558198928834
"STEP",9.5,110,3.65682395299276,1158.89569796634,14.0492394765218,-9.54249644279481,19.0284570058187,-10.8133296966553,803.595843315124,151.263107299805,8.34707736968994,73.2854933984314,435.707260131836,27.439172744751,369.824333190918,56.4907341003418
"STEP",10,104,3.21886873245239,1194.26030594384,12.2875207265218,-10.2206172943115,18.8786055246989,-11.0962378184001,812.342458248138,157.567565917969,8.57885074615479,74.2449778740537,442.126159667969,29.2161755561829,407.976821899414,63.8734912872314
"STEP",10.5,99,2.66570712129275,1186.46625960769,14.3548933664958,-10.3594317436218,18.6068464914958,-11.2559159596761,810.51597070694,160.995468139648,8.47826099395752,73.1842985800962,446.595657348633,29.4384307861328,415.065971374512,79.541862487793
"STEP",11,98,2.56518474097054,1212.06325815023,13.5844872792562,-10.035233259201,18.8589013417562,-10.8384153048197,812.984243392945,149.577110290527,8.224609375,73.8025691299513,411.641441345215,27.2044153213501,384.885581970215,81.7674789428711
"STEP",11.5,91,1.20762047171594,1200.99485457672,13.2034651438395,-12.3324133555094,17.4456526438395,-12.3324133555094,804.015781402587,133.782974243164,9.13204765319824,76.5256496652431,393.722076416015,30.8399276733399,327.964683532714,77.0060768127441
"STEP",12,83,0.185838550329216,1206.34969525107,11.9840842882792,-13.5392106374104,16.4829552968343,-15.1443843841552,807.233493804933,145.120498657227,7.31124591827393,77.6020493709486,395.966957092286,27.3521852493287,333.204330444337,47.4348545074464
"STEP",12.5,71,1.12259341279667,1216.35977597976,11.0350589752197,-11.6811275482177,16.9549808502197,-12.3406327565511,786.535358428955,135.465866088867,9.02166175842285,71.1455378751845,373.999977111816,35.9220702648163,272.967880249024,87.9560604095459
"STEP",13,74,4.03088550517957,1219.10150803523,12.7212416330973,-10.5919959545135,18.9050947825114,-11.308385848999,692.987472057343,131.137756347656,7.02390646934509,79.3707129344971,354.617797851563,25.1765494346619,330.431259155273,83.1289319992065
"STEP",13.5,58,3.83267896374067,1215.32136897705,13.0285078684489,-5.33467205365499,18.7532189687093,-11.4654801686605,788.176193237305,130.667465209961,6.74941062927246,74.5242473148335,381.282417297363,27.3844385147095,361.876937866211,77.0816383361816
"STEP",14,51,4.05113126585881,1198.50605590971,10.0287925402323,-2.30037034365038,18.8752791086833,-11.3778438568115,744.459365844727,127.870948791504,6.31450748443604,75.2174215289757,365.703132629395,27.3177785873413,348.88818359375,79.1067104339599
"STEP",14.5,45,3.2212338646253,1199.05704759276,9.59351015090943,-2.79111334681511,17.5126387278239,-12.0150712331136,698.579900503158,127.128128051758,5.82344532012939,78.111980713665,346.211097717285,23.3111753463745,321.773071289063,72.4847660064697
"STEP",15,33,4.12588931123416,1170.77288607901,12.4183087348938,3.31856695810953,17.8038476308187,-11.6824906667073,734.637141704559,130.408401489258,6.28808689117432,69.2340731396054,378.395080566406,29.247652053833,343.93595123291,85.7947883605957
"STEP",15.5,33,3.77266356348992,1039.40872955533,10.6464888254801,-3.245703180631,17.1528975168864,-8.64674456914266,666.856513500214,134.100372314453,8.41556072235107,77.7513064659172,360.624031066895,31.7098922729492,302.111110687256,60.3647727966309
"STEP",16,35,2.56027139226595,1044.21558670319,10.4811342557271,-12.7474422454834,15.6448713938395,-12.7474422454834,910.122436523437,147.95622253418,9.15191268920898,78.8617351308679,404.995666503906,33.784255027771,380.234634399413,73.4473915100097
"STEP",16.5,30,1.68382434919477,1022.67558107986,9.91038441658021,-13.845230738322,14.788070042928,-13.4283199310303,834.51307296753,134.457626342773,11.2712678909302,70.0964586477243,363.648330688477,42.1537990570069,333.542881011964,79.6898078918458
"STEP",17,24,1.96501585841179,972.599801306563,9.90911293029786,-9.50726898511252,14.5966027577718,-11.5482845306397,862.812553882599,148.994293212891,9.29509639739991,73.6842857201966,387.326622009278,37.3810243606568,363.173183441162,74.0187721252442
"STEP",17.5,23,2.02636890610059,982.206468507384,8.68241806825001,-9.87106895446779,14.8550561269124,-13.3437252044678,814.66606426239,135.557067871094,8.95084285736084,71.6932949272017,366.6298828125,35.9519338607788,345.248092651367,82.0771083831787
"STEP",18,22,3.21444870407382,961.933012008954,9.34627715746561,2.20808817446232,14.3889204661051,-10.198542992274,694.067136764527,150.574882507324,7.52247428894043,70.9946756583312,378.569488525391,33.0887665748596,292.66423034668,93.9933013916016
"STEP",18.5,21,1.17108072588841,975.691063294031,9.25375811258952,-14.0861568450928,14.1582075754801,-13.5483964284261,651.114695072174,138.558044433594,7.64537191390991,77.2816950538773,356.812911987305,23.666974067688,349.42407989502,49.3748617172242
"STEP",19,21,0.696893511340026,932.610390766147,9.1305586496989,-10.325475692749,11.0803165435791,-13.3150590260823,1008.69765472412,147.720565795898,11.5973634719849,70.2735257053398,359.77596282959,38.3885879516601,356.818962097168,81.3439750671387
"STEP",19.5,18,-0.461996879428628,907.646449049866,8.42937644322713,-11.8315995534261,10.6546370188395,-13.4237219492595,975.708341598511,147.011611938477,11.3837213516235,70.7728680400491,373.638881683349,46.7172164916992,361.560466766358,57.3416624069213
"STEP",20,19,-1.45161011815071,890.622813694529,7.53284104665121,-11.1955013275147,9.80627886454263,-13.9285742441813,1134.96546173096,157.719085693359,25.2023963928223,67.3010565518522,439.681381225586,88.4210014343262,410.901878356934,99.9982452392578
"STEP",20.5,17,-1.40990531444549,875.685478577715,6.19898875554403,-10.7509924570719,9.97704505920411,-12.6357580820719,721.563490867615,130.440475463867,12.5545482635498,69.752374992898,372.240005493164,45.9383888244629,363.036895751953,51.4491176605225
"STEP",21,15,-1.41226279735565,903.816345751001,8.24827496210735,-7.66071144739787,9.71572303771974,-13.7004248301188,1031.32430648804,133.444778442383,23.9076080322266,67.4812377033762,377.252868652343,77.6886291503906,356.704849243164,90.8194465637207
"DESE",0,19,2.67266004284222,1123.27423143196,-1.55128586292267,14.8622277577718,16.4877363840739,-12.2095902760824,157.63297522068,27.9131851196289,0.872354984283447,77.8207292369108,71.80304145813,4.58637869358063,14.5667108297348,46.5194587707519
"DESE",0.5,20,2.30018790066243,1145.25840281883,-1.94861443837484,14.7246341705322,16.1231123606364,-12.687790552775,166.388853013516,29.3516683578491,1.05537235736847,76.4000397313659,78.0972185134887,6.30229872465133,14.7146062850952,49.1559963226318
"DESE",1,21,2.46577629446985,1127.6169983495,-2.21082146962484,14.691125869751,16.2600040435791,-12.5160681406657,155.241250276565,25.0275554656982,0.817674338817596,76.9672912322139,67.4469451904297,4.29803919792174,13.8044648766518,45.3133907318115
"DESE",1.5,20,2.558590422074,1122.18465500567,0.0541219313939399,14.7292931874593,16.5990238189697,-12.3475907643636,177.029352962971,31.9876070022583,1.14396065473556,77.5898695161297,84.4506931304932,5.94374656677246,14.0911349654197,49.1955013275147
"DESE",2,20,2.29345116019249,1139.2408702346,1.23491815725963,14.8810164133708,16.5554447174072,-12.8361161549886,170.975767552853,30.244836807251,1.0544790327549,78.4097783004202,80.9399070739746,6.34579384326935,14.8042080998421,43.4989323616027
"DESE",2.5,23,2.50942406058312,1141.07044144687,1.57890212535858,15.0978234608968,16.5765425364177,-12.6766109466553,188.57920563221,35.1965522766113,1.13536655902863,77.94217452699,91.4206466674804,8.41416561603546,17.6442918777466,49.4453029632568
"DESE",3,21,2.47623365124067,1160.4874293488,0.951887965202333,15.3741601308187,17.1986840565999,-12.910436630249,188.427495002747,32.8388214111328,1.12129616737366,80.2666997077387,86.1280994415284,7.76847016811371,13.6214860677719,51.827922821045
"DESE",3.5,23,2.79087241490683,1168.9097735212,1.18838902314504,15.8732751210531,17.3751773834229,-12.1412715911865,180.772454500198,32.5273742675781,1.04145264625549,77.8112597498107,85.7217712402343,6.95289468765258,16.2322597503662,41.8877277374268
"DESE",4,23,2.46419955293338,1170.74741827531,1.25384922822317,15.7622928619385,17.5515384674072,-13.3944454193115,187.575550198555,32.9826698303223,1.04689133167267,74.223443815863,86.609567642212,7.62361538410187,16.113129734993,47.7430934906007
"DESE",4.5,22,2.69396131237349,1194.16838869599,-0.671118160088855,16.0814965566,18.2840417226156,-12.6666418711345,181.072237581015,33.3801231384277,0.724221527576447,72.0174344680902,84.61967086792,5.93388584256173,15.1282634139061,46.1797423362732
"DESE",5,21,2.66712874174119,1222.33759532673,1.39796356360118,16.498987197876,19.1675357818604,-13.8067989349365,172.575666904449,33.8451461791992,0.630122542381287,79.0926701957629,84.4533824920654,4.61586236953736,15.8243455886841,38.1773424148559
"DESE",5.5,21,2.84341860810915,1172.47083326561,4.8845256169637,16.6172733306885,19.3354740142822,-12.4677486419678,160.418876409531,25.3927555084229,0.760341286659241,73.5325830120656,67.3660240173341,3.93291220068932,17.8718013763427,36.3867826461793
"DESE",6,20,2.77550681928794,1218.09454793718,1.59598195552826,16.9069766998291,19.6284427642822,-12.7453161875407,159.309567987919,26.0647420883179,0.537890613079071,82.4945807679867,69.3334140777588,3.42282671481371,10.2719683647156,33.5866928100586
"DESE",6.5,16,2.56931226948898,1238.71452090445,2.60777189334233,16.999485651652,18.8933658599854,-13.7708492279053,175.363873690367,33.7482814788819,0.742849260568619,72.3323950968754,83.2479667663575,4.59239603579045,14.6547590196133,35.6980237960816
"DESE",7,17,2.64985578258833,1229.00605150969,3.50124518076578,15.9838199615479,19.0976098378499,-13.3902746836344,172.139763832092,33.9644927978516,1.09311664104462,81.2157363821129,81.2680969238281,6.15793836116791,15.5982080698013,40.0627689361572
"DESE",7.5,17,1.25971406201522,1243.10832919062,3.37934780120849,13.0780073801677,18.9102725982666,-15.3184769948323,245.896783828735,59.0731239318848,1.40336441993713,83.7554792563132,140.638252258301,6.96735477447509,17.4613013267517,39.5137996673583
"DESE",8,16,2.75705387691657,1265.73691821136,3.43652760982514,12.0346622467041,19.5332584381104,-13.8434607187907,182.285370349884,43.7077388763428,0.954011857509613,87.0369785380867,104.303755760193,6.15714067220688,19.4138861894607,33.2589378356933
"DESE",8.5,17,3.01506980260214,1282.38859304026,5.12677419185638,12.8788903554281,20.3195133209229,-13.1470292409261,165.237656354904,34.3931312561035,0.293877899646759,86.7227576814305,77.8943538665771,3.43986368179322,16.2509906291962,27.8146715164185
"DESE",9,14,2.9739067008098,1322.93620753912,4.86187666654587,14.7853234608968,20.8646996816,-13.5120906829834,181.829160630703,44.2005290985107,0.977377891540529,89.0747105992294,102.642725944519,4.94548356533051,14.3128347173333,25.3743233680725
"DESE",9.5,15,2.45239691746731,1306.53989051783,6.95056585470835,16.2732283274333,20.420384089152,-14.5105953216553,175.783465743065,35.7199096679688,1.07881259918213,88.5667795253134,84.195032119751,5.75740361213684,11.8085890784932,29.7531766891479
"DESE",10,12,2.3839078048865,1279.13631399686,12.262058754762,10.3167920907338,20.3691654205323,-13.7098445892334,159.087444216013,31.3793392181396,0.594167321920395,82.009868626499,74.6060094833374,3.44820109009743,13.546967536211,23.362129688263
"DESE",10.5,14,0.033789861947303,1349.75414453151,0.290897801518442,9.19248882929484,17.6009871164958,-16.8193925221761,226.654304265976,63.0453414916992,2.2263081073761,88.3478505128461,137.686685562134,8.94721066951752,66.95894241333,41.2079396247863
"DESE",11,10,2.0313306140403,1331.94926043164,3.35366725921632,12.8831576506297,19.2781721750895,-14.489782333374,205.19857531786,48.5820751190186,0.903440713882444,82.9833167413572,113.544982910156,5.42847019433975,13.8859626054764,38.3223237991333
"DESE",11.5,9,-1.64996539553006,1355.24519980609,-2.64338779449462,13.0691164334615,16.7314599355062,-17.6989498138427,217.706645965576,58.6646957397461,1.96251201629639,79.0597305221453,129.696563720703,8.07835769653321,10.7688221931458,40.5420379638672
"DESE",12,11,-3.4425794283549,1383.56130154917,-3.25840854644776,11.7902468045552,15.151575088501,-20.5962073008219,215.030162334442,61.4250183105469,2.10941553115845,77.2543182294832,129.020889282227,8.86822605133057,11.2376589775086,34.1727275848388
"DESE",12.5,6,-4.09778547286986,1448.81325441557,-5.00103346506754,11.7438193957011,15.544173558553,-22.0382289886475,176.542051196098,48.2663345336914,3.5405570268631,69.6954886968916,98.8765382766723,13.8018506765366,15.6098018884658,34.6314043998718
"DESE",13,9,-0.71211698837578,1351.16240349643,-1.60559682051341,13.2604311307271,18.1814619700114,-17.4975134531657,153.447568655014,29.9413967132568,1.95218336582184,74.865998342048,73.4515027999878,7.93250215053559,9.19697391986847,40.813437461853
"DESE",13.5,6,-0.682619206607328,1354.69014737924,-8.56285171707471,13.4828432401022,18.0875288645427,-17.2636470794678,141.091682970524,27.7480239868164,1.31171271204948,86.3913576517681,69.227053642273,5.24030369520188,6.87100923061371,42.5391120910645
"DESE",14,8,-0.907200606850281,1337.5231095013,1.72463381290435,13.0419659614563,17.5041853586833,-17.6356461842854,147.992938876152,27.2057285308838,1.47145527601242,76.6536310686149,68.1226034164429,6.30835002660752,9.49671930074692,41.1597747802735
"DESE",14.5,6,-2.12935208280881,1319.35801610621,-3.65171909332276,11.2382448514303,15.6767012278239,-18.3764095306397,141.626194775104,28.1865510940552,1.98742634057999,76.7320973120852,66.9541687965392,8.69458550214769,10.8679668307304,40.5405173301696
"DESE",15,6,-1.15763868018984,1293.52848005216,0.699477231498654,12.0795229276021,15.6212304433187,-17.0526027679444,135.395913183689,26.2878694534302,1.80296117067337,71.101712571064,64.9874138832092,7.98490625619888,13.0631073117256,39.6026239395142
"DESE",15.5,6,-3.09191845357418,1250.30159833996,-0.904058833916977,2.10541188716889,13.6317386627197,-18.8355363210042,177.93039560318,46.0167465209961,2.87149548530579,83.2962842130271,102.460153102875,14.8549761772156,20.300220489502,38.1331157684326
"DESE",16,2,0.678273359934495,1187.80886492065,-5.31240427494049,9.7575879295667,15.7506655057271,-14.0068825682004,231.576546265747,43.5640029907226,1.57203435898075,79.1534754264173,110.818084716797,12.9743740567962,49.599590835164,57.1787929534913
"DESE",16.5,4,-3.03866719206174,1150.72361400418,-0.930171708265938,5.62800512711206,12.2555179595947,-18.0067602793375,166.809902250767,38.9182071685791,2.15797334909439,88.6092817478755,89.1402463912964,13.252756178379,18.7016553878784,36.8743319511413
"DESE",17,1,9.48959268132846,1070.16478605609,-1.31270964940389,19.4570763905843,22.4650923411051,-3.88682667414347,131.938872730368,31.200267791748,5.05847664103443e-12,90.0720801552479,72.6784839630127,0.00999667682623281,0.0476775225338877,59.7939014434815
"DESE",17.5,3,-2.23014274487893,1107.65470798677,-1.05964753031731,9.80723492304485,12.7424259185791,-17.6686051686605,135.710775375366,25.8992767333984,3.12204098701477,82.4177884590543,62.9219169616699,12.6617312431336,15.9798333644867,34.2147493362426
"DESE",18,3,-4.06419704357782,1070.17525581584,2.14705804983775,7.19714788595835,10.3091678619385,-18.0123449961344,174.031967282295,43.0061073303223,1.73614776134491,87.9379859298685,102.184717178345,11.554593205452,14.078379869461,43.8261337280273
"DESE",18.5,4,-3.34454297274351,1099.90742902657,-4.92243034144243,5.02865514655907,11.1806685129801,-17.9246883392334,153.739342868328,38.0082216262818,2.0337238907814,82.8655895821006,86.1283168792726,12.028789460659,15.9069689512252,37.1396961212158
"DESE",19,2,-0.19063968459765,1040.28428150782,0.48155611753464,5.42723011970515,12.3664491176605,-13.3349185784657,249.88983219024,54.2016172409057,2.34567975998182,84.0083803702254,128.376668930054,11.893043630759,83.8551770383518,47.3606238365173
"DESE",19.5,3,-2.52010296781858,1043.2502072635,-1.03157154719035,3.05590216318766,11.0999495188395,-17.1382503509521,140.82704102993,26.9700202941895,1.81686675548553,79.0678111213877,64.5450096130372,14.7515205144882,21.1849884986878,36.7510299682618
"DESE",20,2,-0.281932378808655,1004.8460557076,2.56877543528875,5.4671369592349,11.8404583136241,-13.0444598793984,233.234870038929,44.9525346755981,2.00144124031328,78.9940727909516,114.95446062088,11.8130518868592,76.6933562234068,41.6120338439942
"DESE",20.5,1,-2.45808235059181,1100.78649713012,-0.89030548930168,3.07055060068766,10.7804304758708,-16.8746903737386,134.504928588867,25.7254219055176,2.61412286758423,56.7875124793195,61.0503740310669,14.4134616851807,19.5102090835571,31.6539821624756
"DESE",21,1,-4.53807790080706,1016.74131755129,-3.61475213368734,6.18317067623139,8.3993164698283,-17.5025183359782,180.055099129677,46.9911918640137,1.37567150592804,94.5952877161128,109.11296081543,9.90120995044708,12.3044519424438,41.5948429107665
"TUND",0,111,-3.46112913886706,925.28511158584,6.1036213239034,-9.40685590108235,7.85246181488037,-16.4009965260824,583.167310714722,81.4202346801758,20.1590557098389,40.4751011757835,228.154113769531,69.0789852142334,179.125457763672,81.1681709289551
"TUND",0.5,129,-3.7706129848957,890.638128964107,5.8972004254659,-10.4540665944417,7.64654954274496,-15.8883113861084,646.004024505615,90.4093399047852,17.96262550354,40.2635903682803,238.677993774414,61.1010322570801,191.014049530029,77.688570022583
"TUND",1,122,-3.84753762682278,887.561280748473,6.19451292355856,-11.1844057242076,7.43285528818767,-15.8858598073323,633.398866653443,93.5620346069336,19.180757522583,41.7328675211704,242.878086090088,64.5149717330932,211.195772171021,76.6906671524048
"TUND",1.5,119,-3.82698912421863,896.771167882074,6.07949209213257,-11.4447792371114,7.55605475107829,-15.938736597697,597.06031036377,86.4363784790039,18.4979476928711,41.3644397162201,235.094383239746,62.4585609436035,194.347347259522,75.2307529449463
"TUND",2,119,-4.01514271150032,897.75517240887,5.96234544118245,-12.3269201914469,7.44476731618245,-16.871623357137,651.678674697876,94.9084548950195,18.8372745513916,41.9297455379633,251.215919494629,65.3667907714844,202.246246337891,79.8214435577393
"TUND",2.5,117,-3.78028947114943,895.991702355944,5.51364552974703,-12.1764583587647,7.6527140935262,-16.280777613322,647.614595413208,95.5907974243164,18.6531352996826,40.9446139304862,246.088401794434,63.9644069671631,191.316295623779,78.0966911315918
"TUND",3,121,-3.31413092215855,897.031087449616,5.98574225107829,-10.6949418385823,7.69477764765422,-15.844030380249,659.371059417725,96.3481063842773,19.6471710205078,41.4196897544302,259.243713378906,68.5274677276611,190.969512939453,77.9416103363036
"TUND",3.5,125,-3.81248170137404,926.179504494971,5.68642587463062,-14.5407772064209,7.76384894053142,-16.7812455495198,640.928564071655,88.8084182739258,16.5603523254395,46.5119483370509,249.437683105469,61.9669666290283,202.290397644043,72.0504188537598
"TUND",4,115,-3.97004397710164,919.181044483312,5.84564622243246,-11.4714058240255,8.08343919118246,-16.2446956634522,643.080278396606,89.0420227050781,17.1694526672363,47.3891930467455,252.252807617188,64.1595077514649,205.510795593262,79.0522365570068
"TUND",4.5,120,-4.08810249964396,908.698768279091,5.86612343788147,-14.3153235912323,7.86359572410584,-16.3339595794678,635.002239227295,92.5815505981445,17.8582592010498,47.2584522972176,249.250839233398,65.556604385376,202.666759490967,74.5851860046387
"TUND",5,112,-3.74148134390513,903.329450157027,5.92923386891683,-11.5046444733937,8.20269179344177,-16.4993597666423,683.642055511474,112.440650939941,21.0926084518433,47.5498617709308,252.172721862793,68.8089818954467,227.93514251709,85.1195459365846
"TUND",5.5,118,-3.77572212616603,947.920680813427,5.79775396982829,-11.8708656628927,8.38397645950317,-16.9319311777751,661.664198875427,98.8289871215821,19.2763290405274,48.2022622267533,257.814865112305,68.4043693542481,212.504653930664,77.0856246948243
"TUND",6,118,-4.30376004179319,961.931654597247,5.97859100500743,-14.8044491608937,8.24302577972413,-17.4500789642334,649.202296257019,96.5383834838867,18.4028673171997,48.9707895802399,249.164306640625,64.6697006225586,209.170721054077,75.5600128173828
"TUND",6.5,112,-4.3302633066972,986.427347692914,6.14531866709391,-16.2265173594157,8.35495408376059,-17.6951783498128,626.527084350586,88.0400161743164,19.3719387054444,47.5920665012144,245.68766784668,64.9751434326172,217.365482330322,79.7767839431763
"TUND",7,116,-4.55750168083856,986.844516820929,6.28980922698975,-14.152664899826,8.69526592890422,-17.7857824961344,675.513784408569,97.8985214233398,19.1649227142334,44.9553565602142,241.521286010742,66.0671329498291,218.200422286988,74.1776962280273
"TUND",7.5,106,-4.63815452282627,1009.00597258057,6.3424011071523,-16.4491329193115,8.21756402651468,-17.8438777923584,680.934961318969,110.369674682617,17.3927736282349,50.5317130034136,273.479164123535,64.7587013244629,236.760879516602,67.3719997406006
"TUND",8,105,-4.85818059432009,1040.61616645185,6.46509202321371,-13.8078773816427,8.37720155715943,-18.1890570322672,640.700319290162,96.042610168457,19.4819030761719,47.5287553399022,251.571029663086,63.8335514068603,225.777183532715,77.1318054199218
"TUND",8.5,105,-4.77415298670531,1077.08905193479,6.56297226746879,-18.1416683197022,8.46898825963339,-18.9289150238037,675.336091995239,93.7302474975586,19.1112804412842,52.7698936435844,258.076137542725,62.5820026397705,215.977439880371,79.4263420104981
"TUND",9,105,-5.25453006227811,1090.92588922942,6.64269415537516,-14.5033473968506,9.0118350982666,-19.0492102305094,675.833347320556,99.5063095092773,18.3414764404297,56.4360149485218,274.704330444336,59.1925849914552,237.231422424316,66.2096862792968
"TUND",9.5,101,-4.76065527399382,1118.24231813113,6.2641134262085,-17.0353349049886,8.80840492248535,-19.159683863322,667.968517303467,96.6967086791992,17.4444637298584,59.1453139297623,265.367698669433,60.6353015899659,226.097869873047,64.6116371154784
"TUND",10,94,-5.67517299453417,1168.16655847557,6.77254663904509,-17.5008805592855,9.19110528628032,-20.0916703542073,605.915161132813,89.9882736206055,16.1593189239502,59.0804414386786,239.122608184815,57.9540586471558,215.948081970215,64.2232151031495
"TUND",10.5,80,-5.81736579537391,1173.83932913184,7.12996836503348,-17.9346218109131,9.20873427391053,-20.7595017751058,693.030174255372,113.499988555909,13.5693073272705,68.2607118373671,303.134784698486,45.6131653785705,212.260414123535,55.750364780426
"TUND",11,67,-5.40779700875283,1145.20020237908,6.02804982662201,-12.7119299570719,9.52133623758952,-19.2726497650147,668.8916015625,112.883445739746,16.9426021575928,64.1179040406011,286.990066528321,52.7718601226806,217.535858154297,60.3357791900635
"TUND",11.5,58,-7.43276043826092,1269.74188901547,6.67661445836226,-19.2757447560628,8.60418113072713,-22.2217413584391,538.127626895905,101.965850830078,8.15769290924072,76.532445308809,254.926681518555,38.1549224853515,229.491775512695,43.3781781196594
"TUND",12,52,-8.47016855329274,1244.18000382868,5.348850607872,-19.0564810434977,7.91134039560954,-23.6215979258219,507.415546417236,100.866188049316,8.99103021621704,77.8404375992095,256.57914352417,35.2024230957031,212.740509033203,46.3076210021974
"TUND",12.5,38,-10.8891253421704,1439.11452107309,6.49860032399496,-24.1683483123779,7.8163086573283,-26.9998175303141,481.281097888947,98.9649391174316,8.20515727996826,83.4116900021957,235.105955123901,30.1797432899475,203.262792587281,33.0362987518311
"TUND",13,39,-6.7235102156798,1286.71045821919,7.84682639439902,-21.2631638844808,8.65086285273236,-22.3725134531657,600.553425312042,106.880790710449,8.26974964141846,77.3027052750115,303.846435546874,33.5645656585694,225.939418792725,40.7289695739747
"TUND",13.5,35,-8.0582689270377,1304.63050044313,7.90458583831788,-21.1031042734782,8.82711187998455,-23.2564856211344,588.340566635132,115.74732208252,10.2662601470947,73.711599642105,307.368850708008,36.0690221786499,243.426452636719,49.0040092468261
"TUND",14,32,-7.19146041075388,1274.11666346711,7.10997931162516,-19.6165523529053,8.3144063949585,-22.3768520355225,584.345832824707,120.57738494873,9.41415452957155,76.4416986713805,298.929069519043,33.9053344726562,254.619602203369,44.4394807815551
"TUND",14.5,24,-11.6483137359222,1399.03880964081,6.51752122243245,-25.6746174494426,7.81081549326578,-29.1010195414225,491.754493713379,96.6029701232908,7.83572101593018,74.2888943993402,247.032085418701,29.1825926303863,207.619891166687,34.7116098403932
"TUND",15,26,-13.0996966361999,1430.34778359102,7.01608689626059,-26.0716816584269,7.41484991709393,-30.9520066579183,486.488796949387,93.0210075378418,11.1828641891479,75.6200692871172,238.776941299438,35.9454603195189,225.578413009644,40.0439486503601
"TUND",15.5,24,-13.6959223747253,1416.11762360253,6.16168626149496,-26.5410979588827,6.56012368202209,-31.1337184906006,446.992886543274,89.9358901977539,11.0276474952698,77.5428432288227,227.192445755004,35.5495257377625,203.667740821838,35.5839486122131
"TUND",16,22,-9.57026111086209,1311.54792736141,5.43588670094808,-21.990509668986,5.94890753428141,-25.54692141215,455.512787818909,78.8127746582031,9.34450125694275,82.1538517504036,203.968282699585,29.7330532073975,203.968282699585,33.5324859619141
"TUND",16.5,13,-13.9895118077596,1513.52910820199,6.35903326670329,-29.0949211120605,6.72101243336996,-31.6141834259033,448.845963478088,90.7493743896484,12.7888498306274,77.7945298869432,248.394744873047,45.9728813171386,230.784317016602,45.4376592636107
"TUND",17,20,-15.9225996335348,1603.24621150033,4.98592535654704,-31.4653743108113,5.44230556488037,-34.0697704950968,417.326277256012,70.4616317749023,9.33596229553221,74.3687783593444,186.753730773925,28.5850286483765,186.753730773925,31.3828144073486
"TUND",17.5,17,-14.1844058036804,1495.94442669254,5.013258934021,-29.0280564626058,5.013258934021,-31.4798030853271,436.621884346008,91.098991394043,8.28896713256836,82.4177884590543,210.266292572021,34.1491317749023,210.266292572021,34.1491317749023
"TUND",18,14,-12.3762107491493,1448.71562786875,4.49145917097728,-26.0161320368449,5.07642008860906,-30.2262179056804,406.080068588256,72.6770401000977,9.76758193969727,72.5450098848797,178.757778167724,32.3129816055298,178.757778167724,33.1072220802307
"TUND",18.5,12,-14.328104197979,1484.26286521962,5.15690511465072,-28.6657619476318,5.15690511465072,-31.0158392588298,402.311131954193,79.8349151611328,8.66814732551575,78.5795854653629,203.946460723876,29.9280807971954,192.740621566772,34.4475860595703
"TUND",19,14,-19.3720348775387,1728.67618250337,3.44750370581945,-37.0450512568156,3.54906608661016,-38.8368759155274,348.358367919922,70.8411979675293,8.64145374298096,77.2784547984434,179.986825942994,27.1485166549683,169.433986663819,32.1752948760987
"TUND",19.5,16,-11.8732117215792,1293.41540794784,3.53582149744034,-22.6740347544352,4.51922007401784,-27.3439744313558,391.936985015869,72.1757621765136,8.27812099456787,75.4689288336636,190.480792999267,31.9234414100648,161.544960021972,35.2778763771058
"TUND",20,13,-18.1396000583966,1574.43678734732,2.66435130437215,-33.4145018259684,3.07906492551168,-36.0346959431966,357.428893089294,66.5153656005859,8.84511089324951,72.6618398422525,172.777118682861,28.6720247268677,156.196269989014,36.1005821228028
"TUND",20.5,14,-16.1763481199741,1481.23125285142,2.65901072820027,-30.2509422302246,2.9226826429367,-32.4938370386759,389.579384326934,68.8179893493652,6.89540004730225,77.6807963749163,186.579021453857,25.520586013794,152.802364349365,33.1773285865783
"TUND",21,10,-17.7591876089573,1549.53506836993,2.499902288119,-33.6994314193726,3.159081975619,-35.0360479354858,313.787730216981,59.651294708252,6.27258563041687,76.0627348347612,154.827001571656,23.4492565393448,126.021127700805,30.2186858654023
