"Biome","Timeslice_younger","Timeslice_older","Site_number","BIO1","BIO4","BIO8","BIO9","BIO10","BIO11","BIO12","BIO13","BIO14","BIO15","BIO16","BIO17","BIO18","BIO19"
"Northern Hemisphere",0,0.5,1941,3.93117918451781,0.972029807275557,3.69072922840969,1.78843061985094,1.34340206908595,3.04813828291397,1.65706836040635,3.54340838218579,6.30033446521394,2.45549994368094,2.40567968879363,4.41872865569099,4.46071426032379,4.33086571954741
"Northern Hemisphere",0.5,1,2074,1.53504510181181,0.824646370195846,1.89465129819302,1.08407674294683,0.968668389771631,1.44838266445956,1.60604966528777,3.35814803306856,9.1368016668619,2.75986621768128,2.37917309860285,3.75268560089711,3.60568291810459,2.94561594589258
"Northern Hemisphere",1,1.5,2047,2.30997614561133,1.13714856915676,1.25396727048595,1.55508075336547,0.64915268864459,2.33667243577136,1.29850238786408,2.58822599131714,7.42532872546009,2.6910961573145,1.81320142392862,4.75001650245459,2.26258740268801,4.3925796990005
"Northern Hemisphere",1.5,2,2043,3.41809367288175,0.911914763034724,7.85349417967643,1.44844916134372,0.743546748263215,2.85695719190794,1.64348527509953,2.90845554385961,6.5780774732066,2.42377707806011,1.80114577052396,5.06207277682161,3.10423885326106,2.85581032628523
"Northern Hemisphere",2,2.5,1992,1.75730639440314,1.11836896823773,2.01913212588681,1.44777535412342,0.952832677163252,1.27505456905598,1.56884580946277,3.15227094653373,7.93275929121613,2.49637925156651,1.79345889745689,4.98964882493872,3.3437016471537,3.66869077659722
"Northern Hemisphere",2.5,3,1981,1.35303553446436,1.32135450303287,2.29809572826701,1.65762914120042,0.828886963961869,1.5392554841955,1.45553952056239,3.0373057403259,7.57369092699627,2.17161158648441,2.04202078557782,5.01104704494138,3.4678487214659,3.59611133821919
"Northern Hemisphere",3,3.5,1933,0.984601404900009,0.956436511629943,1.15371440948895,1.45279494189155,0.586362268097699,1.99190201385828,1.66925212090899,3.00705596725619,6.48483779572326,2.73638010327143,2.42608738992015,5.06371125209963,3.76251929511143,3.27811529650334
"Northern Hemisphere",3.5,4,1886,1.8298946918524,1.62698075141971,1.83722862846314,1.91137387088767,0.684032056361553,2.33770162351903,1.24874719683549,3.28300069590547,6.87533404147799,2.64856154428455,2.44404803392263,5.76329580844754,2.53039676089737,3.54459576689472
"Northern Hemisphere",4,4.5,1824,1.60573904999008,1.29901002269082,1.52264036165683,1.75244830448377,0.95723878081025,2.46415777597089,1.12142869577015,3.06445842749638,6.15309566459671,2.6058992369714,1.84550525469195,4.43212890912108,3.21305064395356,4.33955469676751
"Northern Hemisphere",4.5,5,1820,1.14813579028361,2.01545955916797,2.29807973891616,1.94099711519404,0.884829163302706,3.22621425483262,1.34237075276106,3.42728544099876,9.0738907965655,2.31877634146642,2.34957163136545,5.5823152484024,3.15153088422181,4.40847437060457
"Northern Hemisphere",5,5.5,1804,1.10193177508937,1.32264269764926,1.35609447700556,1.47368988899058,0.754550530102142,2.32992437657671,1.82952189941069,3.26056395988569,8.40890700074164,2.83146148279003,2.64568584677394,5.93440758856319,3.273601496759,4.67308878601775
"Northern Hemisphere",5.5,6,1774,2.50688162862842,2.00726791320269,1.66692252435696,2.57592588005237,0.817338696149926,3.03554699832348,1.78936276065568,2.79498762040452,9.329421231469,2.82648368582572,2.27654873215082,5.93927861291111,4.1078013449178,4.4282926333676
"Northern Hemisphere",6,6.5,1705,1.50058746027106,1.70537102209537,1.82542557133637,1.50154168222622,0.743644770618406,2.72130476922066,1.55291872373145,2.89741341915437,6.06507264462184,2.38996884829541,2.12769870047468,4.56803019736359,2.81303797622839,3.22260120809598
"Northern Hemisphere",6.5,7,1648,2.54249611976528,1.63237999698254,1.77527504527989,2.42839080108814,1.3765731310861,2.70711276477538,1.63039760135945,3.01499030744032,7.85635472555705,2.46505525473716,2.15515012859476,4.80525994040868,3.67441981632925,3.65081195669531
"Northern Hemisphere",7,7.5,1621,2.19711653566688,1.55774619533573,1.57473113962825,1.44392620325538,0.929004213975376,2.57896648589054,1.89248916002328,2.75247052248917,5.34650749913145,2.35393917973702,2.2972639724976,5.01848516877117,2.80233558833352,3.70474123937882
"Northern Hemisphere",7.5,8,1535,3.90688229030586,1.60948188806166,1.92093912724094,5.08147625806349,1.11784353498246,3.79279399584672,2.67391501548578,3.22278185365102,9.41113190995833,3.40682356491948,3.00526399231189,7.03270193755524,4.73625819243265,6.93329204122435
"Northern Hemisphere",8,8.5,1482,2.81940446473156,2.90842612753471,2.73777301745119,4.25777460449606,2.27490344349607,5.25888975546201,2.29638465537151,3.52547908686632,11.2196140586683,3.16718562498753,2.62244277636908,6.34339103246477,5.33410163335527,4.19708471455514
"Northern Hemisphere",8.5,9,1472,3.17095937390866,1.84686773786302,2.31021744488784,2.12270442190404,1.57267430884217,2.57175814306124,2.71165856758377,3.10354375950176,9.64063576009188,2.69915108104438,2.78981443717323,6.88507202682098,6.07959380876493,4.0389881949285
"Northern Hemisphere",9,9.5,1372,5.35792226404511,1.28735721111945,2.63673925082743,3.40300684800339,1.13699455293559,4.79961222152164,2.67704605699976,3.71261504833351,8.08284224812014,3.28870154522636,3.01441010350722,7.40278762067245,5.84482661388251,5.50755521091393
"Northern Hemisphere",9.5,10,1303,10.3347462313244,1.39188768134551,4.9370619335979,5.078218310298,2.17925041569819,6.82841362527325,2.75022426533972,3.85074079910958,10.3396283808786,4.06974732401028,2.78184304812838,7.88064512461938,5.36217792876084,5.88045113634977
"Northern Hemisphere",10,10.5,1207,4.63735923931671,1.8032335265497,3.26092571034583,2.95196601681826,1.62878131313401,4.38515576664474,2.1916990443066,3.94193891571339,10.3625426327977,4.47776390498316,3.54254987030609,6.58251561292787,5.09615556439382,5.60477777342249
"Northern Hemisphere",10.5,11,1122,2.42766756905748,1.54668523870872,6.1213000533491,3.24663076351101,1.20593919507033,3.20710323745727,2.80793186581987,4.30305386669131,8.77926318137644,3.37300614969362,2.87075870791238,7.73809901928542,6.01684303992767,5.27384346226246
"Northern Hemisphere",11,11.5,1061,37.8821668170924,5.45305573760094,20.184776299098,12.4566772420851,6.83556084966228,18.340336736,8.01737430494431,6.95129840284775,22.4183047371795,8.69447880550178,7.16628332525402,18.3630408202659,9.28941893269247,12.7839052344229
"Northern Hemisphere",11.5,12,986,32.3784759400434,6.25672045677115,24.2292681980256,9.87890134374839,6.66644570402373,17.4931038752649,9.33192162838752,8.98872963110569,23.1682917650062,6.29617740065517,9.1658171352986,20.8127601122026,17.3740543128312,18.4830534823071
"Northern Hemisphere",12,12.5,892,7.8903451878785,2.59723301688758,8.36439749916022,2.07784591999404,1.09010991562495,4.26783139150333,2.68673899071361,4.36577897697785,9.52408632172961,3.39101690094221,3.73017726594652,5.6341521402898,5.03206671480966,5.3062477585968
"Northern Hemisphere",12.5,13,821,54.5360472996483,11.1231731470266,35.9413116866748,16.3245223817553,8.62323145842126,25.041861082145,15.7779645650894,13.3357355157264,40.1453937191491,15.1668617532834,12.9404405867248,34.1225450000741,22.0091175976884,24.9362274908466
"Northern Hemisphere",13,13.5,723,4.1671102723236,1.11429490198291,3.08851677427205,3.51005579070141,1.60339010477052,2.45636860758521,2.35164134978605,4.5452466703837,12.3474284092396,4.06608771082443,3.70161889802147,8.92094118862407,6.48276404620555,4.51480378415128
"Northern Hemisphere",13.5,14,626,6.1257248665087,1.54826953268331,27.9376995613042,3.88413991163384,3.17133409676053,3.64641442172515,2.8400160426861,3.45020422112465,11.7508846726507,3.71602232959451,4.43013024583262,8.26008076710801,5.91352477329807,4.77222803827095
"Northern Hemisphere",14,14.5,525,20.2981103546553,2.97683579476616,20.133642580393,8.39068326954969,8.02267109733558,9.39476271001641,6.17234943443171,6.19246787557661,23.3398287368124,8.07542082104517,5.37076235528614,15.5282130208093,11.4412679997309,8.12905572672813
"Northern Hemisphere",14.5,15,437,4.43571789448328,2.37705660184004,7.35620419500991,2.97740582988852,3.08195055007336,3.95970427251238,4.44874646810918,4.8359979626525,15.8075686276207,6.31729669959692,3.71176084671199,10.954989385889,7.28588940633437,6.51261179539363
"Northern Hemisphere",15,15.5,372,7.93447936501878,1.93388054819758,15.5627876346851,6.28961428363015,5.70745042730306,6.23828916460218,5.96795161682095,6.41283905693131,13.9249270560331,4.01980020639261,5.98532918500663,11.2272920629381,7.94466955610574,7.38962425057012
"Northern Hemisphere",15.5,16,314,4.54103818212319,1.44415028583022,27.2756393657592,4.52191658181927,4.0645790841267,4.23410209496776,2.37024385534996,4.49463414014514,46999471.5755316,2.74017327813359,3.25338551850835,11.2854911139108,10.3818281244499,3.26117653904498
"Northern Hemisphere",16,16.5,275,5.44184319148763,1.56875235924123,9.37071075767473,4.6927262660773,3.89813924338378,4.41881025163819,2.99179692304813,4.62140950582296,18.2574631955961,2.7247919254304,3.62776410946954,6.04230334125065,15.5249760797864,3.49448129938807
"Northern Hemisphere",16.5,17,235,2.93337968364817,1.51178912541657,7.86436592404402,3.40318422282973,3.34196663325497,2.51338094026941,3.67037754208176,6.77228994314956,92249588.5931708,4.06718526199572,3.93756667922563,28.2221336772852,7.37299564185992,3.95567708980808
"Northern Hemisphere",17,17.5,209,1.6353695941829,1.52679629824087,4.9477582695623,2.98668198452042,1.85132733629671,2.65277600957241,3.71887124333276,6.96246446197055,5.62229308647041,3.1108038366696,4.01577382452835,113.781785486154,570.760998974573,3.47525043066327
"Northern Hemisphere",17.5,18,183,3.17252924178193,3.40361059147266,16.5180835725823,4.16184219562858,5.31019162379569,5.73415811617349,4.70229144915995,8.62807123333533,26.5985787247342,6.55324903353675,7.08753685759752,15.5986597151111,12.8421859069189,10.9481912321545
"Northern Hemisphere",18,18.5,159,5.05192472274879,2.38487359156835,6.10704003653546,4.19851126433116,3.45271258503286,4.98512517300116,3.62542409132881,8.34048737557961,18.2395613450174,7.20645160359666,7.2471813053773,13.3718152421171,7.56629499630424,10.5434747983476
"Northern Hemisphere",18.5,19,138,2.63098982997729,2.04303604980153,5.98514076838281,2.47693239117015,5.22602427505999,1.64252684305045,1.96771491885969,4.22121471280157,45442074.129204,3.23488480517417,3.78326395127676,11.1043578554894,10.7839324230831,3.43584441547486
"Northern Hemisphere",19,19.5,143,1.76628019180609,2.16709066538367,7.4532824889906,3.52082879670814,3.61660082617473,2.73517359633797,3.4748138096475,4.30369768338792,11.2887914849897,2.6729776669445,4.48630128926528,9.07466702600546,7.77845179655042,4.51735412288951
"Northern Hemisphere",19.5,20,123,1.99772316574743,1.76744350721733,13.8367203679583,2.24572293192686,4.36210096530659,1.33781866581178,2.12340220848968,5.03371479118588,44625905.7457096,3.56935535034558,3.20144925770304,66.2073688822375,72.2633105902267,4.03982707580868
"Northern Hemisphere",20,20.5,111,0.990573358413837,0.926775320290554,2.94896874393152,1.48027954237012,1.05881485048421,1.55364705407014,1.08981122239993,2.24975383675341,4.81231093322042,1.82887405937967,1.5588375346346,2.90307835499797,2.3198624188383,3.04280380533881
"Northern Hemisphere",20.5,21,105,1.38718776816108,1.41063121750639,3.1365058993256,2.32162609256342,2.10376335542215,1.93807086722565,1.17603096861135,3.36234407967066,4.444511848694,2.46158328153214,2.21768542548941,3.49727139463257,2.22298912965586,3.2494993553014
"TRFO",0,0.5,49,0.948765477010453,3.13200000408996,0.951071469629729,1.11016108910426,0.916725780287604,1.12528300370368,1.35239747570385,3.41817416763748,7.16270176717657,0.628241687675042,2.8052578958036,3.02846355276577,4.56563644343234,7.52328824983366
"TRFO",0.5,1,52,0.114805357799309,2.16458203954734,0.120243329063352,0.172257186146308,0.295877142912623,0.195619353158617,0.987745125151377,0.850497281263808,7.58374733973585,1.88839658703054,1.99039484808782,3.98285117915191,2.19037109826342,2.60490357325099
"TRFO",1,1.5,49,0.136266104476664,2.74121689641476,0.113897262245076,0.583604845117526,0.27128260081154,0.465326866531108,1.39884914886422,2.367084055379,5.88356487295475,1.76315110057013,1.08124229048593,2.16785162701555,1.86963928221241,7.20382814401738
"TRFO",1.5,2,53,0.32565013783683,2.26621539363485,0.187460094614993,0.499038432286276,0.359221136582869,0.345062619218832,1.08478261662455,1.81938682500072,3.82042922203565,2.03025032345135,1.11035060115319,7.21764264798463,2.97850684666935,4.49001203224974
"TRFO",2,2.5,57,0.187669219823947,5.35550748105075,0.147992338280532,0.415049913016782,0.313499625293198,0.298470543092015,1.00797075487128,2.51706849076831,5.65349680075268,1.33084610201663,1.98267420509925,4.43067190414516,2.33913855939706,4.70810984901282
"TRFO",2.5,3,55,0.119139398910896,3.96336218548301,0.305313258455159,0.182520092734683,0.296313752174112,0.188250123243234,0.755884084475318,1.39674784625185,9.64378254295978,2.43059555446349,1.33551438941374,5.13516729682822,1.8154790704376,4.05508255902099
"TRFO",3,3.5,54,0.215181546947151,1.96315812948779,0.196117968512769,0.447277683827457,0.181766958984929,0.329122700521002,0.56643585731169,1.20579766142902,3.66596605894791,0.810975721307778,0.709901459208969,4.81366812624914,2.16204059376067,4.32876085908485
"TRFO",3.5,4,52,0.136722692269722,3.64620348263538,0.275931501715182,0.208725749705264,0.263295023226466,0.159854972219595,0.899931159588278,1.56791706768466,8.17194948743226,1.21450207247154,2.10226568960125,2.9039656969562,2.10226568960125,3.80554935730794
"TRFO",4,4.5,46,0.11215733248041,4.41610422571787,0.211215904901079,0.357270482555496,0.233536179890518,0.19542186932249,0.869514109055079,1.86277823082444,2.6559126331815,1.49796926667084,1.20879129727246,2.66767280963438,1.74536681197849,5.16736817602056
"TRFO",4.5,5,45,0.387651920085073,5.7989796772324,0.229683782529752,0.653747975089465,0.173321875592528,0.498186055251974,2.1557113971128,1.4180720301947,6.23490612760981,1.33122431399469,2.25343316771859,6.94221175156913,2.96025470378194,3.72922076543205
"TRFO",5,5.5,44,0.156089379799622,4.98676552636157,0.237565205683149,0.847640837387179,0.193047789422383,0.734902310725716,0.939691630502108,2.8421820234652,8.91435266166994,2.35413741349733,1.87433655959012,5.78903819639481,0.729465496032809,3.5961151546102
"TRFO",5.5,6,37,0.567726056365371,6.48411401514869,0.273722085571888,1.24964957078275,0.173033816972229,1.27736279873001,1.72919284827641,1.36319439295502,3.465484168931,2.69234721704292,2.34247367794596,3.38229012902303,2.47840029960664,6.27310376583798
"TRFO",6,6.5,37,0.306394205665382,4.04987211907622,0.212627132398238,0.650098106473207,0.212627132398238,0.751782140132243,1.49870427738091,1.77605363075389,3.84760670930941,1.50001091284719,1.19071099556083,5.25520646465964,1.71115168097436,3.63075824792238
"TRFO",6.5,7,34,0.320036738534464,4.86465170573942,0.585881737160365,0.30706360459885,0.642187864916331,0.274442533693326,1.60048510906437,3.33578745615632,4.58533598356845,2.61962774513495,2.60405738846108,3.00642001429481,4.26486516040893,3.03703287531646
"TRFO",7,7.5,34,0.208736371790857,3.17630080047575,0.102817211674819,0.708020328908292,0.110354345397033,0.248695315295185,1.23443305620839,3.82978938256359,3.20141443139256,2.51150877548064,1.96733254423326,2.89584400643208,2.88644656664757,1.64832122973173
"TRFO",7.5,8,33,0.448175328462546,1.08727011541532,0.680646535342616,0.79699404107927,0.437714602884188,0.553478423757085,1.55953868796223,2.64493944843612,18.5636486429335,6.33815236291705,1.39768736189758,5.80047529169106,0.982841008168531,7.01442790664627
"TRFO",8,8.5,30,0.180933301186458,6.82071508673397,0.207145600601226,0.894467772243674,0.582020301507623,0.858651137669248,0.727529464063237,1.50253518774443,8.67610002326399,1.98477353404319,1.30448095365495,3.69322035663715,1.69192538981225,3.86348636994759
"TRFO",8.5,9,31,2.33765354084613,11.0456168630744,1.60144593010125,1.84427111935139,1.74325069916955,1.35611519055801,2.86432014953566,3.94814409907256,9.72425456393171,4.41525573290197,3.26089989323214,6.60454556583281,3.58811623915701,7.71219247977385
"TRFO",9,9.5,24,0.180758604365932,2.11893250662373,0.323606931773409,0.374138435545493,0.187244444582028,0.319076825011808,0.710842168345597,2.23927046547133,4.23102964940076,6.13474279775137,3.85390891217341,3.85593250894817,2.57794443367,4.78321299502376
"TRFO",9.5,10,22,0.492483035671432,0.999029387054342,0.270746041922873,1.83589826466265,0.270746041922873,1.19119208973895,3.37218258284434,2.44153764158147,11.4336763222918,6.75454665231917,1.23413872966584,7.10784081239381,2.25236160614948,9.11883899287437
"TRFO",10,10.5,19,0.308816082546034,2.71386792753008,0.512183639318157,0.32554924596825,0.512183639318157,0.232675249120194,1.86351429237994,1.65956574580661,8.91775750031266,2.05719128918056,1.42349281667971,4.14708802603279,3.25896446348833,6.80266649300559
"TRFO",10.5,11,19,0.475321089715667,1.48457333852191,0.447127540345841,1.12979654085456,0.535676147736183,0.786932164983533,2.25094442803453,4.83937157504627,8.57396409428555,1.14854938052954,3.02908163029632,5.40135788225072,4.2652749224072,5.14938237526462
"TRFO",11,11.5,18,0.773964282500742,10.4968727948809,1.33797959250159,3.11126329707283,1.20945314455931,0.868734809822906,9.78131994293028,3.68683205402364,37.2411779865576,7.77163952796459,8.20919622191452,14.7534775467836,9.15053688541855,14.7534775467836
"TRFO",11.5,12,16,5.10680541847793,8.09795582706981,2.88973060379105,7.3901700310665,2.88973060379105,7.74184572397497,12.241160492933,19.3609040977557,90.7608923706467,10.2198292983797,14.6992664406033,90.5010115805265,99.871554891635,45.833906024028
"TRFO",12,12.5,17,0.954566530838738,7.47588504175843,0.609439841985601,1.61701875082319,0.916215398805313,0.571555329064581,2.70683989244951,2.35080360382027,8.59313944249663,3.50544146959883,3.1827664028346,14.7614192978405,7.65379982997746,12.3147300203772
"TRFO",12.5,13,20,5.91998099227081,9.82142113699783,4.15847032229618,14.3863447254776,5.74032483244198,9.64524344835369,19.5338568245826,9.23242806396854,93.2054600043084,28.3596528992643,11.8702705167949,80.5215591089342,51.0925175261732,57.7960335013621
"TRFO",13,13.5,19,0.460433752052185,1.70547243950288,0.401994676409168,0.556611084937839,0.308212779300954,0.556611084937839,1.42127555731411,3.44179052229014,3.69728706222858,2.52312425122521,3.38235972988308,5.04757990382918,5.52390478110994,6.82547799975315
"TRFO",13.5,14,18,0.504359360308502,1.59914312250041,0.535408450196152,0.317781239382776,0.513868364764634,0.292029913438138,3.42398772672092,2.08166416373569,14.3141017467953,2.46026090170882,2.5529610730425,5.21274883616501,5.93614981786975,5.52879252791063
"TRFO",14,14.5,19,1.88596922128509,6.74725770146505,2.24012252056883,2.44306338724174,2.25098441083789,3.06271765498161,5.47442551649129,8.61858091310157,7.88569007422216,2.73830642623712,6.12343884631753,2.21273259130733,8.18126659649576,14.4968232212337
"TRFO",14.5,15,18,0.876089676195846,2.78741228952243,0.391372987611979,1.66945705683001,0.546176028458743,1.41116257571317,2.71213148529231,3.50272831037339,11.660225023971,4.69200573940066,1.81317861255297,8.99926315773578,5.97166175554847,7.27812452882177
"TRFO",15,15.5,14,1.36935426782105,1.45844485843908,1.66040948120445,0.990316527264808,0.921218620465626,1.52704182058333,3.37576144630459,5.46007268076871,5.1012656873549,2.26127837880642,2.41827387360293,7.69629790874934,1.61578323938739,7.32943098562423
"TRFO",15.5,16,15,0.862580625904569,1.6483401593319,1.19059995642619,0.537334948174635,0.811768353588286,0.788732968173639,0.949342000638639,3.74271903390057,2.66524980720852,3.30388078591229,1.8167352516695,3.83932184181072,1.24306106663273,2.65202622855364
"TRFO",16,16.5,13,1.69248649351193,2.04130330208541,1.55555406016942,2.1556173770376,1.55555406016942,1.90434271918378,3.25647801588193,3.31793159105959,2.54759396565808,2.45176145047523,4.67666581638306,5.51505271865564,5.35907074854217,2.64897896127646
"TRFO",16.5,17,14,0.758754275579949,2.27260977010748,0.778269877495388,0.367270044132934,0.759383724368386,0.874347557586332,0.791077243719094,4.22780328185712,12.784898466357,4.94712333376946,2.4281160645784,11.4016477061545,2.42734092707111,5.12686108365839
"TRFO",17,17.5,15,0.374298845044441,6.33630854971836,0.405651539304672,0.816944797185218,0.431234945949264,0.530000945099162,2.27947946223925,2.86545832668344,14.5053142415719,3.66683712121872,1.54132972285913,7.99099923532596,3.41017286757888,2.47085030483742
"TRFO",17.5,18,13,0.357452416806909,4.81184612042989,1.16169278553592,0.776590861894912,0.910829118645726,1.33407632560929,0.632233744297097,2.53593131302003,13.5559190845843,5.70979077704563,1.14249188454976,21.8518759468149,4.39427412270797,21.6737273125745
"TRFO",18,18.5,9,0.243542876804802,2.96908265215018,0.175741085959324,2.26153244490301,0.175741085959324,1.316922847529,0.814815099898113,2.25434099914284,6.77135134090577,8.84928319859746,2.46588391306085,26.7120797902684,2.46588391306085,19.3483249630343
"TRFO",18.5,19,11,0.301597187714853,3.7821574294231,0.402673357398877,1.14408445817619,0.402673357398877,0.477096465784129,0.236084324377147,1.82785483831993,7.67762502538681,2.35818822764305,2.38759876089004,2.10466150150032,2.38759876089004,2.52466855325084
"TRFO",19,19.5,11,0.441429027081265,1.35677804091683,0.268082040551418,1.29897966597328,0.603490326491375,0.567215232145246,2.19182129541423,1.62631077772839,7.93113972859108,1.39898792601164,2.84067589282307,4.73174109763992,3.41975240254508,0.774581497456537
"TRFO",19.5,20,10,0.484694501395618,2.88158808367441,0.687509547730275,0.444704726186117,0.687509547730275,0.529495302680314,1.04360806994446,2.23278607557751,7.96573444346314,3.69822794684331,3.01390374185489,5.56147064727198,2.74616173334328,5.63929345258078
"TRFO",20,20.5,12,0.27968656938162,2.25121297178558,0.421017960260378,0.494570966189793,0.1967174673152,0.398460888493473,1.05510638223962,2.21354145051728,13.6708986589235,3.63683302647222,1.15356986927073,5.97776758659619,0.964538781591849,5.72622280495366
"TRFO",20.5,21,10,0.287546927931439,2.58206451812134,0.339242679548939,1.12538851133146,0.215218078230748,0.708206361193824,1.38907328535527,2.90778754384973,6.47387551852102,3.21778677975315,1.47087468417917,5.9004881635071,1.83343935418544,4.19143438561767
"WTFO",0,0.5,38,0.727942919531444,1.63629424484168,0.992490419630056,1.68333222423708,0.638561096485011,3.02637999578636,3.85660503596603,4.17512807562744,5.30454809334956,2.09909809285437,4.38485962022108,7.57522100776659,5.90833175376897,6.75819133519331
"WTFO",0.5,1,46,0.825778885772495,0.626315902961607,1.09140497783353,0.626964892369136,0.346240408132455,0.672987247922427,1.87243843716653,2.94866640622218,7.39608787699034,1.62282293131249,1.55216895905311,3.24003146333338,3.85034776683027,2.77275872492271
"WTFO",1,1.5,48,0.856045941932672,1.33442786734231,0.397656415894131,0.894036373605865,0.340201245442029,2.43953868932488,1.18990526740921,3.0170911130238,7.72437552321128,3.61501820618954,2.45362695805152,7.31491826052327,1.74598715225482,4.03282224111528
"WTFO",1.5,2,50,0.762557207501411,0.728112378655121,2.15251113899259,0.701420656840889,0.262011686354329,3.64774543515801,1.32348416844635,1.78333069451079,7.09818467129731,2.12703570514463,1.77407852559499,6.30295237002229,3.43975236414164,3.41594884258708
"WTFO",2,2.5,51,0.292553217827521,0.661288427791175,0.640169576054337,0.470785112182446,0.437473335286942,0.788287632032642,1.57221775202557,3.21663292715077,11.6698731327,2.79105375478367,2.38197446761239,3.50909209118575,2.43437595089206,5.08727376830946
"WTFO",2.5,3,51,0.689325734075992,1.1204288744277,0.987741582108579,2.05933930610407,0.315509492629432,1.25011446077315,1.35737148564664,3.68666049906991,7.87747967528885,3.34576770250379,1.54193454535571,6.77165082181426,1.73139578268362,3.6656959478314
"WTFO",3,3.5,48,0.194449472491901,0.404823705631131,0.794748853607076,0.579106548605923,0.232362803885197,3.41711378346004,1.74656082697819,2.57993399866171,7.92285955960606,3.13364721551928,3.40780844068559,1.89237674652509,2.68743821461924,3.96064989071238
"WTFO",3.5,4,42,0.54407185005447,1.64186945250062,1.9289018313267,3.80677052542527,0.423620392559387,3.62937978532044,1.00352604218701,3.0835471804512,3.6771088670359,2.5270090450104,2.90450312611963,8.37697697570877,6.96329199557171,5.46558426163133
"WTFO",4,4.5,41,0.291455861097388,0.86293724685885,0.242759009563036,1.09573120243668,0.153996038353955,2.95001982352464,1.37683049123586,1.49693626916935,6.69161210364111,2.69706676135099,2.06297659930837,3.41803839016407,1.33308703006637,2.84397899170908
"WTFO",4.5,5,45,0.663518181073,1.36279848982311,1.21380990365657,1.46538064759193,0.301481451849332,5.66659606580339,1.97605343609111,2.99112821897175,9.60677261394163,1.71232995133978,1.85992627389888,5.1319105422454,5.07860389126169,2.21701049658734
"WTFO",5,5.5,40,0.540898006089484,1.99861697874939,1.03022978314572,3.46833861293111,0.524007124000788,1.4590444835611,2.99580911206116,4.01721711982433,16.7626868139307,3.62412909144336,3.62303898561736,2.4865364133389,4.45816240405361,6.01295582201683
"WTFO",5.5,6,34,1.57618072651776,1.48633022113433,0.652054063021391,7.9923375261403,0.414598407247228,13.3151639069567,1.07453001403024,5.27251984389459,9.69420806333757,3.32035612957748,4.22141501192922,4.36474912039133,2.17898062733225,4.47230772034283
"WTFO",6,6.5,35,0.192479919235718,0.721938115007996,0.947809060761124,2.4971499882022,0.154194037466794,5.28212393690052,0.485570593016833,2.65945342847846,5.70643362929933,1.67031114297707,2.51095093815514,9.93418751281367,1.32383341336164,2.89556357632538
"WTFO",6.5,7,33,0.353566375661402,1.12730973362436,0.307696433049368,2.8768831249283,0.384992461043806,4.33745725643996,2.42008560001052,3.55207859512216,11.3637966764384,0.96146004653696,2.78925922987969,7.99406005206296,2.44898031124561,2.27166772672326
"WTFO",7,7.5,33,0.636178977382592,0.788192933020322,1.07896329427177,1.79978904388333,0.309143060381666,2.79677814717208,0.692573882433904,2.59412211247691,7.75091137745848,2.35082072928616,1.97859097762337,3.64207565391524,3.71080288455989,2.21720576651326
"WTFO",7.5,8,28,0.77087784657383,1.43439753587859,1.33161833522313,3.13889619849753,0.364811700382406,2.27513775784794,1.49913295752981,2.26648479695395,23.1576371735029,6.0340383293388,1.83532510136163,12.2545411667354,8.37976124063066,4.41988224147499
"WTFO",8,8.5,26,0.501921323439696,2.60836602694686,1.98032935055955,5.53071103599379,1.02047764556278,9.35053459303466,1.25030725211207,1.88965460576095,7.99931009089302,3.33797351064898,1.93236070137346,9.3935030206151,3.73613749657688,4.05650180725353
"WTFO",8.5,9,25,0.729708471456111,0.788026959213687,0.371276090076938,0.863754881341956,0.585863972985375,4.34402156475123,1.08719515336881,4.05846183592918,7.94633297944126,2.20581931256019,2.83623560858837,5.4957562881537,2.30741902925477,2.77437822259408
"WTFO",9,9.5,21,1.63676077936754,1.88759769133179,0.767215513375432,6.53447132812841,0.327092888206483,8.46810595207529,2.29863616391596,3.43906201831451,6.09510427901314,2.67468751470723,3.14486241083119,8.94310080282454,3.76478217945924,2.01199965799855
"WTFO",9.5,10,18,3.23620533202295,2.15175175454154,1.70289862678143,15.4988660219638,0.98067451692812,15.9278322351255,1.84090839652186,3.82583919674464,17.3429271066603,1.71570936512907,2.89274878432099,4.19118428851876,2.53506092278946,6.4417198874245
"WTFO",10,10.5,14,1.12454313462973,0.950523983889051,1.4002874839103,1.02460509709748,0.409398108805249,6.46272747110211,1.78061904729597,2.2019795309828,7.95191953657899,3.44951116784978,3.13655299411434,9.74362949525365,3.33089604629166,11.9148816454735
"WTFO",10.5,11,15,0.665632698186567,1.1120285734192,2.27850365910174,6.42305963154494,0.680228777883554,3.22547647653414,1.86260526110758,3.51260520382841,4.76190476190467,2.06432678759544,4.31957007043512,5.36856635412292,5.43159895951094,6.38343671365439
"WTFO",11,11.5,13,11.7738628840224,6.72062812232952,9.56979985431124,71.8458630310457,4.76782125415785,77.8059632757208,2.03309783134761,6.74141085156844,19.5388117583347,9.02496325090309,4.74570024219138,11.6586305720997,6.40181271427933,6.14901655223052
"WTFO",11.5,12,13,9.90301378464315,7.91784640840517,3.86855719937241,25.9032373302093,4.7656104275055,78.0295823789392,7.70499962400976,10.7491181300978,13.2285291512069,14.4261631491761,7.88698919170974,6.7845742577487,6.72401490071752,8.95012058527622
"WTFO",12,12.5,11,2.30140811753742,1.56067423825365,1.00863749447926,8.61562937608084,1.2767274920926,29.0743642567287,2.52370762145854,1.6494201335017,8.88265573572525,2.42444519963667,3.59611877544918,4.21111438922556,2.85653887365516,3.94366872240906
"WTFO",12.5,13,13,10.7233863729134,3.92648233107317,7.64577101863076,91.2321416674999,9.18709328875934,50.9653209222339,9.86798589879655,15.9931601784362,78.8190590757655,28.6996050196469,9.82663092805319,47.4661361486944,11.4038373212884,11.2539044298552
"WTFO",13,13.5,11,0.910459937317747,0.745148512604093,0.351346282528433,2.89878862892896,1.24833526890614,14.555284028842,1.6188746100909,4.15953077183662,9.01828131912016,1.58008363996474,3.93700079734656,15.5901772204439,4.06104947848341,3.55717805505845
"WTFO",13.5,14,12,2.16134232511072,1.14753702312699,1.8874561102263,6.21276510633795,1.08115155431804,7.32331887190294,2.32627522138879,5.2068597234474,8.55686372585619,5.32116944996021,3.46537218843577,8.51177294160361,5.23157593692608,3.25233167942607
"WTFO",14,14.5,11,10.3744648101106,4.57321383421364,4.30942984408341,11.1961878471026,3.97442714182498,46.593536675745,3.54494767286912,6.14965066098188,15.421747386665,9.48636413119192,6.83131520846127,22.0956218441065,6.83131520846127,4.29068331203437
"WTFO",14.5,15,10,2.23462342028952,0.82059661200899,1.26118798298604,4.7185230663355,1.11540799976958,4.64227956396894,1.47412563178521,2.9006287434135,9.77361460033401,5.94779335826716,1.9673359859136,9.25747122109684,5.55276814438707,2.14949228905708
"WTFO",15,15.5,13,4.95256227773171,1.71521823253183,2.10670916557165,7.18107409459087,4.50051832499813,20.2154459884089,2.20943855754269,6.7410219400846,18.8513710459215,3.61440423845667,3.49155536115181,8.94287132586818,3.49155536115181,4.71771431304035
"WTFO",15.5,16,12,2.3709633354409,1.30927733790167,3.51051377731809,88.0302394458542,1.03019092707077,4.02300770588206,1.28268323870515,2.3298348583707,5.56839995060843,3.48571860463087,1.38583796693979,5.14327405160611,2.22598017986083,2.16759853631909
"WTFO",16,16.5,11,3.29547319223862,0.994374191156716,1.55337126445167,46.0352783101943,1.55337126445167,7.88685903470707,5.82944449382636,6.61910789497244,4.84043791568019,1.71311160863304,6.73282184856651,6.90589050345669,6.80530545407409,3.00406293587342
"WTFO",16.5,17,11,3.34936677208771,0.957846629865533,2.5547156080159,5.00516011571485,1.54844402084998,5.2657882297667,1.96997107277336,0.340127772161909,8.6383427736222,3.33820759801258,1.68484892208904,7.01218170098515,2.48378364072955,6.55854429748006
"WTFO",17,17.5,10,3.13639266175216,2.08021771133975,1.65391495139126,6.99969532033772,1.46693648459241,15.6214029757792,2.62347314254964,7.94615846513583,10.8427767824364,7.69762488865493,2.28474290822913,6.79682310196672,4.24459809886875,2.10456672185013
"WTFO",17.5,18,8,0.63822150684496,3.248233735546,1.98045982995343,13.6288427072782,1.2602344138287,61.2435852264721,2.47495263837606,7.5982247080985,14.0678061898246,3.9959316413494,3.20943783250964,11.9379041859297,4.88058601250627,5.94990880491792
"WTFO",18,18.5,9,1.85617538194977,1.34121059893642,1.82778528726188,36.5213026961281,1.0178693043126,22.623936536122,2.18800016558084,2.51812857107764,12.8662089390561,11.1054126210379,1.41671253528877,4.90916033194301,1.59376499371688,6.13508408728538
"WTFO",18.5,19,8,2.88827115671566,2.62652434079474,2.65298657739024,5.09477488225639,1.53934368483185,5.68735712669638,1.18337354340796,2.55423458631609,3.1304830447463,3.88185219343865,2.0179409011809,3.14496708342318,3.17813601778906,2.24007748161209
"WTFO",19,19.5,9,1.79563345107419,2.47119124161867,2.44083977491264,23.3727230948548,1.07344900008882,6.03947824142392,2.50406914338873,2.74670706312498,4.55524732361647,2.5379369724147,1.9220584953538,5.564060953332,3.50577855150745,5.24551860191578
"WTFO",19.5,20,8,0.928973866119246,1.52949378344187,2.32701282481603,12.1748757057029,1.67403883024654,10.5268642947111,0.545536825214434,3.09071265730899,8.45734419482956,5.02723969375146,1.15932353929883,7.42389168192459,2.18247963567121,1.96938265225226
"WTFO",20,20.5,9,0.324673118121843,0.526512475268288,1.34939511228155,6.72822455075637,0.234352572296905,5.07167988826787,1.72749801217865,3.68444996450253,3.18399523908988,3.96352338692055,2.88511851990078,1.80155818028633,3.31743337604126,0.748435354000552
"WTFO",20.5,21,8,0.420874631278805,2.18826745726994,2.25765590482036,1.76691712044387,1.14165737164498,5.05170846090044,1.7030169808999,0.912609900678923,4.74335056749912,5.20052526699608,0.437973138380775,3.78422145149105,0.808326061037089,2.83968255911776
"TEFO",0,0.5,1173,1.81534834812677,0.811762531592149,2.17908373852741,1.67498220973725,1.06922994195909,4.61834299483105,1.25691213158934,3.19263459360879,3.41395819045805,3.95181412832052,2.19044427478188,3.42300801346148,2.50766708645807,2.99046405131408
"TEFO",0.5,1,1257,1.03386273316611,0.823032446998373,1.19104504093854,1.53641405685847,0.651042645823519,2.79982214521895,1.34219044460011,3.351537448902,4.18041925620106,3.10574550600637,2.48711573025976,2.32668624916306,2.65094563863574,2.75652387535972
"TEFO",1,1.5,1255,1.88581179679234,1.18967297149728,1.2676653865565,1.21881420701911,0.630498591812621,3.81603435161966,0.872442697464821,2.36850595910174,4.86229362359038,3.53158751529955,2.43961434264155,2.38064092528084,2.0886031546378,3.29940300317454
"TEFO",1.5,2,1245,2.00962426612536,0.731653870539438,2.13452020570967,1.16744224348066,0.866493724696784,5.19772458419695,1.10019315333489,2.69952632567972,3.63602208931988,3.37427554738715,1.76478326890429,2.20356556501023,2.47304005568854,2.83942579483338
"TEFO",2,2.5,1201,0.364467580571554,0.63570340249983,0.98600332511532,0.947465827208811,0.596404315847774,1.70674924140577,1.37282914286839,2.73136050474286,5.49503018990804,3.82225347610636,1.74607842110038,3.63609629865407,2.40977576575963,3.42510259879559
"TEFO",2.5,3,1183,0.996638647038563,0.967369626295782,1.94322435060643,1.95486742594987,0.433473255020791,2.05027564852499,1.5632603823872,3.79327414575528,6.22928457681177,2.83960076987464,2.59986902873858,3.17798602899401,3.56153024604012,3.67081344528752
"TEFO",3,3.5,1145,0.595723402373169,0.649351117313191,1.09227149756679,1.42325959962009,0.471419945788986,3.83952439295367,0.892653088319577,2.43117928337033,3.93371885302356,3.54367196275047,1.55911327224571,2.574953419888,3.66350523014559,2.19157128672545
"TEFO",3.5,4,1112,1.42356474394298,1.44697413363732,1.85087885512029,1.92247776203257,0.326546143058989,2.68444523723617,1.25298393233207,3.05642388889311,3.40665711935385,4.24745095350527,2.56730215582224,3.29853582837829,2.41227832927729,2.20737449527611
"TEFO",4,4.5,1079,1.96649369697483,1.1256092909912,1.45793883896687,2.19031350921979,1.01369206496623,5.08412376490258,1.36098155573619,2.87596049855608,4.79440706871681,4.27101166761968,2.34150758285522,4.33137439764204,2.29942378675145,3.23333232615359
"TEFO",4.5,5,1055,1.01984670207474,2.14352207390488,1.06486998513273,1.91303738917113,0.390521350454225,4.91263020878801,1.02001442233061,3.54830245602536,5.06790883775412,3.45460955875792,2.749847580566,3.46200998418416,2.43030575918872,2.64066736781524
"TEFO",5,5.5,1041,1.13031873990448,0.959626704241146,1.38679790385874,1.75551778547658,0.743317449375176,5.54331027535198,1.94738138339357,3.337456437707,4.84989107088327,3.70622256491577,2.23911107101723,4.35307632572036,2.70000166623426,4.57437000991962
"TEFO",5.5,6,1043,2.14313145981991,1.57803921467863,1.27728897724646,2.78951898953032,0.613754429867645,4.78592090505001,1.31460096288063,2.9438213487825,4.86538157302178,3.55997244040797,2.07896100405267,3.23008899788981,3.53686601601367,2.59245465862245
"TEFO",6,6.5,991,0.762319706929303,1.06482270321907,0.650617922803163,1.69402669419266,0.574236672868074,4.76926871509405,1.65178694243123,2.42518121053359,4.49846822327929,3.63216131105958,2.14316763628943,2.45556535161706,2.81712966063345,2.43454745032128
"TEFO",6.5,7,936,2.80973071247137,1.46784389356793,1.4699298868631,3.88057099639283,1.38426372225778,6.00711855999039,1.11575349333246,2.09032531442459,5.41269437160144,2.42844117218587,1.81627125694231,2.83408519258226,2.02928496746984,2.53906185154769
"TEFO",7,7.5,928,1.65416815901718,1.26601903144607,1.43982421462753,2.49745164584738,0.660192176303587,5.35013273911379,2.23310807021122,2.4650850745822,3.9492873283767,2.72139526906526,2.84341674096152,4.04507154991611,2.95551775163271,3.92358890713655
"TEFO",7.5,8,887,2.8483583493468,1.50275508251564,1.52687263047477,10.0047434249019,0.902745245317947,7.79737079074777,1.72243573887859,3.53259274227974,4.77339578440305,4.69608120532901,3.06221349696938,4.59873337727744,3.21288272419097,4.91031396931841
"TEFO",8,8.5,846,2.65201441625971,4.28411221598449,4.61931067979331,7.51021920138048,2.88971143932643,13.3952851197966,3.25444284114634,4.22508222201068,7.73568059087634,5.55833257245729,3.81356317639997,5.30446535172604,5.91253191830713,3.78362363493531
"TEFO",8.5,9,835,3.523482269399,0.956883725162006,2.26782141348897,2.92442796813336,1.64892355020955,4.46085206243211,1.91700991000277,2.90983677581013,6.59274943247109,4.07214948640972,2.5097644654425,4.39595965815036,3.63449976555498,4.14123290639945
"TEFO",9,9.5,795,5.52673935848816,1.45204447133091,3.06908722796411,6.64044831061162,1.59001659963636,11.234074750966,3.26605200181952,4.34317499757114,6.84929154297637,3.91425834474012,3.25434328134804,5.52980871229538,4.92421824120699,4.03678170665021
"TEFO",9.5,10,769,7.55585923850618,1.27367104760337,6.16858658956157,6.41230648905214,2.18894042826617,12.119482826473,2.83988141101585,3.09475371839945,6.25563662481967,4.05583457027735,2.69664316475498,4.05812803028167,4.70010560419422,4.62221316437062
"TEFO",10,10.5,732,4.24958933975392,1.9378091246254,4.0687946234611,3.80519099109034,2.3931215141354,9.27473363849224,2.80521719766209,4.27224908772769,9.03731062010114,7.41700515459144,5.39677672328176,6.35063097400599,7.8590881530595,5.07083784946853
"TEFO",10.5,11,689,1.86354846172139,1.4740282246849,4.00902188341368,3.69925980667233,1.20509229272197,5.90180126584326,2.65931583599856,4.43380788680304,7.07016738695897,4.28347799316472,3.11495641850796,5.52935807817786,6.08212606971096,4.27004660619724
"TEFO",11,11.5,666,39.9090725639273,7.2736000286307,33.4023636781337,17.5018031546443,7.08581898751243,43.3518115043913,8.58897338179491,10.5254825809062,22.1503856582899,13.6465931040081,7.8984782578849,17.3217591459407,11.0422573619517,10.7740743210662
"TEFO",11.5,12,618,55.8264705225244,7.71983362072686,28.3441750106913,9.36242084467549,6.61855344494806,37.0526226097066,10.6911494899523,10.7491181300978,12.7874149837906,8.84205294407601,12.0817667056098,11.4531525010021,12.2583042896941,15.1763135960464
"TEFO",12,12.5,554,19.396339896508,3.73917848831705,6.90157274145885,2.05809981834847,1.13742276493074,10.2799470443083,3.62548949112677,5.98944696518312,5.88053947921416,4.51187676168667,5.38553165922641,3.14041790399462,5.45351239119187,4.19218702358098
"TEFO",12.5,13,525,51.9640788517173,14.2184835868468,40.8337902151265,15.713974241198,6.78996796911456,55.1882146643427,21.8702735676645,20.7861294889637,33.8937497768824,18.6938478550874,17.8718032919687,28.1340543247317,28.8514667887829,21.2337335763864
"TEFO",13,13.5,461,4.13169897122408,0.572278265929825,5.48805393804812,2.77712027611917,1.85850021835817,4.59890424953517,2.4653130263397,5.26028306877529,7.4441818222189,6.14201268213644,3.88670156712934,5.85715978962158,6.22861702809452,4.24699737041218
"TEFO",13.5,14,401,5.43519465241498,2.28041967806326,4.47352768513936,5.12196975904569,3.89875737694559,7.84005889943265,2.68449280866397,3.46326808629633,7.72330843634552,6.74669478388943,4.84589192452415,6.13130095386462,6.1766308503802,3.94173752263693
"TEFO",14,14.5,343,23.6794991699623,3.11962232669218,33.265308863216,10.8205218772202,6.58797370633856,20.4225675795427,5.85609012846934,4.39423841546178,22.5179560022703,11.8331859226299,4.84338157444243,19.1391839538341,9.43328839199954,7.72379466711726
"TEFO",14.5,15,284,6.25601036309039,3.75917199139465,15.1940465371138,3.51985237113697,4.29826312482577,8.04574448521987,5.66770137626045,3.92734681165845,14.7966680393225,12.2036847193863,2.32515040479111,12.8541876845196,10.3345892392741,3.24068464115356
"TEFO",15,15.5,236,10.4436237004612,1.74616443742145,22.3090818137393,7.17729028225282,4.18294148471081,15.0368251895393,7.85180048043489,5.69600407753607,11.8132026527273,5.91784298165465,7.04199267670943,9.80066563090207,7.87375217934779,8.88181522262152
"TEFO",15.5,16,187,6.22298333009776,1.13519615721174,20.6892607994148,3.31971649854754,3.94839393834675,5.64248456092971,2.16357818078483,3.54571615634105,7.94153344741566,3.04005599044539,3.21884998315763,6.99349335348815,2.84512615716012,4.1670765983937
"TEFO",16,16.5,165,10.4568167745249,1.8349629617815,18.8859162770004,4.42623431234284,3.11334500302538,7.30692997383777,3.09679456255797,5.42871134388411,6.13400285636508,3.3873463354171,5.69982650254911,5.09728909264365,5.79055572984303,3.97351065054772
"TEFO",16.5,17,143,3.24916709017428,1.3057136969856,3.13432659139903,1.74963717752969,2.33143161373851,2.50592909139741,2.07981529322795,3.62122749285697,4.64263956252802,4.66363173838783,1.99174935805641,4.85913085733699,4.04378894152226,2.76497141690372
"TEFO",17,17.5,123,1.7446029318432,0.955943140004363,11.0868421367113,2.0798152701452,1.46333546205768,6.81851951921621,1.74729175661389,3.72114424957678,4.62523975533476,4.45664711527813,3.08232985610463,4.39232573945737,4.15187867156367,2.36957766852828
"TEFO",17.5,18,108,3.05906716602573,2.65508037428053,8.70720264188155,5.05735206156315,2.1129208721664,4.9137827174103,1.96659006011199,7.61322249754564,20.4740453638649,9.26677532542097,4.74837169664097,9.34789928455421,5.34884595148763,7.57392840024481
"TEFO",18,18.5,93,3.24636892049091,1.60795214811905,7.50987061621864,3.50182838082387,2.1224056670597,7.25224834195413,2.55529345927808,8.00366851888672,16.7558473262297,12.0224984627384,4.12961581816304,11.1701108626948,3.68885245644932,7.08983870781289
"TEFO",18.5,19,75,4.15324347427386,2.89817020608878,4.71791704791224,6.11700232103447,5.7668955789132,2.63621433604387,1.17453664099368,4.5286492220371,5.43686133321976,5.32382449961785,3.61731014643437,5.3884378590267,8.52557930734096,2.98642579415172
"TEFO",19,19.5,75,3.01041631431332,1.22823363061076,8.08823945623128,2.03302636867609,1.78626167548148,3.5577340510848,4.85580293981057,3.9932450225675,8.3737575171134,3.44116458198407,4.86719384634321,5.564060953332,6.78697351230422,5.95865653974539
"TEFO",19.5,20,62,3.80022222716486,1.57295881243488,4.00873919142725,2.56302081496939,1.93352313539214,2.93061569850698,2.96283328165099,3.77111610775165,9.07151378971556,4.71303924714809,3.21687364826591,5.99506970134292,4.29231234066232,4.17510413364082
"TEFO",20,20.5,48,1.32166215859943,0.512503594669754,1.57452768439105,1.90013917614839,0.702191249489955,1.91622163522789,1.04202214474229,2.34402536172771,6.07485232037357,2.82960461235928,1.69363264633228,2.82380753747645,2.54887011168259,2.46233133261856
"TEFO",20.5,21,50,0.701732425021112,0.994379348842466,1.88211226455208,1.23718376437558,1.08875053276255,3.57569728334368,1.82605570863145,6.03357145170472,6.96579753911122,3.72612185993244,4.08328002994278,3.67116427818921,4.35224931587872,4.62374557552665
"BOFO",0,0.5,412,3.46770477528987,0.820519268949551,2.17908373852741,2.48402524339921,1.21097008146109,2.27954034873451,1.19063664405912,3.72891913887601,3.3922695256253,2.36397839099932,1.62146092752786,2.04792098213851,1.57628607658562,2.52721774980736
"BOFO",0.5,1,425,2.54451051684234,0.577307183187043,2.28452522687103,1.30840241457852,1.58838302523475,1.30840241457852,1.11033870683543,3.19096226714391,3.39519499537652,3.3915713012345,1.57863533664287,2.73060699801851,1.71345062905205,2.856613940211
"BOFO",1,1.5,419,4.75555777452059,1.16425175986349,1.20249352450856,2.55936680645469,0.739537130233439,3.48226845753554,1.50505300217465,2.01920316931852,4.93394346469073,2.37635551400284,1.89225026867267,2.77430722397192,1.33106434153745,4.07017093160906
"BOFO",1.5,2,422,2.31538420634,0.653271459168045,2.3798551001854,1.57526618460177,0.886664635644584,2.01295258393883,1.44930217933104,3.09604936867238,4.29619701873824,2.92250323530491,1.40277245980504,2.72252555969567,2.22249924385432,2.83383090181793
"BOFO",2,2.5,410,2.41396282122698,0.787787359211422,1.3272060742439,1.82677136850246,1.48211357819631,1.83321111362409,1.37554771806983,3.31534337910345,4.73309838008118,2.78250249552638,1.75963131733378,2.15729071871135,2.7996834574196,2.75807565787233
"BOFO",2.5,3,414,2.05281734395521,0.909502168071028,1.97961877955189,1.76163139183152,1.05904438832687,2.35263837399214,1.60176529433829,2.38634407498589,3.46125252174683,2.00012067939033,1.64426493804752,2.27199293885737,2.19410118681764,2.28771174064963
"BOFO",3,3.5,406,1.12731372844055,1.16677372601544,1.23180944409064,1.42786285059948,0.79218688835496,2.08817391604888,1.14870137355265,3.09479297148427,5.30317812015496,2.89060213312088,2.2298075116098,3.65151010641202,2.19049373750165,2.27631009126362
"BOFO",3.5,4,405,2.05105185149192,1.02940127495092,1.93754763204478,2.77750018743804,0.70827662378115,2.31203304950673,1.30888249670651,2.49776941108107,4.38480809901514,2.94591567014124,1.86496875331801,2.97421375231815,2.0274358530556,2.99719178282383
"BOFO",4,4.5,398,2.39943350636261,0.967740532703045,1.36177891573016,2.24618982495737,1.00357662660494,2.08094619103643,0.911994281487907,2.49870432840163,3.80016975993916,2.96553883779576,1.7301538296683,2.26584472153514,2.04394279009797,3.00373120947497
"BOFO",4.5,5,409,1.75906516180851,1.41484096182149,2.65057623388994,1.71695616158507,1.25727105832209,2.85495184146548,1.22633846670618,3.76378051852797,5.34341490995997,2.45056744573464,2.34296278558375,3.68082796315591,2.645861551621,2.64066736781524
"BOFO",5,5.5,417,1.77234206542415,0.454820965847596,1.56283736298669,2.07943823971809,1.01492064140695,2.41179264148414,1.64838484573903,3.14858495633405,5.04879821934582,2.54236363904762,2.74578926247555,4.75411770316265,3.33668472707022,5.12588596280018
"BOFO",5.5,6,406,3.09135308674744,1.12685932834966,2.01487737944941,2.35188188446899,1.27477350635435,1.78068761712514,1.0180392616163,2.98516417894292,4.59226588158268,2.61972274233125,1.93907573946947,3.08574933945504,2.20243886394502,2.06239730793411
"BOFO",6,6.5,404,3.01233356759206,1.25860826756235,1.47699322305902,2.20577870383269,0.55020143410818,4.24354745413256,1.85583843166186,2.72811445409814,4.0268214309138,2.30806813956866,3.01974001508033,3.42742091357854,2.54358761907362,3.52340838881455
"BOFO",6.5,7,401,2.92670670077387,1.43415508004804,2.33716873115068,2.48927309601995,1.73755651369082,2.95212041666053,2.00717983308026,3.00216956484585,5.05266975926905,2.82372698606483,2.49624685038329,3.10115437986432,2.23911940138901,3.39339190932632
"BOFO",7,7.5,389,2.71792277043561,1.5846852577176,2.17646040607413,1.53451970362895,1.3608363418738,2.42803342079565,2.01105130763883,2.91017160067076,3.18350343080276,2.98615481146666,2.34222060356778,5.08414236138039,3.35208502537263,3.92644820558314
"BOFO",7.5,8,367,7.85025807795376,2.03580657122981,2.55991882404715,6.47221920642393,1.16806069205355,4.96102634817139,2.03709735355134,2.38566754134716,5.22132664695247,4.19061283063221,2.28578530061408,4.75406529830277,2.80015460796652,6.60898037399759
"BOFO",8,8.5,350,4.33340583292036,2.32656899962226,3.25765812299492,4.84876449786123,2.59728079233498,4.1441455807231,1.80728876872936,2.92510293045356,5.24726738101841,2.74439444685066,1.79000552114373,3.76292511134906,4.46209262247006,2.92242389300128
"BOFO",8.5,9,353,3.96778734579997,1.20667249008864,4.25845980450064,2.56368252286986,1.89275908806606,3.69545545379802,2.14622640842218,2.63926955028097,5.0000835874952,2.46217863495328,2.5416792741599,3.48488496479176,3.54372393706852,3.49772311248158
"BOFO",9,9.5,317,4.9086658389841,1.24441074296962,4.41877336326522,3.00653224456306,1.38180896338748,5.05198010071535,2.52394952265435,3.37905795988839,5.65952827157079,2.87480493709358,2.82946587402808,4.47315168312457,3.87404509548137,3.92988010215439
"BOFO",9.5,10,297,9.62030854346677,1.56789657604232,6.67161645186961,5.62390457284853,2.86377756101828,7.79203783403089,2.17746684739511,3.24910425673519,5.4532074943642,4.2891383561161,2.54620536723908,4.55235669447159,3.71565737173031,3.93080376943429
"BOFO",10,10.5,265,6.82182485197519,2.75939387293897,5.03246724606095,4.4422390351519,2.27021434478994,6.18332072529164,2.17116183315125,3.4921109728838,9.87946403679846,7.30777107181685,3.10720362395806,6.35063097400599,6.11689012929151,6.60094957308683
"BOFO",10.5,11,238,2.64681513344915,2.57053195618121,5.75531438280048,4.20598084213255,2.3448038571388,3.97904005805883,2.92092473610992,3.58633234390915,6.92959697124072,6.14334438176364,2.43218506518755,5.22603609695085,6.32440017529215,3.33658924606425
"BOFO",11,11.5,215,36.0547747235331,6.28708003813519,31.4043579242315,10.7205591690788,10.7205591690788,14.0802411501971,8.58897338179491,5.86055945089031,19.26782028593,9.02357157881879,5.23594378130296,13.3500043752758,8.31226038935444,8.5338643879353
"BOFO",11.5,12,206,33.2493654318869,7.13789234091835,19.5695284980078,9.36242084467549,6.59453360732245,10.156679310145,10.8618819290514,8.23753165910655,13.4698842257039,6.72498141217567,8.74389382018537,11.3915252318171,7.59077693713531,16.8992822182465
"BOFO",12,12.5,195,6.31388704085529,2.46206668917295,5.45397770217226,3.47232736354609,1.31886643087174,3.72870892801124,2.76106096792033,5.41418803105232,6.18028812846697,3.84228836605348,4.15574691023407,2.89384020709807,3.60171324571949,4.66300378849974
"BOFO",12.5,13,159,59.9384499697004,14.9183656421842,60.9333946478113,17.5138630103776,10.3515852455535,17.5932870549131,19.0216494333735,12.8883645306238,27.9946765465487,17.3412890040028,12.9794418040022,21.6571874169907,10.9297096375679,23.8553482730106
"BOFO",13,13.5,137,5.61842532603783,1.59435444219764,4.1700575971509,7.26695027571579,2.06777619271012,2.44239085662303,3.49343951513111,4.11546488882079,8.83188550108366,5.47697117804938,4.29181379702889,6.38829802880573,7.28742576181029,2.56281338525509
"BOFO",13.5,14,113,6.98139914380265,2.09604751953873,6.60078348833736,5.23927445149659,4.95745426328141,3.56559166938549,3.16736088754116,1.60954611475099,5.53244272362472,3.85869271779216,3.18488197690448,4.97096337317081,4.47203750540914,4.38227764263948
"BOFO",14,14.5,86,17.4089774653922,2.99032285649731,26.6455193480762,7.93794951778123,11.16082078193,6.39045135917488,8.71003153547827,5.32085775976156,22.5179560022703,14.3559696585953,6.71568048642591,12.9462286463384,12.0919144534119,7.27746820519535
"BOFO",14.5,15,69,6.61274766250612,2.62881378543546,8.90465731098911,3.41912167643358,3.5995050056115,3.61015046067196,2.32572237485402,4.86968131230364,9.0835279584061,5.44972814157956,2.56198437719051,7.17767583773354,5.57508911012173,5.83966629892236
"BOFO",15,15.5,56,9.9194672261177,2.59190404434475,13.25384860079,3.31892394601918,10.0741161159206,3.9773693498476,5.49554892053104,5.34710858383147,3.80479331323251,3.4137928633035,5.78196025935372,5.19088476911999,5.18208334553978,5.64167269076115
"BOFO",15.5,16,51,5.69389368938576,1.33892689229226,8.18791330360481,2.60246779965892,5.40667028626197,1.7839409510718,2.33127487635653,3.14964846863572,2.70278293990956,1.9236843708437,2.92696411268406,2.25034670284862,3.909714644055,1.66912738683453
"BOFO",16,16.5,47,2.52869823371455,1.21494716777174,5.14243842429794,2.43832329496882,4.07935489349408,2.00964815716494,1.87550819015596,2.76574851441257,5.68902035463591,2.98627695442698,2.00752545099369,2.41396442920399,2.39720001597382,3.07856382156558
"BOFO",16.5,17,33,2.44784199027933,1.8055779403381,6.55975335694726,1.05686313827173,4.82921707177667,1.09952677983719,1.20725463516633,4.87055859787789,5.75415942445267,5.8930872780443,2.06968649796955,2.31727635810953,3.52387511362023,4.0945223570556
"BOFO",17,17.5,24,2.88667202553478,1.20478121589252,6.82229303159981,0.717121957661517,3.53951146133708,0.750268610778914,1.62408624731051,3.16607198710908,3.83470479163749,3.04299508039322,1.35431868664468,4.42456215246889,1.25067238691471,4.25555321249977
"BOFO",17.5,18,22,7.06685250860834,4.16688859233272,15.8849293854274,4.64558372221882,13.3394478584068,5.57495894799965,6.13896310517461,9.47651960556199,23.8723302040852,7.85274328373313,9.38847440599274,13.246807433241,9.89458311699174,8.57379750318411
"BOFO",18,18.5,18,11.3734232835099,3.93668941538162,8.87205411702477,4.38524580035696,7.81484312184553,6.21354045231292,2.66144986687971,7.04413502363465,14.8981482711076,4.70641730939514,6.00874183280947,8.90631256007083,5.54096401129424,7.45299388914763
"BOFO",18.5,19,14,4.47550939341097,0.85301736987789,10.2666627167452,1.29447963683276,9.6836603393192,0.972246143050062,3.37360491544937,6.69606252129714,5.66139112772569,2.5737833507347,5.69226922275066,3.86825957247736,6.83335777777636,4.11641871273797
"BOFO",19,19.5,16,2.59350438739983,2.83590982325769,4.09907470201996,2.7561826191583,5.36098119454291,3.27302991275388,1.95053866244477,1.38096189848471,3.91661564807487,2.79009185762357,3.77011152236525,3.2400314689327,3.77011152236525,4.05705473714368
"BOFO",19.5,20,13,1.89598952724367,1.67883933370045,6.69709094426163,0.954028903186093,6.53210605138716,0.684570937407456,1.71700080930429,3.89119941295989,2.60532418458789,3.72142268603094,2.8245170995261,3.07565428060906,2.80082072656089,3.07922457236352
"BOFO",20,20.5,13,0.740099249149782,0.765036572140224,8.45218644457049,1.67825694973689,2.4005667264158,1.14873417127522,1.58395466472657,2.49172813984529,3.40091552556502,1.07928679216313,1.62002691441729,1.57721756525636,1.77463310315792,2.41149536936837
"BOFO",20.5,21,14,3.53115537585428,1.19428764943004,7.251053012615,4.65628332991021,5.21155888820853,1.60824850473233,1.28290383341766,3.36702262640424,3.39881814973298,3.26977419791019,2.25919487756618,4.17765076775772,2.59897396419215,2.7596003594999
"SAVA",0,0.5,23,0.891657149818747,1.91998891485628,0.599962314233855,1.68333222423708,0.700208717138878,1.12528300370368,3.85660503596603,4.64391236119926,7.73816576030401,2.42502669127877,6.21717924011879,3.15567761582895,5.30411200509898,6.75819133519331
"SAVA",0.5,1,23,0.326874616479132,1.05424560840608,0.142005507476476,0.369983665100573,0.608930699162358,0.252295382747781,1.20577632125423,3.19240075850704,7.68962389787699,2.91289262501399,1.68266795953281,4.42240341138448,3.42438693709378,3.07154182569779
"SAVA",1,1.5,21,0.362015510552305,1.9723718622162,0.298554582851062,1.40067950070471,0.173364943803414,0.95039539816223,2.26450062687065,1.85115791579375,8.14389887377033,2.96981893743473,1.12241604018616,8.21322361337145,2.10048605194296,9.59273130473423
"SAVA",1.5,2,24,0.504338486387834,0.876242497200686,0.56197623775027,0.939732873048021,0.326161879741082,0.805302716430414,2.7659878684404,1.51209897487644,11.8724190459136,2.27280006746911,1.98767908868438,7.24168871076567,9.98980155812592,4.49001203224974
"SAVA",2,2.5,21,0.243651558334199,1.48862254712012,0.22765113953063,0.528378148320948,0.506634255952772,0.281927132773214,1.91709526776112,2.58928783676249,6.3878492272932,1.37683775124609,1.2739555089081,10.2153250713149,3.62170984305473,3.50026828954805
"SAVA",2.5,3,22,0.12888786924227,1.49329551113947,0.364776435235301,0.555327711488391,0.391499513509974,0.22989957170722,1.10989374245543,2.67948578030751,4.46866628864322,2.53209402153231,2.40357290754128,4.23868544333861,1.54218872249524,3.15692485665023
"SAVA",3,3.5,17,0.434294983084973,0.724840441824787,0.417101163222869,0.784075446255764,0.270404670996316,0.764409842044699,2.06927283947838,2.59036219489493,9.63627930305183,2.30981153804284,1.54657057292183,6.93150883843618,3.68737456169873,4.41007610848805
"SAVA",3.5,4,16,0.33266562561823,1.95554515791439,0.399615315689078,0.944374716317808,0.337751925360208,0.725936910639583,0.942029277549381,2.19392056351179,10.7537743697536,1.77675568961362,2.45035458982148,10.1430237784699,6.28090916063547,3.74100203142123
"SAVA",4,4.5,18,0.384794712962444,2.27938936854396,0.537831848237109,0.53830186607673,0.357632473713968,0.109874532849887,0.668039555989545,2.77546828361133,9.45385828034016,2.5544918865938,1.20443346984195,1.13695132580639,9.61539161778902,2.95099366598902
"SAVA",4.5,5,22,0.445286357925988,1.47222410297488,0.466619917496898,1.2704624923057,0.161966033478176,0.408171084556934,3.10018246175076,1.79895002971475,7.62962441501094,2.75023170451426,2.24509257501123,2.38440834789624,3.80789571464866,5.45620864358223
"SAVA",5,5.5,19,0.466373188165193,3.44512745418805,0.274747267673546,0.460811064140954,0.280925052430885,0.759153575346948,1.46482693146871,4.50972189939024,17.2796777324464,1.31908057813226,2.88922703129476,5.83824073476081,3.28547606602358,14.0254287474092
"SAVA",5.5,6,16,0.601794013403303,2.55193908009795,0.504429720650452,1.15531880561838,0.160258868594064,1.68967421060887,3.0573960470237,1.22765177880835,11.1551737067175,2.41541461955294,4.39566061233654,7.79936902159004,11.0023117143634,13.175209430717
"SAVA",6,6.5,17,0.596483108852586,6.10008649682254,0.325990932254444,1.05518645687283,0.0945719184865249,1.05518645687283,1.29530172462396,2.63890880977274,7.07778469115264,2.41243040368776,1.38664837113214,8.67581231842115,1.68559707323588,2.2498320525471
"SAVA",6.5,7,19,0.479348803934827,2.19598435645565,0.897806680610689,0.301251835308546,0.897806680610689,0.911148878827018,1.95376817800773,3.97349754559761,6.87222177659795,3.69083696994767,3.49072527064806,6.05886765733437,6.34728411812617,3.4243011407744
"SAVA",7,7.5,17,0.407347847138197,2.7447271186411,0.396330935932844,1.25177848614829,0.143089831338001,1.25177848614829,1.5907410784383,3.21525128569838,11.8197096269534,1.6586772251096,2.40669348742139,7.02812952060255,2.40669348742139,7.80100162595778
"SAVA",7.5,8,16,0.818555303816532,2.37104819608899,0.705339831869519,0.943130481537545,0.582658548611885,1.36541319544936,1.4364709636887,2.41246135301109,7.47218864423474,2.4009793195841,1.43671259237548,11.1193311079466,7.01743090556853,15.7537638668274
"SAVA",8,8.5,16,0.766859247205365,2.70331492415325,0.663704247172367,1.01961706806453,0.704405919731506,1.45642515454269,4.00992350328861,3.71562241555629,21.2093465167167,1.8766726754286,3.56507716512348,12.6440636059477,18.0093424604426,9.58101250969326
"SAVA",8.5,9,14,0.542949937135031,2.01455223414067,0.875989146510634,1.04994568989443,0.536069870401193,1.05606171822878,3.07807051362077,2.5883739616742,21.3642004106708,1.97512643479889,1.39496380318779,15.6491771526376,2.6809852655998,3.53855600196122
"SAVA",9,9.5,15,0.444830606795799,1.75492791447918,1.24333010786205,1.11994976633211,0.300150637509162,1.16574636711506,4.26613138551402,5.07532662782514,19.6748197720138,4.16756376218421,5.13794148912895,16.2771420397917,6.83578003485749,11.1551741060546
"SAVA",9.5,10,15,1.02775100774723,0.624768527880494,4.33682813675837,2.17701991423622,0.560068257063411,2.91312543608732,6.0796674949394,12.0074221335588,21.8804886194701,6.25966272034453,5.18223895667957,18.3359248850551,9.95882685732178,10.7875096660153
"SAVA",10,10.5,16,0.248925700470039,1.01292134151115,0.93639833987065,0.559978455039585,0.350171539426178,0.854238317578717,0.651747069681275,3.05767493406892,16.8798799530074,2.59892660913378,4.25292667829793,8.4683349741691,5.71550014948937,6.06847559330707
"SAVA",10.5,11,17,0.680210803149346,1.42501763134054,0.516254369462918,0.648778216599142,0.485788910118647,0.783168501568078,2.65643684071637,2.76637684631791,16.6372881465046,1.5307187324702,2.97270503007133,11.4923822465338,10.2536475301631,5.07136398863308
"SAVA",11,11.5,17,1.20300265901349,8.01550025879369,3.2073812302327,9.04492765690732,1.52688232548584,2.23456834246265,13.9381357369693,6.76271695284842,42.7075145617989,8.29387621938371,7.24804243365074,60.9871453835369,23.8529680211318,39.7501175364445
"SAVA",11.5,12,14,3.75972424895252,9.37729595855903,4.18930514065909,6.35917574496808,3.59550162202136,6.20433695409722,14.2633443743478,17.1740979761899,28.8276688108265,5.4372048291075,12.4095138320185,19.1809862785134,42.361349061049,44.4966614125247
"SAVA",12,12.5,14,1.11131742397321,2.73851480046155,1.66420774504141,0.985345667185664,0.669734543222805,1.65575109086708,3.51014169525864,5.30460525504212,21.68727895811,3.56389874915411,2.90002639048523,18.6264588377924,11.3462515152523,14.6576369174075
"SAVA",12.5,13,13,3.11139547509097,18.937946485441,8.50589526629243,12.0673695957626,3.11583313417557,7.95297762103472,21.7056051541852,16.589012488124,93.6623050454731,12.9407683341889,29.2419055886885,72.8677568175008,65.1586888244499,53.4760673520372
"SAVA",13,13.5,9,1.00271252173395,1.0701228093275,0.627701137982499,1.10881432990494,0.590854359508223,2.21530800526764,0.628029285887173,2.1769418464127,13.7917406565718,0.711567840733947,2.26051121207002,6.82547799975315,5.41607170828966,3.39449631842014
"SAVA",13.5,14,9,0.962968152788311,0.988422561442583,1.56921824287739,1.15723589952481,1.12075998652398,1.43509820329597,3.60160089930782,4.64629178114435,11.1541099047576,2.76427107017729,5.61079724254972,8.53584747620459,5.72330085655438,8.7116265742009
"SAVA",14,14.5,8,2.83578293507404,2.86918757029322,9.36987904928054,4.2156004914327,3.7602007356663,5.56334651639879,4.58596052894865,12.8467635149192,5.96253857286516,3.549174215932,7.92783664157076,17.1272338529892,5.12216097521591,11.6310371096353
"SAVA",14.5,15,7,2.28287428419299,1.21407142466057,2.7675169390048,2.01912036693502,1.52079122313979,2.60833961689364,5.93905285602793,4.93561180073569,14.1236858177691,5.51582137214337,9.29632829417393,8.92639696811547,8.92639696811547,5.1089697169832
"SAVA",15,15.5,7,1.08768236233224,3.18266986929634,1.32179974712472,2.40795655253615,2.40795655253615,1.92688618321169,2.89122729147294,7.85744757693272,27.7625707145334,7.00954791762971,2.10454062470669,19.3216282348645,19.3216282348645,12.4596495923982
"SAVA",15.5,16,5,1.18743330207167,2.84787870024831,1.40212162394156,2.16165101399815,1.48748348198728,0.792791267327852,0.949342000638639,2.00157919193367,7.32756675452144,4.26228303598374,1.85197043373308,4.73130859760337,4.73130859760337,4.76354842880583
"SAVA",16,16.5,5,2.48027382331484,2.37145517312051,2.49511953323267,3.08348581336632,1.89773845579681,0.750275702671128,4.71815166126784,1.41541733574667,16.7427930540038,2.45176145047523,3.69448578495206,8.25961307561041,8.44381213380986,3.06219694525964
"SAVA",16.5,17,7,1.11803635453753,4.09252330341019,0.249652437306941,1.31941860176577,0.759944452825074,0.926664963953065,1.76401740877129,4.07180409536692,24.0095755899813,2.57896273305585,2.02346210134361,9.81296074767509,0.942159370325386,1.17100993229746
"SAVA",17,17.5,6,0.641888099206642,2.30003077787481,0.661605263245292,0.93646461089534,1.24563680745747,1.23429725198215,4.48930154207403,6.70714529953658,10.6595699448144,3.75505952852682,5.06012027387118,3.80095347271083,11.5007300611053,2.91306987316278
"SAVA",17.5,18,5,0.578207841775456,4.14697921453986,2.72867861755158,1.31473339145908,1.58300675029292,1.45096058250652,3.83469643353222,9.37969615291146,28.1677608574056,1.86215211470504,2.54868202291047,9.52715060531625,10.2962571674499,6.47934551538987
"SAVA",18,18.5,5,0.417368054831354,4.78329456616283,0.672658089408253,2.11382133279385,2.10486418136276,2.27522079938516,2.61109455889394,2.13689490874353,16.4524303747332,2.23666080782968,4.69595744087895,24.6725278403093,21.3069371101003,7.77119718134323
"SAVA",18.5,19,4,0.816055237553101,2.23915496812935,1.08499569659598,1.48833428266266,1.18056750084714,1.49149781474148,1.45122574541366,2.75353931675692,14.4625611714697,3.67005204733633,3.39966892865319,4.89274683960992,3.28136878856228,1.89436361702104
"SAVA",19,19.5,4,1.78619198177439,2.77032586932155,1.71063729773061,3.18391359075073,1.73884652301732,1.72662088868759,2.64437984577029,4.59767028761813,7.83752968126531,5.22483671979951,3.19606627861213,9.92794429660209,11.2380111201011,8.3585006390732
"SAVA",19.5,20,4,0.619967793723764,1.81425629356138,2.07626957985948,0.530217840171042,0.90148206877088,0.845083803251272,2.1249755333319,1.37933908388885,6.5559984274583,4.98543994410432,2.83838754273768,9.07846725312691,14.4706857377987,6.24896029172736
"SAVA",20,20.5,4,0.57437578541721,0.81856027162772,0.34002969151875,0.162248803045997,0.114535209850305,4.6847456895333,1.5637142937105,2.65873713789345,9.04849204456522,3.1471285557998,1.24661772182717,6.49377702076142,7.53790875934796,7.02966449853613
"SAVA",20.5,21,4,0.82772880886203,2.04821556724497,0.662788185685689,2.17243289264874,1.29015020537302,1.44208098186813,1.05882193991037,3.59496601818886,6.47382703708543,2.19055157077553,5.44530249023597,3.78743501935407,2.4570898505157,3.35854083331309
"STEP",0,0.5,125,3.48557940313278,0.432389837423049,4.06933587795883,1.33036795223814,1.20750022376988,3.34276496772917,1.86434518966928,2.91251155185166,9.25784768953428,1.35478231539168,2.02595070986102,7.80799046472797,4.41897029657543,4.46809080441402
"STEP",0.5,1,141,0.942251269610898,0.812488408941627,1.69295983977863,0.907888159193916,0.651240902660025,1.15153512541697,1.93997737663464,3.92029910564159,10.9039581993124,2.24353948994537,2.80313121616059,7.15121595343751,5.05285184324287,3.08475902267321
"STEP",1,1.5,136,1.39101891379712,0.609913949907582,1.36362826752939,1.27424435135301,0.702255203942266,1.49048532671091,1.34181839874313,2.49256178802905,9.05088168772495,1.69614195175607,1.27365466391381,5.33654017709021,2.04552832250042,4.0345050394671
"STEP",1.5,2,128,3.47046825059962,0.886382995725901,1.86829999250986,1.88840909769747,0.555991273988033,3.03322366496551,1.28799521447456,2.49206769176496,10.8979705410335,1.44124037758165,1.70136932541822,7.76808637448972,2.40090761196252,2.29035225686332
"STEP",2,2.5,130,1.33456338240783,0.812798859899432,1.14713012891702,1.41614215356637,0.806645444031872,0.901173335232268,1.71393496831171,3.47571904070994,9.06215064704895,1.64398541257638,1.61669014885529,6.60774198670518,3.06605046905731,3.66458090559391
"STEP",2.5,3,133,1.02763585799191,1.15206868084289,1.06678286443045,0.806414982483827,0.608533142092047,1.46280824685732,1.23247132866551,2.91499527398035,5.17131699987488,1.45321049352178,1.88392200677163,8.53455377052538,2.70098519658255,5.00740090346695
"STEP",3,3.5,134,1.47419738540626,0.842567326280391,1.02005510893618,1.57301243601278,0.67603034209153,1.57301243601278,2.18628880135868,3.57952822270226,4.62104447577417,1.41339708898997,2.38825552727272,6.57669345102914,2.70281179496207,4.55518410774545
"STEP",3.5,4,132,1.72789104171258,1.68623379531966,1.82310032351511,1.77513717269659,0.670072101338274,2.79351427541674,1.29554285900585,3.36249831527727,8.96964635126053,1.23190093427295,1.84766625197124,8.91610927156377,1.69991299149994,4.53832750792135
"STEP",4,4.5,122,0.668821309660586,0.583062213757159,1.50131707342248,1.34907103276559,0.858034755108316,1.76906937035106,0.941309688792873,2.94180185267175,5.57677860367373,1.09707503266491,1.24526263912658,6.44864399709529,2.43570423925223,5.56431060953731
"STEP",4.5,5,124,1.38395053560487,1.69098175240704,1.43426834328838,2.43858312732279,0.846144308855141,3.60006971525378,0.946611613678755,3.60092986584867,8.42647698073721,1.5870863958442,2.09335903324054,10.6922574672576,2.2667317617242,5.73168364906058
"STEP",5,5.5,122,0.883269725392864,1.09776029792773,1.06042693556256,0.939990866640386,0.800793200766387,1.1416403483937,2.44374472500989,2.30326391569283,6.55241052282589,1.65777373639919,2.1575244527251,9.93262258620062,2.99012479274757,4.82201718642902
"STEP",5.5,6,117,2.41845528453642,1.45727285659065,1.88704831733875,3.11902619465768,0.548744668780988,3.11902619465768,2.49604872395136,3.14687365200028,11.4143063336944,1.50527724987554,1.84172087622911,6.90940121615233,3.53245281514261,3.48352517503067
"STEP",6,6.5,110,1.13200152327182,1.13919236010196,1.51154516759757,1.10701185891116,0.907352446038311,1.38290788319528,0.920964473901305,2.74089553418215,8.21323192348288,1.46137641801759,1.30708617090504,7.30875983998347,1.9104790326294,3.30438805277657
"STEP",6.5,7,109,2.97752118171797,1.03069556688578,1.09948921311965,2.32542964652659,1.04005407658301,1.88919314533173,1.28823648740359,3.21945589674803,9.96468960089547,1.15783108559632,1.69465856323475,5.01799343782522,2.06786511415089,3.60451630872295
"STEP",7,7.5,109,2.45552174584713,1.13443674616129,1.44590254579649,1.12567124181395,1.0201890145079,1.33383072874116,1.34362309977951,1.15273706360052,5.8220248912075,1.68738115661129,1.24931460024748,7.58074106920094,1.01012684801072,3.21181931433936
"STEP",7.5,8,103,3.0901055881845,1.02642204418824,1.6331550645217,2.43834341920287,1.04807393118533,1.88195994648808,3.84927207864242,4.01750248287049,9.02811066249132,1.00226781443082,4.30159135554734,9.21381113016663,5.50495988091689,7.60320020913345
"STEP",8,8.5,106,3.22579498919468,1.92304083657002,2.44105624024973,2.37798823843365,1.89698955375261,2.63976042180436,2.22447259345087,2.71712415340991,8.88922254289265,1.79295389620111,3.08709033399152,6.79728150479361,3.38910924090164,4.92627669955265
"STEP",8.5,9,107,3.24454793745118,0.720125247922218,0.972130876584051,1.6909434821319,1.31639862729309,1.63595086446838,2.10600065268547,1.90295626629972,9.64927450325326,1.72061601359624,2.20434828471606,6.81196653177469,4.12183176480131,2.94023090864484
"STEP",9,9.5,101,7.64646791445439,1.00185693132579,1.77047485569973,2.87732316972044,0.85389518930321,3.68888735361331,2.80573373256555,3.95818405177054,8.30986848577202,2.49892062574799,2.3127013600043,8.4090717529844,4.29258227861943,4.68947898143493
"STEP",9.5,10,93,13.6058738936739,1.58093936672375,3.25957084261818,3.87605528368906,1.96044720676889,5.19857257812596,2.25514412320265,3.54279124645203,9.01737558130179,2.16478765712436,2.95462369855268,10.4591461472335,4.38672797414817,6.20154230956685
"STEP",10,10.5,87,3.88620459410561,1.15402780777,2.71170393388278,2.44006723404431,0.87729288610986,2.10179439774908,2.17973098241912,3.69963344225691,8.0311378892345,1.0939536486782,2.12270169239129,7.13588708325838,3.07011621563445,4.38406720357834
"STEP",10.5,11,81,3.00062646038031,0.622261705573514,2.51508877559627,2.4493405177322,0.738950240784223,3.07070865613162,2.65512576092786,4.65919787284019,9.78868110865928,1.49362137832722,3.87223207226634,10.8861449154538,4.99047916233852,7.28647413654255
"STEP",11,11.5,81,40.7816056951426,3.45813500992561,6.9433841437103,10.4973580741752,5.87225103838376,12.4517902947734,6.86929745387362,5.75637454562368,20.9120974942591,5.78036247656646,5.27312736886613,16.1519741711906,5.34635732185199,12.6323503564032
"STEP",11.5,12,71,28.2355936754038,5.36520372555719,8.26401073667362,11.463297101405,7.24876282906555,15.1464349706443,6.80791492967444,4.4959842480919,30.0291545189503,4.34470995967807,7.06443180128902,28.5476339516065,7.73618067832397,14.6964778600753
"STEP",12,12.5,62,5.10798389949296,0.943266555957967,1.43576824640026,1.10415215064425,0.91405300614942,1.63291805764298,2.09510630989156,3.62741226795691,9.96403812009767,2.9776815052057,3.10198132309628,4.84671806596185,4.98225870158184,4.0427802007332
"STEP",12.5,13,61,48.8116169736371,7.04973644913919,11.0144413445992,13.85833905185,10.4091177396929,21.1204307764296,8.81653254955554,8.72200388592517,32.6309447640576,11.8418788728654,8.99845343879086,30.1695063978895,10.7485624146269,19.7605615079984
"STEP",13,13.5,53,2.86610351610206,1.11854426498748,2.16872541955959,2.47779246551142,1.49942938542697,1.54671344197379,1.67395886146099,4.56040039848074,16.1675926715596,1.99501044666758,3.02200258284705,9.53004921245414,4.86027312873975,5.62283422986792
"STEP",13.5,14,41,5.69009839333806,0.947460314933151,5.21441796368495,4.02093520485366,2.10042963983127,2.73617580557104,3.08152172847818,3.01409050068217,15.9899207619496,1.79814699968104,3.26570489909915,10.109606841599,6.84935951656843,3.77203008805561
"STEP",14,14.5,36,21.6834778000188,1.87227453630977,10.3381844025948,6.40984047485875,6.5056732002166,6.53923460861003,5.57913514112277,5.20223248034412,23.6688503812902,4.43574222966565,3.99705151571894,16.1799319214025,6.76642331014671,8.29944034512335
"STEP",14.5,15,26,2.71557164294027,1.57233430222418,2.60038980198293,2.07882628343625,1.93403529117205,3.19008176926372,5.44912606239045,3.78096260259754,29.0903244995469,3.83519034557775,4.9759460300179,18.6951565067925,7.54058109280219,8.48806582770758
"STEP",15,15.5,24,6.30851990707533,1.38335074279508,5.15015956359999,4.14731022370245,3.67363687890789,5.92571145468971,6.77389407045358,8.60867421692738,16.7161312403679,3.95241733339771,6.10438497190964,10.9675931236663,10.731755065628,7.02193938665834
"STEP",15.5,16,27,4.91099359774743,2.08904867105072,4.3833981099611,1.7413102547481,3.14982532496413,1.53940904323819,1.60719689336551,2.85168175411752,6.44585574954801,1.91677093017762,2.98846345389077,6.3486175523645,3.72947296250849,3.85235768892166
"STEP",16,16.5,25,6.77546205952874,0.855493856485056,3.40389296683864,4.7755761978239,3.40389296683864,4.66893671804656,3.02932811975611,4.90459298377715,8.31947684556084,3.75821378708478,3.15617182321036,6.30202049237877,3.60948379590534,5.33184276183628
"STEP",16.5,17,18,4.30731788531191,1.05249357230897,3.18173216168824,1.77714599555736,2.82123944074517,1.20813419291382,1.95034818021145,3.90287218089678,11.4331597160653,3.75544523116123,1.90954071300396,5.29781118246135,2.18324752732011,1.98100850382454
"STEP",17,17.5,16,1.61900916716706,1.52922910231136,1.73226147137139,2.03833602562496,1.44445371546617,2.31976816530184,2.38272271034661,5.44894062496209,7.74906509224662,2.34690416814599,3.08685498499788,5.20818645534514,7.01617740901329,3.58286102153718
"STEP",17.5,18,15,2.33283777770831,2.52577406416191,4.40488839372176,3.51626072979297,2.11403831580321,4.11830732379466,2.34028612077472,7.78090434923124,24.3590669002968,5.74682881332703,3.71857514424928,9.52715060531625,7.86065383717564,7.72706105418734
"STEP",18,18.5,13,4.21634440069926,1.34516837214511,2.02316630181339,3.39389210050073,1.83382590254165,2.70690736215542,3.97701846295054,10.5889300041194,20.1993900480755,3.93966160728,7.52125986945807,7.2047117131699,5.62702946359422,9.5020382863952
"STEP",18.5,19,14,1.66340718819488,2.58836586106231,2.70543237108122,2.24641113329742,2.70543237108122,1.5253451381912,1.84339106255894,3.62231157559905,8.46032371148015,2.81740864961468,2.04097070392989,12.7303737089126,3.50508212821545,4.8179542828412
"STEP",19,19.5,14,1.09527600051082,2.4963716962196,3.90558243155558,1.95291290298313,2.94333498002426,1.2019930323279,2.17688181018584,2.63953004691952,4.27697488085334,1.43014405625593,2.88759884657152,11.495587400255,2.18442075033723,1.91408450221168
"STEP",19.5,20,12,2.67067888224877,1.49687286471032,4.16533207521763,1.5272394269719,2.87889853309155,0.645760457027412,0.895567893506862,3.87746105601054,4.57817512686431,2.40530858066415,2.12088452167596,3.84187282110697,2.66775076367936,3.84187282110697
"STEP",20,20.5,14,2.27089833064723,1.23702275439191,1.88259882977098,1.45988775184765,0.64239572939195,1.62177310817011,1.06632903312024,2.86688750897722,3.7317561160803,1.7330975995481,2.13579541151799,3.65230234196683,2.94173691499428,3.84501996540898
"STEP",20.5,21,10,1.15179850826729,1.73698461478445,2.13848200483962,2.41438659185177,1.78150156731285,1.57278438188557,1.12763672933735,2.55714567146708,3.63637150489208,1.9365397762685,1.73618126471047,1.7113952912186,1.67220457766694,3.23172517709645
"DESE",0,0.5,17,12.7466599581587,0.488910879356591,11.834592878103,0.47183236324263,1.50835975708058,3.76897990791637,1.89318375574766,4.54007640441203,13.8853582603727,2.06465243309075,3.09947312721806,8.56399950100737,15.2956268922445,7.49179879359523
"DESE",0.5,1,19,2.19541993646394,0.441625533174514,3.54566422563094,0.895162965707671,0.332757419177972,1.2143887589035,3.07260644084046,5.25106822514993,32.5034396833604,2.77957759002065,3.90925822120826,4.83095985967503,9.36590416470835,3.73295687681183
"DESE",1,1.5,17,2.38662054609028,0.36896554105489,1.93052111681873,1.11145466516546,0.341622063655985,1.03209011389822,0.806881442584403,5.25230070906088,17.4973614343769,3.61138218016235,1.67765135207497,11.0954552252793,5.29254644436221,3.66999292937018
"DESE",1.5,2,18,10.9564706592333,1.17509732742217,49.5205031103025,0.96901351555908,0.365043366272179,2.85356294574609,3.69769439588786,4.75128561186551,11.4812890066925,1.89506532625151,3.5177955089588,10.2549593149278,4.12328597016633,1.86926019368922
"DESE",2,2.5,19,5.72085998875893,0.68770637005073,7.84537860959798,2.31492112596389,0.864147925067169,0.617128194581147,2.31758059633581,4.18560645986385,20.338978749177,1.84238381628297,2.42008042515625,8.84509382631944,7.70705806599234,4.29923377427301
"DESE",2.5,3,20,1.32392338511079,1.54587463689075,6.7742824907769,1.55908946601307,1.36580754173918,0.704680607026251,2.0343850126963,4.80602939014264,24.4668231256379,2.53230066056279,3.04489620513553,10.1442708133435,10.8733133556119,4.84319202338088
"DESE",3,3.5,20,0.982779386839851,0.905425330140839,1.0569021949651,1.4836688505035,0.609527394768439,0.793249058111759,4.23772447556956,3.63741917019813,17.4598080957516,4.44245227980635,5.69753160232485,11.2608635109287,11.075996513809,2.77608792709082
"DESE",3.5,4,21,2.2629537596871,1.5751763210909,2.5158280228952,0.611806749250104,1.40181416428103,3.2212198773211,1.26848088978656,6.08353351437725,14.2985286220946,3.60253987361025,3.64337473145547,13.034405589486,2.87452760516147,5.95950659987244
"DESE",4,4.5,20,1.12964192943692,0.950142853758669,2.48069232980258,1.70400495981942,1.31552451086869,2.90909321400112,1.60383901796284,5.25171098695347,15.7267404044421,1.95847259144618,2.38361809449222,9.58754385158361,6.76402552707398,9.38274942482683
"DESE",4.5,5,18,0.68129955280255,2.33967050063307,8.39766215838483,3.07886944148451,1.92044918988641,4.8103493679265,1.35615101650605,3.38484310164906,29.9675859477095,1.21629927556829,2.6399916405606,7.97991145357816,7.07827416903027,10.1962832868315
"DESE",5,5.5,16,0.523899494311441,0.985134012503803,2.51973096356017,0.879210527809932,0.69539411598094,0.557154215708281,1.8800230278703,3.9430373928244,20.7752752988957,5.2795557430065,4.30870745611818,7.088652313856,6.35320649398551,1.37447003546829
"DESE",5.5,6,17,3.54462443962785,2.3369278416705,2.77700316282488,1.70809583369502,0.860106421370692,2.2756375251397,2.5826434506715,3.21943792736355,29.0542754898808,3.95118811340561,2.83757851332438,17.4749080560456,8.02698764083434,9.83764857798939
"DESE",6,6.5,14,1.43763161784073,1.34786149356065,6.77881445123541,1.03123966378911,1.39231785586093,0.514123395386205,1.75290361269994,5.75181719833424,11.6480972580409,2.22938721001722,2.34793081286782,4.43280486605599,6.42597433434458,4.12044685194356
"DESE",6.5,7,15,3.20793034751501,1.16280477962708,3.01016764513041,2.57064816902299,1.10610310060974,1.30600916128038,2.48881054549247,4.38971978701874,20.0884224797534,2.65067981308365,1.94501514657812,12.8534346714643,11.4975374225211,6.33451241336045
"DESE",7,7.5,14,3.75736782838433,1.62458119709034,2.15837179849974,0.780164401754086,1.08136084812312,2.33211149835616,2.63477336190256,4.37313774788836,9.50744757886822,1.69025923691555,3.01379435491899,3.96668406159078,3.67177739411958,1.89720701481299
"DESE",7.5,8,14,2.5706606170914,1.3115785458733,3.32163805790821,0.532389148060941,2.22277201814757,0.966151991128457,4.99154547263222,4.07371703799997,19.7059676862826,1.63190609605671,4.49230639150642,10.3393336198782,12.8965607339668,7.25328244194212
"DESE",8,8.5,16,3.78752659270487,1.99609404357654,1.01462244883339,2.60405354108482,2.59069300587815,2.78554404455063,2.47631088826916,6.40048643360988,34.2401355903185,3.66584362385276,2.43609975448443,11.9166137034399,6.49860161371541,5.09681767300119
"DESE",8.5,9,12,4.12290368443265,1.11375091890557,0.863982343851303,1.03459038884386,0.939539552111158,0.685741210839431,7.09904018992628,6.72005158380017,22.2676503875047,1.81816151403944,5.68606928728729,15.9269487434941,25.0567907837935,3.56907288611353
"DESE",9,9.5,12,11.2812824922665,0.519991689553505,0.757884803361044,2.78883246400627,0.632236996919468,1.47101251636139,2.61574732940117,3.57502923269602,11.8415541556324,2.96474959273657,2.29835167228919,13.6176014048573,18.0629995469092,8.12583789032059
"DESE",9.5,10,11,24.5365141886521,0.728624354918423,4.36493341477508,4.33401103392081,2.57761718024804,3.61349067987674,3.39177865151369,4.83805887897002,20.9711367142044,3.02329158147244,3.33950897956745,13.8595859861757,12.4665174436837,5.74171280109612
"DESE",10,10.5,9,7.91082619112399,0.612020875755254,0.998129313560303,1.75093721546003,0.998129313560303,0.790037239067016,2.17973098241912,7.35295424424665,14.5454443865646,1.61925124095747,3.33422389391312,5.15999090224489,2.80890974173262,3.53326916935779
"DESE",10.5,11,9,3.37593536591071,0.499746255539091,19.5187291335995,2.99518618721184,0.181175888401287,0.948369923133228,3.15351069762407,4.91753898615685,7.57800616050687,2.38747453047823,2.51250039023368,10.8861449154538,7.23707302940886,7.82291861679337
"DESE",11,11.5,6,97.1014054844071,1.23152091047843,20.7038054882411,9.82538361438084,7.10049524771112,9.58048557203844,3.78695466674265,5.94924175355093,13.2680969041817,4.43422838576373,9.26149437634801,15.7900518813916,6.11006420546406,12.0630560733238
"DESE",11.5,12,8,44.270927381743,2.34081077919878,85.7051769831047,11.0119335758547,8.28306659873911,12.622978098298,3.80339610222186,5.7662524435604,14.3270695619508,2.17610616601109,5.54680398308122,12.107060260785,5.42975592682342,12.1531344088399
"DESE",12,12.5,6,6.33349912733514,0.726423415710491,41.1206067635058,0.346619523219812,0.408489165038562,0.736256810237895,1.51550378550177,3.50096135161125,14.2395663735141,2.35428342705977,2.73989516027286,5.38300156851,4.14650161828429,3.10541679208206
"DESE",12.5,13,6,143.987495421442,5.65454789273275,76.6738326903568,17.9604085237507,9.68409762281203,18.6825190085519,6.24479619982812,13.089802580975,43.6439120039481,6.20306564688001,6.02392257182722,41.5996631746967,19.3443903232023,15.5712786554767
"DESE",13,13.5,5,10.1044077511038,1.12617519951974,1.9802416146288,4.18812307591911,2.38870890596379,0.834196554505534,2.26213843824232,7.17752704428634,30.9612211267985,4.00594414368672,3.82972339662714,21.6780920875546,10.0628902195634,3.15655788560068
"DESE",13.5,14,5,14.860574777615,0.859008611365434,200.429023965436,2.84644456399238,3.00466003176615,1.89568220052399,2.07023837144072,7.87958439822378,29.3775012042552,4.11310560587784,10.2844256770566,20.4469011558576,9.95873974884088,6.41943957591966
"DESE",14,14.5,5,48.8596027812493,2.74799046928147,23.5970449322051,16.0444293965985,11.4369882816429,4.64296194913496,2.15751715248725,3.75244570420891,60.6381196698966,3.07428621286487,2.22916827559568,26.2171335457416,29.502623853291,3.1116889083004
"DESE",14.5,15,5,3.40673461686483,1.92977842891861,8.7766071877204,2.70255298169729,3.20187017422624,2.09654482934837,6.36512285707357,10.9773247309575,19.2765060705491,5.36411038774491,6.795534300193,8.96018546855063,7.90809690441593,12.1873464286286
"DESE",15,15.5,4,13.7134230779957,2.20468493379856,48.0191449399707,22.2065899204314,6.23424084122122,2.4584722713557,7.47515585416448,7.19459707269603,39.7523059806174,2.90532713867267,9.82172917250356,28.535635698986,12.3056667386795,7.42785471500083
"DESE",15.5,16,2,4.44987334529011,1.24551939406435,159.918309245347,9.51054663000948,3.36224852385859,16.3215844644529,5.26168525242365,14.8508187092617,392558476.507763,4.23067578293396,5.86447196042064,60.3523158374109,61.9869214284237,3.44294759295168
"DESE",16,16.5,1,4.84622405586883,2.15593149218755,18.8859162770004,9.72998891176502,3.63357046379202,9.63946254788371,5.70286253718554,11.0655814954475,99.9999872630456,1.78512619127178,4.81405199225191,15.2640964558344,99.5881453481584,1.4543803859994
"DESE",16.5,17,1,4.54232431078091,0.718725209436757,34.2462968534986,18.4280046602763,2.57081068139154,10.2805457753211,18.9145990007257,27.0259506003387,770505650.080251,1.62641493177523,15.6506389790569,196.21431248017,37.8919332256767,7.38281408870562
"DESE",17,17.5,1,0.481263568400293,0.574044654676261,2.13943768278082,13.1076608516377,0.325680154456112,0.32268938894025,16.4275011678803,28.3693758785802,0.238830439026614,2.10941377817915,15.5058324228841,914.158158930641,4736.86222089897,4.15714914802011
"DESE",17.5,18,2,1.18859431148233,3.33411989498194,77.5345284099251,2.99924043991097,6.74589896835232,7.81587501156668,15.0920785210701,18.5752927425249,60.5179350581841,5.56153304965214,17.2750865529273,36.7279091910131,53.4841819165774,14.2169845757505
"DESE",18,18.5,3,4.73574155733225,1.19339030918412,8.9177292513113,1.25932192470738,2.02455602363862,1.23640953325783,6.86544545689018,21.395979468616,37.3273214238041,12.0151925486451,18.8780806489032,22.34494468055,17.8240709699655,15.416348458829
"DESE",18.5,19,2,0.414600879089441,1.83754744393433,10.7029370384976,1.00764772456436,3.66471071540534,2.36820299674462,2.56486612383953,4.3063031573734,379550453.554501,1.50652567979476,5.64722740370419,50.0914842836187,50.8174347391555,2.77062489773817
"DESE",19,19.5,2,0.557771529760712,1.8327680021067,25.9987135408625,10.0136997732444,4.80716638711912,4.62815729302351,8.37693763045022,16.0477659416227,53.445321989377,3.31484893696157,11.5845062540046,31.017015050308,31.725485676871,9.49369952354782
"DESE",19.5,20,2,1.05386263808349,1.65767284665887,76.2298898163154,7.11141773478356,5.41787431707237,0.732966750556269,3.50597177437521,15.934447153579,372733494.468259,3.73488668880758,6.29078881968329,516.523338183509,574.249240873672,3.11407642681199
"DESE",20,20.5,0,NA,NA,NA,NA,NA,NA,NA,NA,NA,NA,NA,NA,NA,NA
"DESE",20.5,21,0,NA,NA,NA,NA,NA,NA,NA,NA,NA,NA,NA,NA,NA,NA
"TUND",0,0.5,104,4.39521463731228,0.843072511516279,4.32798638921431,3.32028313143258,2.97116289083983,2.67417313879964,1.54689698260179,3.17733293446847,3.75049219898738,3.25101434442959,1.68067992289629,2.54814023858202,1.76154145301772,3.09849454845316
"TUND",0.5,1,111,2.44158154172474,0.723690056239465,3.34405106010968,1.31509309914628,2.29828416032201,1.43908049201434,1.63843971293268,2.6833478150531,4.57212961077325,2.26838871521635,2.24262087492151,1.60726970813117,1.86106550287932,2.61877614003741
"TUND",1,1.5,102,2.27938469616347,1.03388844508763,1.87834775911426,1.95340684469082,1.32900704315996,1.8711473247949,1.61304440457245,1.927092779536,4.69970311210277,2.64237960437291,2.22569041339544,5.29420965906764,2.01192633736468,3.8334982056821
"TUND",1.5,2,103,4.34200995502275,0.63125434866712,4.73623473673823,2.63863561930279,1.49484100938841,2.46562928055027,1.28503795977826,3.28079293705359,3.89558235045852,2.05554233700605,1.37435842925603,2.65220947626516,2.53335966742463,2.788633663671
"TUND",2,2.5,103,1.64675415086047,0.547534159172199,3.03856448587974,2.13911922840767,1.6740018970186,1.88936026970121,1.52095241846982,2.74432947821957,5.92384741226642,2.74800256370839,1.61136185837097,4.5439028514771,2.68924639032428,4.5085421618487
"TUND",2.5,3,103,2.8160284717136,0.943059586853155,3.40363865170112,3.93984899576936,1.60107502333336,1.58686364542076,1.36199339942425,2.41367647452051,4.23306858708251,1.39910312759573,1.29063382889186,3.12303025636924,1.49286813816851,2.42116217879377
"TUND",3,3.5,109,1.64726912660003,0.849327842245589,2.58373610794447,2.55534218178603,0.731022116143637,1.74910305250396,1.21074048858088,3.94876703112387,5.07567939205902,2.6145439708338,2.59684890960068,3.34255761716269,2.23687197506457,4.57389251324922
"TUND",3.5,4,106,4.09620618466664,1.55966130677921,2.7703886644489,3.2140049512919,1.11013783556456,2.24462486705492,1.47171179324342,4.02049578474939,4.87632384474934,1.58252419076693,3.22689042119501,2.7202373739499,2.41227832927729,2.51935974851679
"TUND",4,4.5,100,3.19814861123391,1.15981529565159,2.63651774007678,2.31080375664989,1.47825545934723,1.4926384441288,1.22914759766944,3.66407434632927,4.81533407083869,2.48529382944814,2.24596227106646,3.42413316026913,2.68757274905833,2.16981267518032
"TUND",4.5,5,102,1.26255624334237,0.833337931139193,1.33320800451606,1.76838757190413,1.00564774191595,1.41149656159648,1.221700011234,4.64876835823377,5.62737567122714,2.73666997180881,1.85086958970181,3.71813052201122,2.24708843146394,3.36004979244154
"TUND",5,5.5,105,1.74502094880025,0.702859617582003,1.49697779455199,1.87216343706347,0.919333887966533,1.72880132464009,1.59515967223855,3.6499277159346,5.51611089865101,1.92383040038837,2.48552688400461,4.49445523998018,3.0071989751517,2.83470631066009
"TUND",5.5,6,104,3.58177792748653,1.77781694759352,1.9233008957261,3.64122077873715,1.53679611603789,3.3652646056708,1.79749531480654,2.5850265137595,6.22439036081447,2.93039076887676,1.98138207313867,4.09719943087895,3.56122549280119,2.52403810566269
"TUND",6,6.5,97,2.02523992803482,1.29811297441499,2.0518732330031,1.5111629204489,1.33015237700045,1.98444315731447,1.85583843166186,2.2821229346139,4.93721025227429,2.4867705297234,2.33575474220475,3.40134779893954,2.46048659235412,3.32796263602503
"TUND",6.5,7,101,2.80973071247137,1.29783507973076,2.48971281507868,2.02149907471684,2.38531627468016,0.942705676109765,1.20764085577011,2.21380512223352,4.08321830201869,3.13885423734066,1.95463839213857,3.24170897392783,2.22888972206654,4.29662779960655
"TUND",7,7.5,97,2.69021898459403,0.992770636548031,1.92495311791195,0.974221879482504,1.35721088606144,1.99872776901719,1.84276724056221,2.78594939020935,5.00068745570733,2.36768110880429,2.23616038861942,4.49763029272895,3.30247399525644,5.08125350803307
"TUND",7.5,8,87,5.2025572979216,2.19353321294692,1.93221997701134,7.23106534066335,1.2277758517885,3.41171618510394,3.10316851666398,3.12681135144735,9.15303568682114,3.07083109827856,2.84314127850191,7.41929877938569,2.52755122564669,5.75197677723774
"TUND",8,8.5,92,1.61423263402586,1.29226346525949,3.32843487785267,5.37290099982289,2.88968052207857,2.89675871163189,1.67454556118994,3.10803828684571,5.92019957678248,2.45924682447824,1.97472738498033,4.99096936921205,3.84802974015469,2.86165605848979
"TUND",8.5,9,95,2.00599407450068,1.01030668844466,3.65146240022619,2.45977136539005,2.44766154828702,1.46961731188231,1.54460536819481,1.935471669907,5.32102917025152,2.22090889123638,2.02418362707068,4.76997000145403,2.67408358796248,5.06356948421551
"TUND",9,9.5,87,2.66219931562105,1.41433504506135,4.21875375043123,2.24362599630014,1.99221929069304,1.51871843285602,2.29164964089199,3.26812357060412,7.89879667148323,2.08789515183995,3.06845699651115,6.32480726597396,2.94829027994669,8.16439140163574
"TUND",9.5,10,78,9.62030854346677,2.27888704440244,6.3545110864687,6.4306164015907,3.0747692016446,5.2648014617533,1.73615883215819,2.62950279975672,11.0794770035971,5.08876124953024,2.35129207361644,7.16287840907484,4.02964557435149,7.03668598213205
"TUND",10,10.5,65,4.45892466328327,1.79065417459741,4.84286475768682,3.7547312436444,2.34520215164942,3.09575109424285,2.17003786000195,3.22706546911725,11.0396989968292,4.20678539699577,4.4717229561216,8.49275791478353,4.4717229561216,6.81602272489703
"TUND",10.5,11,54,3.74476938817694,2.37496739712019,9.85809274922832,4.376546213073,1.66252274828528,1.96582222001074,3.35817410485649,4.84914360324532,12.2535216095016,2.67019911075622,1.69372472897375,8.86099309929306,4.60401425998531,5.31156047283676
"TUND",11,11.5,45,18.0214903231994,2.71814721324789,15.4012098550027,12.0141490678275,6.71141078543162,9.02211829874054,8.59062646694547,7.6063016775134,20.7890122985847,8.3334864222369,10.0461980540881,17.835647269167,10.3340016096408,11.6692395679221
"TUND",11.5,12,40,15.6013495869417,3.97579071530983,12.8635584503201,9.55720949764515,8.86431972509757,7.16698454241136,9.04938887633017,5.65091899146635,12.429110687736,4.44192668441621,6.0185512154424,8.91528605408577,5.19280764635047,9.01879258703567
"TUND",12,12.5,33,3.84779763595546,1.87600637708482,2.69893861755867,2.65840736456691,1.88215535061593,1.98057190528226,2.46222111431602,2.40482227949299,12.0837111248597,1.97438620083224,2.4939024252483,4.47807929769455,3.23436965332362,3.41364918047622
"TUND",12.5,13,24,28.1708342129784,7.34142011558164,11.0144413445992,10.0225191463467,9.61113051638226,10.1843816484277,13.4843412344886,7.87460395198322,13.3089137790894,8.50218691202769,9.3684883302174,13.7976075761796,9.7247105544045,16.0614177245054
"TUND",13,13.5,28,1.60729512135452,0.824724885791052,2.40058090082552,1.55368269025081,0.956160885800625,1.19418914795588,2.6418472806184,3.21519506515982,8.74642409794252,3.6611889519469,4.03042400904915,8.25036205150656,5.59644333928803,7.93231387884466
"TUND",13.5,14,27,4.20966020905162,0.990379617848514,3.64906406456445,3.20866177718883,3.22669824448437,1.90280279002807,2.16436083564011,3.17435448325416,5.43987594926432,1.18961977405573,2.47207330483258,4.97096337317081,2.60197876168204,4.58720427110205
"TUND",14,14.5,17,9.98600455361022,1.79667898682579,13.2536352463892,5.36496771055005,10.0856301645464,4.68044478456829,8.63955844414001,10.5702088352746,6.68497907789208,4.90256179236922,7.16249271872758,8.6277697065701,8.15175435674242,10.0511666652475
"TUND",14.5,15,18,4.20782261255249,1.43326719785963,2.92689679914429,3.93539380358043,4.25291539766939,2.27851531391009,3.59696892077755,2.6937688899561,11.3968106564266,3.05901235381621,2.04333458277332,7.50808724128589,3.96585285632131,5.85805792815252
"TUND",15,15.5,18,3.87889830240506,1.21959469386073,7.56723859412949,2.40751465393776,7.75446583446117,1.72162157161406,4.30124212757646,5.52463497781727,4.44304740276244,2.53174299076277,4.90783484875648,6.51069744280297,3.59646199510443,6.29255060077607
"TUND",15.5,16,15,3.05089934139518,0.569699259498551,7.2084414735575,1.92653382961438,7.94183854090734,1.92653382961438,2.86229203016038,2.63306798803351,3.08745895732427,2.19006909166019,3.62129906532666,2.38959459143588,3.62129906532666,3.40886353891936
"TUND",16,16.5,8,4.62350861001898,1.58677394310358,8.80508568866451,0.926580413193615,9.31490535296669,0.798723645683838,0.516746675520487,1.69598412132706,8.73819799222093,0.70593862349574,1.06710203227789,3.97451115339765,1.33576442583492,3.60765261275793
"TUND",16.5,17,8,1.81341325199921,1.05797801080557,8.52448253878871,0.744798039161688,7.48455733605693,0.657989143128794,1.31201356793236,3.56427615054711,8.26021795004588,2.52214522675471,4.54413379942905,5.92203556516009,4.54413379942905,5.7438021308163
"TUND",17,17.5,14,1.32920337011801,0.412937527332638,3.10401346094764,2.00176358578936,2.85053114936268,1.8150659975501,0.951756931632063,3.15301018548727,3.95416779841321,1.47350417652836,1.73679707283862,4.68237438081843,1.95137640663911,4.36257912476398
"TUND",17.5,18,10,2.60454561393898,3.40176216230726,6.33953802018098,6.30028502988728,4.27334407226147,5.44291435569963,3.24981360039776,3.40132782817891,21.1204957047214,4.31447159034417,8.47493868344118,18.8281161768324,5.81420999085435,19.6898051013317
"TUND",18,18.5,9,3.58535791418452,2.11715686950298,8.86636927458372,7.58257169660149,4.63639412153712,7.25157253021611,6.43907573683347,2.27279036477887,13.9908573865416,3.6882427061285,8.48849083434032,12.6425288358717,8.48849083434032,16.024886649304
"TUND",18.5,19,10,2.36116645242653,0.714973305304375,6.82875958760629,0.769313624925814,6.82875958760629,0.776233636237772,1.80072603900851,2.06140870316995,5.09148218614176,3.32135502370149,2.34599729796686,3.02891146770486,2.34599729796686,3.08089331000953
"TUND",19,19.5,12,0.901618740262724,2.70104220101791,7.48965640744964,2.35986171196047,6.97971737426584,1.97881700607476,2.09746708763363,2.76095828511262,2.5860113836255,1.74294103918794,2.22247673772987,3.35006275423877,2.62973742055368,1.81411395795741
"TUND",19.5,20,12,0.547683967127018,2.10548613375915,12.7405832460137,0.883921134233983,10.855418488666,0.812873382073942,2.76036082759342,4.06996502668506,5.0100792767092,1.57951521124093,2.92231254313901,5.6122467282319,3.4752545182539,5.07206385431763
"TUND",20,20.5,11,0.71306478550473,1.77914314728463,2.63605440208592,2.5584157838231,2.06440853845393,1.9073845012499,1.06800750554415,2.63867265559027,3.83164782116845,1.23381746888413,2.22110806603047,3.8265056460987,2.56662783007137,3.8265056460987
"TUND",20.5,21,9,1.42374467914985,2.42490462560895,5.61035847243486,3.04946253832144,2.42292239203426,2.78539041328241,0.859136680430888,3.5754058214178,5.18803506508823,1.00113012256493,0.666136921185662,6.54351655692166,0.872643230057946,4.46223669337167
